sample_id,severity,method,base_si_sdr,base_lsd,base_hf_lsd,stoi,estoi,si_sdr,lsd,hf_lsd,delta_si_sdr_vs_base,delta_lsd_vs_base,delta_hf_lsd_vs_base
adaptive_shard_00000.pt:36,clean,zero,27.602043006025628,9.25740909576416,9.6227445602417,nan,nan,26.337106184148517,5.58152961730957,5.496503829956055,-1.2649368218771109,-3.67587947845459,-4.1262407302856445
adaptive_shard_00000.pt:36,clean,shuffled,27.602043006025628,9.25740909576416,9.6227445602417,nan,nan,26.374139873912416,5.587903022766113,5.506827354431152,-1.2279031321132123,-3.669506072998047,-4.115917205810547
adaptive_shard_00000.pt:36,clean,predicted,27.602043006025628,9.25740909576416,9.6227445602417,nan,nan,26.377698101176694,5.5839362144470215,5.501256465911865,-1.2243449048489339,-3.6734728813171387,-4.121488094329834
adaptive_shard_00000.pt:36,clean,oracle,27.602043006025628,9.25740909576416,9.6227445602417,nan,nan,26.383175555899868,5.587887763977051,5.507363796234131,-1.2188674501257601,-3.6695213317871094,-4.115380764007568
adaptive_shard_00000.pt:37,light,zero,21.10331335757964,13.981661796569824,16.92120933532715,nan,nan,21.05127442409404,12.216785430908203,14.90772819519043,-0.05203893348560129,-1.764876365661621,-2.0134811401367188
adaptive_shard_00000.pt:37,light,shuffled,21.10331335757964,13.981661796569824,16.92120933532715,nan,nan,21.06366420402186,12.216422080993652,14.90977668762207,-0.03964915355778231,-1.7652397155761719,-2.011432647705078
adaptive_shard_00000.pt:37,light,predicted,21.10331335757964,13.981661796569824,16.92120933532715,nan,nan,21.060297338330457,12.216620445251465,14.908941268920898,-0.0430160192491833,-1.7650413513183594,-2.01226806640625
adaptive_shard_00000.pt:37,light,oracle,21.10331335757964,13.981661796569824,16.92120933532715,nan,nan,21.06484434055798,12.215357780456543,14.907099723815918,-0.0384690170216615,-1.7663040161132812,-2.0141096115112305
adaptive_shard_00000.pt:38,medium,zero,17.322489169842513,14.166529655456543,15.905009269714355,nan,nan,17.3707597117801,14.685406684875488,16.89568519592285,0.04827054193758684,0.5188770294189453,0.9906759262084961
adaptive_shard_00000.pt:38,medium,shuffled,17.322489169842513,14.166529655456543,15.905009269714355,nan,nan,17.375406571858857,14.675719261169434,16.881872177124023,0.05291740201634454,0.5091896057128906,0.976862907409668
adaptive_shard_00000.pt:38,medium,predicted,17.322489169842513,14.166529655456543,15.905009269714355,nan,nan,17.37442208769543,14.681339263916016,16.890085220336914,0.051932917852916205,0.5148096084594727,0.9850759506225586
adaptive_shard_00000.pt:38,medium,oracle,17.322489169842513,14.166529655456543,15.905009269714355,nan,nan,17.373732844674812,14.685937881469727,16.896812438964844,0.051243674832299746,0.5194082260131836,0.9918031692504883
adaptive_shard_00000.pt:39,heavy,zero,14.987506080591599,15.342086791992188,16.65317726135254,nan,nan,15.037907246126807,15.184504508972168,16.82426643371582,0.05040116553520768,-0.15758228302001953,0.17108917236328125
adaptive_shard_00000.pt:39,heavy,shuffled,14.987506080591599,15.342086791992188,16.65317726135254,nan,nan,15.042282207213036,15.162257194519043,16.792917251586914,0.05477612662143727,-0.17982959747314453,0.139739990234375
adaptive_shard_00000.pt:39,heavy,predicted,14.987506080591599,15.342086791992188,16.65317726135254,nan,nan,15.0422176267025,15.163243293762207,16.794706344604492,0.054711546110901565,-0.17884349822998047,0.14152908325195312
adaptive_shard_00000.pt:39,heavy,oracle,14.987506080591599,15.342086791992188,16.65317726135254,nan,nan,15.042203692930546,15.16348934173584,16.795141220092773,0.054697612338946655,-0.17859745025634766,0.14196395874023438
adaptive_shard_00000.pt:44,clean,zero,27.757568308365403,10.225346565246582,10.672922134399414,nan,nan,25.955425393405605,6.286550045013428,5.330801010131836,-1.8021429149597985,-3.9387965202331543,-5.342121124267578
adaptive_shard_00000.pt:44,clean,shuffled,27.757568308365403,10.225346565246582,10.672922134399414,nan,nan,26.333104417101197,6.197176933288574,5.192785739898682,-1.4244638912642067,-4.028169631958008,-5.480136394500732
adaptive_shard_00000.pt:44,clean,predicted,27.757568308365403,10.225346565246582,10.672922134399414,nan,nan,25.977117469890054,6.2852067947387695,5.332268714904785,-1.7804508384753497,-3.9401397705078125,-5.340653419494629
adaptive_shard_00000.pt:44,clean,oracle,27.757568308365403,10.225346565246582,10.672922134399414,nan,nan,25.97206483486298,6.286195755004883,5.3362040519714355,-1.7855034735024233,-3.939150810241699,-5.3367180824279785
adaptive_shard_00000.pt:45,light,zero,24.89023039259019,13.909435272216797,15.211015701293945,nan,nan,24.25404393173054,11.053574562072754,11.443166732788086,-0.6361864608596512,-2.855860710144043,-3.7678489685058594
adaptive_shard_00000.pt:45,light,shuffled,24.89023039259019,13.909435272216797,15.211015701293945,nan,nan,24.273423597251917,11.050422668457031,11.442956924438477,-0.6168067953382739,-2.8590126037597656,-3.7680587768554688
adaptive_shard_00000.pt:45,light,predicted,24.89023039259019,13.909435272216797,15.211015701293945,nan,nan,24.27179557271129,11.051773071289062,11.436319351196289,-0.6184348198788996,-2.8576622009277344,-3.7746963500976562
adaptive_shard_00000.pt:45,light,oracle,24.89023039259019,13.909435272216797,15.211015701293945,nan,nan,24.265393118301937,11.0514554977417,11.447359085083008,-0.6248372742882538,-2.8579797744750977,-3.7636566162109375
adaptive_shard_00000.pt:46,medium,zero,19.801166194876924,13.736441612243652,15.817634582519531,nan,nan,19.833023970950133,14.394989967346191,16.118974685668945,0.03185777607320972,0.6585483551025391,0.30134010314941406
adaptive_shard_00000.pt:46,medium,shuffled,19.801166194876924,13.736441612243652,15.817634582519531,nan,nan,19.837841196726487,14.392340660095215,16.11787986755371,0.03667500184956296,0.6558990478515625,0.3002452850341797
adaptive_shard_00000.pt:46,medium,predicted,19.801166194876924,13.736441612243652,15.817634582519531,nan,nan,19.838646533540967,14.391585350036621,16.115314483642578,0.03748033866404299,0.6551437377929688,0.2976799011230469
adaptive_shard_00000.pt:46,medium,oracle,19.801166194876924,13.736441612243652,15.817634582519531,nan,nan,19.841558700821896,14.389097213745117,16.1094913482666,0.0403925059449719,0.6526556015014648,0.2918567657470703
adaptive_shard_00000.pt:47,heavy,zero,15.121345352608193,13.426857948303223,14.577459335327148,nan,nan,15.081748088279102,13.65923023223877,14.631333351135254,-0.03959726432909072,0.23237228393554688,0.05387401580810547
adaptive_shard_00000.pt:47,heavy,shuffled,15.121345352608193,13.426857948303223,14.577459335327148,nan,nan,15.078848145390502,13.659896850585938,14.63223648071289,-0.04249720721769101,0.23303890228271484,0.05477714538574219
adaptive_shard_00000.pt:47,heavy,predicted,15.121345352608193,13.426857948303223,14.577459335327148,nan,nan,15.093705671986438,13.607826232910156,14.59022045135498,-0.027639680621755147,0.1809682846069336,0.012761116027832031
adaptive_shard_00000.pt:47,heavy,oracle,15.121345352608193,13.426857948303223,14.577459335327148,nan,nan,15.093888188919372,13.606950759887695,14.589422225952148,-0.027457163688820785,0.18009281158447266,0.011962890625
adaptive_shard_00001.pt:40,clean,zero,17.08252374094135,12.059354782104492,12.742051124572754,nan,nan,17.114131258076704,7.270107269287109,5.959290504455566,0.03160751713535248,-4.789247512817383,-6.7827606201171875
adaptive_shard_00001.pt:40,clean,shuffled,17.08252374094135,12.059354782104492,12.742051124572754,nan,nan,17.125979204117233,7.318058967590332,6.00494909286499,0.04345546317588145,-4.74129581451416,-6.737102031707764
adaptive_shard_00001.pt:40,clean,predicted,17.08252374094135,12.059354782104492,12.742051124572754,nan,nan,17.111719170896357,7.267812728881836,5.95864200592041,0.029195429955006347,-4.791542053222656,-6.783409118652344
adaptive_shard_00001.pt:40,clean,oracle,17.08252374094135,12.059354782104492,12.742051124572754,nan,nan,17.108273545469572,7.265481948852539,5.957367420196533,0.025749804528221176,-4.793872833251953,-6.784683704376221
adaptive_shard_00001.pt:41,light,zero,17.79030621006661,16.004426956176758,19.343908309936523,nan,nan,17.852607028453736,11.790921211242676,12.737634658813477,0.062300818387125645,-4.213505744934082,-6.606273651123047
adaptive_shard_00001.pt:41,light,shuffled,17.79030621006661,16.004426956176758,19.343908309936523,nan,nan,17.854702935126763,11.78536319732666,12.732728004455566,0.0643967250601527,-4.219063758850098,-6.611180305480957
adaptive_shard_00001.pt:41,light,predicted,17.79030621006661,16.004426956176758,19.343908309936523,nan,nan,17.854637289713537,11.787297248840332,12.734375953674316,0.06433107964692653,-4.217129707336426,-6.609532356262207
adaptive_shard_00001.pt:41,light,oracle,17.79030621006661,16.004426956176758,19.343908309936523,nan,nan,17.854702935126763,11.78536319732666,12.732728004455566,0.0643967250601527,-4.219063758850098,-6.611180305480957
adaptive_shard_00001.pt:42,medium,zero,18.85289667003542,12.885488510131836,13.519089698791504,nan,nan,19.125715442021782,13.219846725463867,13.458030700683594,0.27281877198636195,0.33435821533203125,-0.061058998107910156
adaptive_shard_00001.pt:42,medium,shuffled,18.85289667003542,12.885488510131836,13.519089698791504,nan,nan,19.131522381292406,13.208236694335938,13.471969604492188,0.27862571125698565,0.32274818420410156,-0.047120094299316406
adaptive_shard_00001.pt:42,medium,predicted,18.85289667003542,12.885488510131836,13.519089698791504,nan,nan,19.131404974347863,13.218247413635254,13.45801830291748,0.27850830431244233,0.33275890350341797,-0.06107139587402344
adaptive_shard_00001.pt:42,medium,oracle,18.85289667003542,12.885488510131836,13.519089698791504,nan,nan,19.130468886833963,13.221702575683594,13.467896461486816,0.2775722167985428,0.3362140655517578,-0.0511932373046875
adaptive_shard_00001.pt:43,heavy,zero,15.884150872133267,13.697944641113281,13.906518936157227,nan,nan,15.898971431773905,13.632115364074707,13.794897079467773,0.014820559640638109,-0.06582927703857422,-0.11162185668945312
adaptive_shard_00001.pt:43,heavy,shuffled,15.884150872133267,13.697944641113281,13.906518936157227,nan,nan,15.90640536713552,13.63232135772705,13.79450798034668,0.02225449500225274,-0.06562328338623047,-0.11201095581054688
adaptive_shard_00001.pt:43,heavy,predicted,15.884150872133267,13.697944641113281,13.906518936157227,nan,nan,15.916951536811492,13.604937553405762,13.777715682983398,0.03280066467822529,-0.09300708770751953,-0.12880325317382812
adaptive_shard_00001.pt:43,heavy,oracle,15.884150872133267,13.697944641113281,13.906518936157227,nan,nan,15.917095951803441,13.604618072509766,13.777558326721191,0.03294507967017424,-0.09332656860351562,-0.12896060943603516
adaptive_shard_00001.pt:84,clean,zero,19.66548960604583,11.8839750289917,12.351991653442383,nan,nan,19.669930055761796,7.5650105476379395,7.007319927215576,0.004440449715964689,-4.31896448135376,-5.344671726226807
adaptive_shard_00001.pt:84,clean,shuffled,19.66548960604583,11.8839750289917,12.351991653442383,nan,nan,19.682835047726154,7.574864864349365,7.00405216217041,0.017345441680323148,-4.309110164642334,-5.347939491271973
adaptive_shard_00001.pt:84,clean,predicted,19.66548960604583,11.8839750289917,12.351991653442383,nan,nan,19.680125262144966,7.567267894744873,7.012217998504639,0.014635656099134309,-4.316707134246826,-5.339773654937744
adaptive_shard_00001.pt:84,clean,oracle,19.66548960604583,11.8839750289917,12.351991653442383,nan,nan,19.682900200347312,7.567347526550293,7.016286849975586,0.017410594301480842,-4.316627502441406,-5.335704803466797
adaptive_shard_00001.pt:85,light,zero,19.671317672326815,13.424459457397461,14.266913414001465,nan,nan,19.71967684070774,9.956999778747559,10.705126762390137,0.048359168380926576,-3.4674596786499023,-3.561786651611328
adaptive_shard_00001.pt:85,light,shuffled,19.671317672326815,13.424459457397461,14.266913414001465,nan,nan,19.734440319297736,9.954506874084473,10.70792007446289,0.06312264697092118,-3.4699525833129883,-3.558993339538574
adaptive_shard_00001.pt:85,light,predicted,19.671317672326815,13.424459457397461,14.266913414001465,nan,nan,19.72769192925959,9.956748008728027,10.705144882202148,0.05637425693277365,-3.4677114486694336,-3.5617685317993164
adaptive_shard_00001.pt:85,light,oracle,19.671317672326815,13.424459457397461,14.266913414001465,nan,nan,19.734158503637133,9.956186294555664,10.705531120300293,0.06284083131031792,-3.468273162841797,-3.561382293701172
adaptive_shard_00001.pt:86,medium,zero,19.809597035017195,11.908068656921387,12.17731761932373,nan,nan,20.212322473569124,11.537270545959473,12.49181842803955,0.4027254385519292,-0.37079811096191406,0.3145008087158203
adaptive_shard_00001.pt:86,medium,shuffled,19.809597035017195,11.908068656921387,12.17731761932373,nan,nan,20.224286781589264,11.53709602355957,12.493365287780762,0.41468974657206914,-0.3709726333618164,0.31604766845703125
adaptive_shard_00001.pt:86,medium,predicted,19.809597035017195,11.908068656921387,12.17731761932373,nan,nan,20.22203913311124,11.537147521972656,12.490313529968262,0.4124420980940471,-0.37092113494873047,0.31299591064453125
adaptive_shard_00001.pt:86,medium,oracle,19.809597035017195,11.908068656921387,12.17731761932373,nan,nan,20.224286781589264,11.53709602355957,12.493365287780762,0.41468974657206914,-0.3709726333618164,0.31604766845703125
adaptive_shard_00001.pt:87,heavy,zero,15.47175603347364,13.488886833190918,13.236479759216309,nan,nan,15.536703717190758,12.116251945495605,12.301889419555664,0.06494768371711679,-1.3726348876953125,-0.9345903396606445
adaptive_shard_00001.pt:87,heavy,shuffled,15.47175603347364,13.488886833190918,13.236479759216309,nan,nan,15.541652905230471,12.119028091430664,12.304611206054688,0.06989687175683024,-1.369858741760254,-0.9318685531616211
adaptive_shard_00001.pt:87,heavy,predicted,15.47175603347364,13.488886833190918,13.236479759216309,nan,nan,15.549986210209825,12.15373706817627,12.310815811157227,0.07823017673618438,-1.3351497650146484,-0.925663948059082
adaptive_shard_00001.pt:87,heavy,oracle,15.47175603347364,13.488886833190918,13.236479759216309,nan,nan,15.550032312947435,12.154008865356445,12.31091022491455,0.07827627947379412,-1.3348779678344727,-0.9255695343017578
adaptive_shard_00001.pt:92,clean,zero,26.41331357003057,12.11064624786377,12.402706146240234,nan,nan,25.893400071699986,8.18432903289795,7.939292907714844,-0.5199134983305846,-3.9263172149658203,-4.463413238525391
adaptive_shard_00001.pt:92,clean,shuffled,26.41331357003057,12.11064624786377,12.402706146240234,nan,nan,26.074433237053153,8.136489868164062,7.8257927894592285,-0.3388803329774177,-3.974156379699707,-4.576913356781006
adaptive_shard_00001.pt:92,clean,predicted,26.41331357003057,12.11064624786377,12.402706146240234,nan,nan,25.9062625424872,8.187485694885254,7.945009231567383,-0.5070510275433691,-3.9231605529785156,-4.457696914672852
adaptive_shard_00001.pt:92,clean,oracle,26.41331357003057,12.11064624786377,12.402706146240234,nan,nan,25.899178161623876,8.190516471862793,7.951271057128906,-0.5141354084066947,-3.9201297760009766,-4.451435089111328
adaptive_shard_00001.pt:93,light,zero,24.430419458638557,14.444050788879395,15.853589057922363,nan,nan,24.20158829433444,11.97055435180664,13.423067092895508,-0.22883116430411832,-2.473496437072754,-2.4305219650268555
adaptive_shard_00001.pt:93,light,shuffled,24.430419458638557,14.444050788879395,15.853589057922363,nan,nan,24.20897198533558,11.971928596496582,13.427000045776367,-0.22144747330297676,-2.4721221923828125,-2.426589012145996
adaptive_shard_00001.pt:93,light,predicted,24.430419458638557,14.444050788879395,15.853589057922363,nan,nan,24.215266883728177,11.964897155761719,13.410515785217285,-0.21515257491038042,-2.479153633117676,-2.443073272705078
adaptive_shard_00001.pt:93,light,oracle,24.430419458638557,14.444050788879395,15.853589057922363,nan,nan,24.211031714061072,11.970728874206543,13.424692153930664,-0.21938774457748522,-2.4733219146728516,-2.428896903991699
adaptive_shard_00001.pt:94,medium,zero,22.586670327345782,12.514188766479492,12.872649192810059,nan,nan,22.73097637621422,12.96573257446289,14.136499404907227,0.14430604886843668,0.45154380798339844,1.263850212097168
adaptive_shard_00001.pt:94,medium,shuffled,22.586670327345782,12.514188766479492,12.872649192810059,nan,nan,22.738184513125233,12.96658706665039,14.138062477111816,0.15151418577945108,0.45239830017089844,1.2654132843017578
adaptive_shard_00001.pt:94,medium,predicted,22.586670327345782,12.514188766479492,12.872649192810059,nan,nan,22.738890589383214,12.962888717651367,14.131237983703613,0.15222026203743155,0.448699951171875,1.2585887908935547
adaptive_shard_00001.pt:94,medium,oracle,22.586670327345782,12.514188766479492,12.872649192810059,nan,nan,22.737325622107637,12.967567443847656,14.139886856079102,0.15065529476185446,0.45337867736816406,1.267237663269043
adaptive_shard_00001.pt:95,heavy,zero,16.764891368140173,16.339994430541992,17.036136627197266,nan,nan,16.75397512673249,15.310906410217285,16.06396484375,-0.010916241407681326,-1.029088020324707,-0.9721717834472656
adaptive_shard_00001.pt:95,heavy,shuffled,16.764891368140173,16.339994430541992,17.036136627197266,nan,nan,16.757756931467554,15.312911987304688,16.066465377807617,-0.007134436672618705,-1.0270824432373047,-0.9696712493896484
adaptive_shard_00001.pt:95,heavy,predicted,16.764891368140173,16.339994430541992,17.036136627197266,nan,nan,16.768637801618183,15.337752342224121,16.08870506286621,0.0037464334780104025,-1.002242088317871,-0.9474315643310547
adaptive_shard_00001.pt:95,heavy,oracle,16.764891368140173,16.339994430541992,17.036136627197266,nan,nan,16.768723924958422,15.338031768798828,16.088956832885742,0.003832556818249344,-1.001962661743164,-0.9471797943115234
adaptive_shard_00002.pt:4,clean,zero,26.016798676759443,16.192007064819336,16.588640213012695,nan,nan,25.59628228853771,11.288764953613281,9.45922565460205,-0.4205163882217313,-4.903242111206055,-7.1294145584106445
adaptive_shard_00002.pt:4,clean,shuffled,26.016798676759443,16.192007064819336,16.588640213012695,nan,nan,25.751535895170452,11.298288345336914,9.480228424072266,-0.26526278158899075,-4.893718719482422,-7.10841178894043
adaptive_shard_00002.pt:4,clean,predicted,26.016798676759443,16.192007064819336,16.588640213012695,nan,nan,25.61625608481066,11.284882545471191,9.456979751586914,-0.4005425919487813,-4.9071245193481445,-7.131660461425781
adaptive_shard_00002.pt:4,clean,oracle,26.016798676759443,16.192007064819336,16.588640213012695,nan,nan,25.6155498923883,11.282377243041992,9.45525074005127,-0.4012487843711412,-4.909629821777344,-7.133389472961426
adaptive_shard_00002.pt:5,light,zero,25.37279540072271,18.21994972229004,20.114173889160156,nan,nan,25.211934723808014,14.931930541992188,14.792644500732422,-0.16086067691469452,-3.2880191802978516,-5.321529388427734
adaptive_shard_00002.pt:5,light,shuffled,25.37279540072271,18.21994972229004,20.114173889160156,nan,nan,25.23374190274399,14.926421165466309,14.788188934326172,-0.13905349797871835,-3.2935285568237305,-5.325984954833984
adaptive_shard_00002.pt:5,light,predicted,25.37279540072271,18.21994972229004,20.114173889160156,nan,nan,25.228232561666836,14.936511993408203,14.798678398132324,-0.14456283905587242,-3.283437728881836,-5.315495491027832
adaptive_shard_00002.pt:5,light,oracle,25.37279540072271,18.21994972229004,20.114173889160156,nan,nan,25.229068990371438,14.925230026245117,14.786561012268066,-0.14372641035127032,-3.294719696044922,-5.32761287689209
adaptive_shard_00002.pt:6,medium,zero,25.571714214688512,15.133769989013672,15.586050033569336,nan,nan,25.803007495420857,15.284732818603516,15.045673370361328,0.2312932807323449,0.15096282958984375,-0.5403766632080078
adaptive_shard_00002.pt:6,medium,shuffled,25.571714214688512,15.133769989013672,15.586050033569336,nan,nan,25.83217003126776,15.286971092224121,15.055587768554688,0.260455816579249,0.15320110321044922,-0.5304622650146484
adaptive_shard_00002.pt:6,medium,predicted,25.571714214688512,15.133769989013672,15.586050033569336,nan,nan,25.82906482860095,15.28410816192627,15.048354148864746,0.2573506139124362,0.15033817291259766,-0.5376958847045898
adaptive_shard_00002.pt:6,medium,oracle,25.571714214688512,15.133769989013672,15.586050033569336,nan,nan,25.83217003126776,15.286971092224121,15.055587768554688,0.260455816579249,0.15320110321044922,-0.5304622650146484
adaptive_shard_00002.pt:7,heavy,zero,20.095693822678072,14.340049743652344,13.826431274414062,nan,nan,20.20155928838959,14.873144149780273,14.074247360229492,0.105865465711517,0.5330944061279297,0.2478160858154297
adaptive_shard_00002.pt:7,heavy,shuffled,20.095693822678072,14.340049743652344,13.826431274414062,nan,nan,20.208902988931673,14.873226165771484,14.07284927368164,0.11320916625360056,0.5331764221191406,0.24641799926757812
adaptive_shard_00002.pt:7,heavy,predicted,20.095693822678072,14.340049743652344,13.826431274414062,nan,nan,20.222922887669064,14.835444450378418,14.069192886352539,0.12722906499099196,0.4953947067260742,0.24276161193847656
adaptive_shard_00002.pt:7,heavy,oracle,20.095693822678072,14.340049743652344,13.826431274414062,nan,nan,20.222674784263667,14.836386680603027,14.069218635559082,0.1269809615855948,0.4963369369506836,0.24278736114501953
adaptive_shard_00002.pt:40,clean,zero,23.715407886533054,10.648387908935547,10.350049018859863,nan,nan,23.271159789312502,6.566586494445801,6.434174060821533,-0.4442480972205516,-4.081801414489746,-3.91587495803833
adaptive_shard_00002.pt:40,clean,shuffled,23.715407886533054,10.648387908935547,10.350049018859863,nan,nan,23.31783899941952,6.577840328216553,6.43428897857666,-0.39756888711353255,-4.070547580718994,-3.915760040283203
adaptive_shard_00002.pt:40,clean,predicted,23.715407886533054,10.648387908935547,10.350049018859863,nan,nan,23.302966957517718,6.570522785186768,6.438592433929443,-0.4124409290153359,-4.077865123748779,-3.91145658493042
adaptive_shard_00002.pt:40,clean,oracle,23.715407886533054,10.648387908935547,10.350049018859863,nan,nan,23.31308280554755,6.571855068206787,6.441840171813965,-0.4023250809855057,-4.07653284072876,-3.9082088470458984
adaptive_shard_00002.pt:41,light,zero,21.052123412872202,11.801362991333008,12.67045783996582,nan,nan,21.015379759249093,9.59430980682373,10.917451858520508,-0.03674365362310894,-2.2070531845092773,-1.7530059814453125
adaptive_shard_00002.pt:41,light,shuffled,21.052123412872202,11.801362991333008,12.67045783996582,nan,nan,21.099067913956592,9.605685234069824,10.845208168029785,0.046944501084389856,-2.1956777572631836,-1.8252496719360352
adaptive_shard_00002.pt:41,light,predicted,21.052123412872202,11.801362991333008,12.67045783996582,nan,nan,21.01913940058425,9.595305442810059,10.908860206604004,-0.032984012287951,-2.206057548522949,-1.7615976333618164
adaptive_shard_00002.pt:41,light,oracle,21.052123412872202,11.801362991333008,12.67045783996582,nan,nan,21.03473943227954,9.595297813415527,10.92101764678955,-0.017383980592661885,-2.2060651779174805,-1.7494401931762695
adaptive_shard_00002.pt:42,medium,zero,19.083901453848686,13.060620307922363,13.679698944091797,nan,nan,19.084241188612136,12.231403350830078,13.922372817993164,0.00033973476345039444,-0.8292169570922852,0.2426738739013672
adaptive_shard_00002.pt:42,medium,shuffled,19.083901453848686,13.060620307922363,13.679698944091797,nan,nan,19.093591493371434,12.231538772583008,13.92192554473877,0.009690039522748606,-0.8290815353393555,0.24222660064697266
adaptive_shard_00002.pt:42,medium,predicted,19.083901453848686,13.060620307922363,13.679698944091797,nan,nan,19.09369972130542,12.232867240905762,13.920543670654297,0.009798267456734067,-0.8277530670166016,0.2408447265625
adaptive_shard_00002.pt:42,medium,oracle,19.083901453848686,13.060620307922363,13.679698944091797,nan,nan,19.093591493371434,12.231538772583008,13.92192554473877,0.009690039522748606,-0.8290815353393555,0.24222660064697266
adaptive_shard_00002.pt:43,heavy,zero,14.963406543655944,14.365139961242676,14.817743301391602,nan,nan,15.015020724594292,13.009599685668945,13.859587669372559,0.05161418093834769,-1.3555402755737305,-0.958155632019043
adaptive_shard_00002.pt:43,heavy,shuffled,14.963406543655944,14.365139961242676,14.817743301391602,nan,nan,15.022451828461548,13.012030601501465,13.861653327941895,0.059045284805604226,-1.353109359741211,-0.956089973449707
adaptive_shard_00002.pt:43,heavy,predicted,14.963406543655944,14.365139961242676,14.817743301391602,nan,nan,15.028770461163694,13.050030708312988,13.875811576843262,0.06536391750774939,-1.3151092529296875,-0.9419317245483398
adaptive_shard_00002.pt:43,heavy,oracle,14.963406543655944,14.365139961242676,14.817743301391602,nan,nan,15.028789690232207,13.050159454345703,13.87586784362793,0.06538314657626287,-1.3149805068969727,-0.9418754577636719
adaptive_shard_00002.pt:72,clean,zero,23.46623859436687,9.511873245239258,9.480996131896973,nan,nan,23.113980734812674,6.442779541015625,5.831963539123535,-0.35225785955419653,-3.069093704223633,-3.6490325927734375
adaptive_shard_00002.pt:72,clean,shuffled,23.46623859436687,9.511873245239258,9.480996131896973,nan,nan,23.317983890996153,6.519477844238281,5.894721984863281,-0.14825470337071778,-2.9923954010009766,-3.5862741470336914
adaptive_shard_00002.pt:72,clean,predicted,23.46623859436687,9.511873245239258,9.480996131896973,nan,nan,23.120615083821168,6.443812847137451,5.8336968421936035,-0.3456235105457033,-3.0680603981018066,-3.647299289703369
adaptive_shard_00002.pt:72,clean,oracle,23.46623859436687,9.511873245239258,9.480996131896973,nan,nan,23.114426519459723,6.442931652069092,5.833545207977295,-0.35181207490714783,-3.068941593170166,-3.6474509239196777
adaptive_shard_00002.pt:73,light,zero,16.049502161203787,13.320977210998535,15.991722106933594,nan,nan,16.126260008203733,11.455190658569336,13.356437683105469,0.07675784699994637,-1.8657865524291992,-2.635284423828125
adaptive_shard_00002.pt:73,light,shuffled,16.049502161203787,13.320977210998535,15.991722106933594,nan,nan,16.150296309040048,11.481313705444336,13.367685317993164,0.10079414783626106,-1.8396635055541992,-2.6240367889404297
adaptive_shard_00002.pt:73,light,predicted,16.049502161203787,13.320977210998535,15.991722106933594,nan,nan,16.127188124899202,11.453457832336426,13.354698181152344,0.0776859636954157,-1.8675193786621094,-2.63702392578125
adaptive_shard_00002.pt:73,light,oracle,16.049502161203787,13.320977210998535,15.991722106933594,nan,nan,16.127584362727042,11.452333450317383,13.352972030639648,0.07808220152325518,-1.8686437606811523,-2.6387500762939453
adaptive_shard_00002.pt:74,medium,zero,7.045112222745726,14.036253929138184,15.39621353149414,nan,nan,7.155928113483942,14.372764587402344,16.02339744567871,0.1108158907382153,0.33651065826416016,0.6271839141845703
adaptive_shard_00002.pt:74,medium,shuffled,7.045112222745726,14.036253929138184,15.39621353149414,nan,nan,7.154973388495157,14.369952201843262,16.02020835876465,0.10986116574943061,0.3336982727050781,0.6239948272705078
adaptive_shard_00002.pt:74,medium,predicted,7.045112222745726,14.036253929138184,15.39621353149414,nan,nan,7.154912378737497,14.370695114135742,16.020431518554688,0.10980015599177051,0.3344411849975586,0.6242179870605469
adaptive_shard_00002.pt:74,medium,oracle,7.045112222745726,14.036253929138184,15.39621353149414,nan,nan,7.154339805477629,14.369604110717773,16.019367218017578,0.10922758273190247,0.33335018157958984,0.6231536865234375
adaptive_shard_00002.pt:75,heavy,zero,7.4919275472114695,13.624129295349121,14.167668342590332,nan,nan,7.5464191241876355,13.962695121765137,14.735368728637695,0.05449157697616602,0.3385658264160156,0.5677003860473633
adaptive_shard_00002.pt:75,heavy,shuffled,7.4919275472114695,13.624129295349121,14.167668342590332,nan,nan,7.546193405647407,13.95656967163086,14.727779388427734,0.05426585843593745,0.3324403762817383,0.5601110458374023
adaptive_shard_00002.pt:75,heavy,predicted,7.4919275472114695,13.624129295349121,14.167668342590332,nan,nan,7.544185387316472,13.92321491241455,14.68710994720459,0.05225784010500245,0.2990856170654297,0.5194416046142578
adaptive_shard_00002.pt:75,heavy,oracle,7.4919275472114695,13.624129295349121,14.167668342590332,nan,nan,7.544206487398037,13.923531532287598,14.687488555908203,0.05227894018656709,0.29940223693847656,0.5198202133178711
adaptive_shard_00002.pt:88,clean,zero,16.733401614298895,11.190496444702148,11.26935863494873,nan,nan,16.90299403355448,8.544000625610352,7.79238224029541,0.16959241925558644,-2.646495819091797,-3.4769763946533203
adaptive_shard_00002.pt:88,clean,shuffled,16.733401614298895,11.190496444702148,11.26935863494873,nan,nan,16.904819131744638,8.544426918029785,7.797400951385498,0.17141751744574307,-2.6460695266723633,-3.4719576835632324
adaptive_shard_00002.pt:88,clean,predicted,16.733401614298895,11.190496444702148,11.26935863494873,nan,nan,16.90489318080435,8.54389762878418,7.795130729675293,0.1714915665054555,-2.6465988159179688,-3.4742279052734375
adaptive_shard_00002.pt:88,clean,oracle,16.733401614298895,11.190496444702148,11.26935863494873,nan,nan,16.904819131744638,8.544426918029785,7.797400951385498,0.17141751744574307,-2.6460695266723633,-3.4719576835632324
adaptive_shard_00002.pt:89,light,zero,17.012601538500512,13.1619234085083,13.110099792480469,nan,nan,17.179619467096746,9.895109176635742,9.350920677185059,0.1670179285962341,-3.2668142318725586,-3.75917911529541
adaptive_shard_00002.pt:89,light,shuffled,17.012601538500512,13.1619234085083,13.110099792480469,nan,nan,17.181893280616045,9.891205787658691,9.352002143859863,0.16929174211553288,-3.2707176208496094,-3.7580976486206055
adaptive_shard_00002.pt:89,light,predicted,17.012601538500512,13.1619234085083,13.110099792480469,nan,nan,17.181277554489675,9.895334243774414,9.350874900817871,0.16867601598916337,-3.2665891647338867,-3.7592248916625977
adaptive_shard_00002.pt:89,light,oracle,17.012601538500512,13.1619234085083,13.110099792480469,nan,nan,17.18196044893514,9.893967628479004,9.351252555847168,0.16935891043462803,-3.267955780029297,-3.758847236633301
adaptive_shard_00002.pt:90,medium,zero,20.065732362560354,12.704573631286621,11.791486740112305,nan,nan,20.631108929813795,11.586008071899414,11.025247573852539,0.5653765672534412,-1.118565559387207,-0.7662391662597656
adaptive_shard_00002.pt:90,medium,shuffled,20.065732362560354,12.704573631286621,11.791486740112305,nan,nan,20.644590725549342,11.587469100952148,11.027411460876465,0.5788583629889885,-1.1171045303344727,-0.7640752792358398
adaptive_shard_00002.pt:90,medium,predicted,20.065732362560354,12.704573631286621,11.791486740112305,nan,nan,20.63736871099541,11.589073181152344,11.026899337768555,0.5716363484350566,-1.1155004501342773,-0.76458740234375
adaptive_shard_00002.pt:90,medium,oracle,20.065732362560354,12.704573631286621,11.791486740112305,nan,nan,20.639939105043133,11.5881929397583,11.026833534240723,0.5742067424827795,-1.1163806915283203,-0.764653205871582
adaptive_shard_00002.pt:91,heavy,zero,16.39190800080852,14.090165138244629,14.036624908447266,nan,nan,16.63050390823487,12.513629913330078,12.389339447021484,0.23859590742635106,-1.5765352249145508,-1.6472854614257812
adaptive_shard_00002.pt:91,heavy,shuffled,16.39190800080852,14.090165138244629,14.036624908447266,nan,nan,16.634310098790248,12.514721870422363,12.390523910522461,0.24240209798172785,-1.5754432678222656,-1.6461009979248047
adaptive_shard_00002.pt:91,heavy,predicted,16.39190800080852,14.090165138244629,14.036624908447266,nan,nan,16.619568883150887,12.572831153869629,12.45905590057373,0.22766088234236648,-1.517333984375,-1.5775690078735352
adaptive_shard_00002.pt:91,heavy,oracle,16.39190800080852,14.090165138244629,14.036624908447266,nan,nan,16.61970661744858,12.5723237991333,12.458518028259277,0.22779861664005807,-1.5178413391113281,-1.5781068801879883
adaptive_shard_00002.pt:100,clean,zero,24.006297616594257,9.294772148132324,9.296223640441895,nan,nan,23.65102219764898,8.830551147460938,7.643008708953857,-0.3552754189452756,-0.4642210006713867,-1.653214931488037
adaptive_shard_00002.pt:100,clean,shuffled,24.006297616594257,9.294772148132324,9.296223640441895,nan,nan,23.675416273071225,8.829447746276855,7.642449855804443,-0.330881343523032,-0.46532440185546875,-1.6537737846374512
adaptive_shard_00002.pt:100,clean,predicted,24.006297616594257,9.294772148132324,9.296223640441895,nan,nan,23.672082479935614,8.828328132629395,7.641371250152588,-0.3342151366586421,-0.4664440155029297,-1.6548523902893066
adaptive_shard_00002.pt:100,clean,oracle,24.006297616594257,9.294772148132324,9.296223640441895,nan,nan,23.675416273071225,8.829447746276855,7.642449855804443,-0.330881343523032,-0.46532440185546875,-1.6537737846374512
adaptive_shard_00002.pt:101,light,zero,21.62360930875853,17.964210510253906,22.455137252807617,nan,nan,21.478927476565058,14.509995460510254,16.631694793701172,-0.14468183219347353,-3.4542150497436523,-5.823442459106445
adaptive_shard_00002.pt:101,light,shuffled,21.62360930875853,17.964210510253906,22.455137252807617,nan,nan,21.614067808416703,14.56374740600586,16.747478485107422,-0.009541500341828879,-3.400463104248047,-5.707658767700195
adaptive_shard_00002.pt:101,light,predicted,21.62360930875853,17.964210510253906,22.455137252807617,nan,nan,21.49584942147576,14.505902290344238,16.627912521362305,-0.127759887282771,-3.458308219909668,-5.8272247314453125
adaptive_shard_00002.pt:101,light,oracle,21.62360930875853,17.964210510253906,22.455137252807617,nan,nan,21.50222187467023,14.503571510314941,16.62558364868164,-0.12138743408830166,-3.460638999938965,-5.829553604125977
adaptive_shard_00002.pt:102,medium,zero,18.11135999827384,18.425094604492188,21.743907928466797,nan,nan,18.078101623194645,18.958881378173828,21.748096466064453,-0.033258375079196156,0.5337867736816406,0.00418853759765625
adaptive_shard_00002.pt:102,medium,shuffled,18.11135999827384,18.425094604492188,21.743907928466797,nan,nan,18.08482129388818,18.95335578918457,21.741567611694336,-0.026538704385661305,0.5282611846923828,-0.0023403167724609375
adaptive_shard_00002.pt:102,medium,predicted,18.11135999827384,18.425094604492188,21.743907928466797,nan,nan,18.085501157047126,18.955896377563477,21.746063232421875,-0.025858841226714446,0.5308017730712891,0.002155303955078125
adaptive_shard_00002.pt:102,medium,oracle,18.11135999827384,18.425094604492188,21.743907928466797,nan,nan,18.088326697239463,18.956348419189453,21.748184204101562,-0.02303330103437773,0.5312538146972656,0.004276275634765625
adaptive_shard_00002.pt:103,heavy,zero,15.477031342141414,16.385452270507812,18.0355167388916,nan,nan,15.428642944019305,17.791641235351562,19.31551170349121,-0.04838839812210871,1.40618896484375,1.2799949645996094
adaptive_shard_00002.pt:103,heavy,shuffled,15.477031342141414,16.385452270507812,18.0355167388916,nan,nan,15.43032671361976,17.787858963012695,19.311206817626953,-0.04670462852165436,1.4024066925048828,1.2756900787353516
adaptive_shard_00002.pt:103,heavy,predicted,15.477031342141414,16.385452270507812,18.0355167388916,nan,nan,15.451978675207146,17.712928771972656,19.26319694519043,-0.02505266693426833,1.3274765014648438,1.2276802062988281
adaptive_shard_00002.pt:103,heavy,oracle,15.477031342141414,16.385452270507812,18.0355167388916,nan,nan,15.452011868263071,17.712785720825195,19.26310157775879,-0.025019473878343135,1.3273334503173828,1.2275848388671875
adaptive_shard_00004.pt:0,clean,zero,25.854181858658546,12.487080574035645,12.849419593811035,nan,nan,24.914898923281157,7.142014026641846,6.893523693084717,-0.9392829353773884,-5.345066547393799,-5.955895900726318
adaptive_shard_00004.pt:0,clean,shuffled,25.854181858658546,12.487080574035645,12.849419593811035,nan,nan,25.152058558306138,7.047381401062012,6.717548370361328,-0.7021233003524081,-5.439699172973633,-6.131871223449707
adaptive_shard_00004.pt:0,clean,predicted,25.854181858658546,12.487080574035645,12.849419593811035,nan,nan,24.93398439135643,7.143331050872803,6.897671222686768,-0.9201974673021169,-5.343749523162842,-5.951748371124268
adaptive_shard_00004.pt:0,clean,oracle,25.854181858658546,12.487080574035645,12.849419593811035,nan,nan,24.932181472343995,7.146461009979248,6.904270648956299,-0.9220003863145507,-5.3406195640563965,-5.945148944854736
adaptive_shard_00004.pt:1,light,zero,23.183607338464917,14.778179168701172,15.792244911193848,nan,nan,23.020294900096445,10.075798988342285,10.510936737060547,-0.16331243836847165,-4.702380180358887,-5.281308174133301
adaptive_shard_00004.pt:1,light,shuffled,23.183607338464917,14.778179168701172,15.792244911193848,nan,nan,23.033744572713072,10.079068183898926,10.520821571350098,-0.14986276575184476,-4.699110984802246,-5.27142333984375
adaptive_shard_00004.pt:1,light,predicted,23.183607338464917,14.778179168701172,15.792244911193848,nan,nan,23.035570353522544,10.066757202148438,10.490728378295898,-0.14803698494237238,-4.711421966552734,-5.301516532897949
adaptive_shard_00004.pt:1,light,oracle,23.183607338464917,14.778179168701172,15.792244911193848,nan,nan,23.03220872470938,10.079339981079102,10.52079963684082,-0.15139861375553565,-4.69883918762207,-5.271445274353027
adaptive_shard_00004.pt:2,medium,zero,14.263605271369244,11.903316497802734,12.634258270263672,nan,nan,14.240673240514104,12.025609016418457,12.923229217529297,-0.02293203085513973,0.12229251861572266,0.288970947265625
adaptive_shard_00004.pt:2,medium,shuffled,14.263605271369244,11.903316497802734,12.634258270263672,nan,nan,14.243003555778511,12.025114059448242,12.925041198730469,-0.02060171559073254,0.12179756164550781,0.2907829284667969
adaptive_shard_00004.pt:2,medium,predicted,14.263605271369244,11.903316497802734,12.634258270263672,nan,nan,14.242750984711028,12.024107933044434,12.920454978942871,-0.020854286658215315,0.12079143524169922,0.2861967086791992
adaptive_shard_00004.pt:2,medium,oracle,14.263605271369244,11.903316497802734,12.634258270263672,nan,nan,14.243748605247934,12.021227836608887,12.911009788513184,-0.019856666121309985,0.11791133880615234,0.2767515182495117
adaptive_shard_00004.pt:3,heavy,zero,13.311169942081522,13.16478443145752,13.858634948730469,nan,nan,13.297240865089297,12.571403503417969,13.247944831848145,-0.01392907699222512,-0.5933809280395508,-0.6106901168823242
adaptive_shard_00004.pt:3,heavy,shuffled,13.311169942081522,13.16478443145752,13.858634948730469,nan,nan,13.298473726990032,12.574074745178223,13.25251579284668,-0.012696215091489549,-0.5907096862792969,-0.6061191558837891
adaptive_shard_00004.pt:3,heavy,predicted,13.311169942081522,13.16478443145752,13.858634948730469,nan,nan,13.306832266084745,12.559237480163574,13.22901439666748,-0.004337675996776369,-0.6055469512939453,-0.6296205520629883
adaptive_shard_00004.pt:3,heavy,oracle,13.311169942081522,13.16478443145752,13.858634948730469,nan,nan,13.306642203919399,12.55932903289795,13.22944450378418,-0.0045277381621229296,-0.6054553985595703,-0.6291904449462891
adaptive_shard_00004.pt:52,clean,zero,23.38176558715609,11.575600624084473,11.663564682006836,nan,nan,22.75236185665731,8.338829040527344,8.124397277832031,-0.6294037304987796,-3.236771583557129,-3.5391674041748047
adaptive_shard_00004.pt:52,clean,shuffled,23.38176558715609,11.575600624084473,11.663564682006836,nan,nan,22.76040785356325,8.341043472290039,8.128530502319336,-0.6213577335928377,-3.2345571517944336,-3.5350341796875
adaptive_shard_00004.pt:52,clean,predicted,23.38176558715609,11.575600624084473,11.663564682006836,nan,nan,22.762694383680532,8.340675354003906,8.127629280090332,-0.6190712034755563,-3.2349252700805664,-3.535935401916504
adaptive_shard_00004.pt:52,clean,oracle,23.38176558715609,11.575600624084473,11.663564682006836,nan,nan,22.76020461527284,8.342814445495605,8.131939888000488,-0.6215609718832482,-3.232786178588867,-3.5316247940063477
adaptive_shard_00004.pt:53,light,zero,16.733259529183997,14.136152267456055,14.847942352294922,nan,nan,16.822723925389628,12.100762367248535,12.882177352905273,0.0894643962056314,-2.0353899002075195,-1.9657649993896484
adaptive_shard_00004.pt:53,light,shuffled,16.733259529183997,14.136152267456055,14.847942352294922,nan,nan,16.824956567152554,12.10130500793457,12.886198043823242,0.09169703796855799,-2.0348472595214844,-1.9617443084716797
adaptive_shard_00004.pt:53,light,predicted,16.733259529183997,14.136152267456055,14.847942352294922,nan,nan,16.825223676324587,12.09577465057373,12.869404792785645,0.09196414714059031,-2.040377616882324,-1.9785375595092773
adaptive_shard_00004.pt:53,light,oracle,16.733259529183997,14.136152267456055,14.847942352294922,nan,nan,16.82489033497404,12.101690292358398,12.886643409729004,0.09163080579004301,-2.0344619750976562,-1.961298942565918
adaptive_shard_00004.pt:54,medium,zero,15.652200295301293,15.128652572631836,16.466705322265625,nan,nan,15.690622190634361,14.926881790161133,16.345104217529297,0.038421895333067724,-0.20177078247070312,-0.12160110473632812
adaptive_shard_00004.pt:54,medium,shuffled,15.652200295301293,15.128652572631836,16.466705322265625,nan,nan,15.692115115663201,14.925418853759766,16.3450870513916,0.039914820361907744,-0.2032337188720703,-0.12161827087402344
adaptive_shard_00004.pt:54,medium,predicted,15.652200295301293,15.128652572631836,16.466705322265625,nan,nan,15.692771349744215,14.925789833068848,16.343156814575195,0.040571054442921195,-0.20286273956298828,-0.12354850769042969
adaptive_shard_00004.pt:54,medium,oracle,15.652200295301293,15.128652572631836,16.466705322265625,nan,nan,15.693827481854647,14.927007675170898,16.34190559387207,0.04162718655335418,-0.2016448974609375,-0.12479972839355469
adaptive_shard_00004.pt:55,heavy,zero,14.269455144956659,14.620511054992676,15.574187278747559,nan,nan,14.295760638495072,14.42537784576416,15.45024299621582,0.026305493538412605,-0.19513320922851562,-0.12394428253173828
adaptive_shard_00004.pt:55,heavy,shuffled,14.269455144956659,14.620511054992676,15.574187278747559,nan,nan,14.3075101904675,14.408391952514648,15.426706314086914,0.03805504551084127,-0.21211910247802734,-0.14748096466064453
adaptive_shard_00004.pt:55,heavy,predicted,14.269455144956659,14.620511054992676,15.574187278747559,nan,nan,14.307616745447122,14.408166885375977,15.426281929016113,0.03816160049046324,-0.21234416961669922,-0.1479053497314453
adaptive_shard_00004.pt:55,heavy,oracle,14.269455144956659,14.620511054992676,15.574187278747559,nan,nan,14.3075101904675,14.408391952514648,15.426706314086914,0.03805504551084127,-0.21211910247802734,-0.14748096466064453
adaptive_shard_00004.pt:104,clean,zero,18.848633724776978,11.004125595092773,11.477302551269531,nan,nan,19.097915998490762,7.957580089569092,7.418711185455322,0.24928227371378497,-3.0465455055236816,-4.058591365814209
adaptive_shard_00004.pt:104,clean,shuffled,18.848633724776978,11.004125595092773,11.477302551269531,nan,nan,19.10012135175681,7.955924034118652,7.418828964233398,0.25148762697983074,-3.048201560974121,-4.058473587036133
adaptive_shard_00004.pt:104,clean,predicted,18.848633724776978,11.004125595092773,11.477302551269531,nan,nan,19.100804049446683,7.957343578338623,7.419417381286621,0.2521703246697058,-3.0467820167541504,-4.05788516998291
adaptive_shard_00004.pt:104,clean,oracle,18.848633724776978,11.004125595092773,11.477302551269531,nan,nan,19.10012135175681,7.955924034118652,7.418828964233398,0.25148762697983074,-3.048201560974121,-4.058473587036133
adaptive_shard_00004.pt:105,light,zero,18.61227943445471,12.220516204833984,14.028646469116211,nan,nan,18.847878472980923,10.055156707763672,11.123929023742676,0.2355990385262139,-2.1653594970703125,-2.904717445373535
adaptive_shard_00004.pt:105,light,shuffled,18.61227943445471,12.220516204833984,14.028646469116211,nan,nan,18.854073141316267,10.08415412902832,11.129964828491211,0.2417937068615572,-2.136362075805664,-2.898681640625
adaptive_shard_00004.pt:105,light,predicted,18.61227943445471,12.220516204833984,14.028646469116211,nan,nan,18.85019405330068,10.052891731262207,11.122754096984863,0.23791461884596998,-2.1676244735717773,-2.9058923721313477
adaptive_shard_00004.pt:105,light,oracle,18.61227943445471,12.220516204833984,14.028646469116211,nan,nan,18.850932359129096,10.053016662597656,11.122060775756836,0.23865292467438692,-2.167499542236328,-2.906585693359375
adaptive_shard_00004.pt:106,medium,zero,18.486195381721725,14.00589656829834,14.55781078338623,nan,nan,18.907102187606515,13.182904243469238,13.450904846191406,0.42090680588479046,-0.8229923248291016,-1.1069059371948242
adaptive_shard_00004.pt:106,medium,shuffled,18.486195381721725,14.00589656829834,14.55781078338623,nan,nan,18.906914053579822,13.189270973205566,13.454852104187012,0.4207186718580971,-0.8166255950927734,-1.1029586791992188
adaptive_shard_00004.pt:106,medium,predicted,18.486195381721725,14.00589656829834,14.55781078338623,nan,nan,18.908996192220574,13.183341979980469,13.450542449951172,0.422800810498849,-0.8225545883178711,-1.1072683334350586
adaptive_shard_00004.pt:106,medium,oracle,18.486195381721725,14.00589656829834,14.55781078338623,nan,nan,18.910336288198998,13.180065155029297,13.448625564575195,0.4241409064772732,-0.825831413269043,-1.1091852188110352
adaptive_shard_00004.pt:107,heavy,zero,14.962728687810268,13.955985069274902,13.876787185668945,nan,nan,15.036397848888303,13.485462188720703,13.417359352111816,0.07366916107803512,-0.4705228805541992,-0.4594278335571289
adaptive_shard_00004.pt:107,heavy,shuffled,14.962728687810268,13.955985069274902,13.876787185668945,nan,nan,15.038612211799576,13.48563289642334,13.419051170349121,0.07588352398930809,-0.4703521728515625,-0.4577360153198242
adaptive_shard_00004.pt:107,heavy,predicted,14.962728687810268,13.955985069274902,13.876787185668945,nan,nan,15.04234874115966,13.489326477050781,13.43216609954834,0.0796200533493927,-0.4666585922241211,-0.44462108612060547
adaptive_shard_00004.pt:107,heavy,oracle,14.962728687810268,13.955985069274902,13.876787185668945,nan,nan,15.04238080492656,13.489300727844238,13.43205738067627,0.07965211711629294,-0.46668434143066406,-0.4447298049926758
adaptive_shard_00005.pt:40,clean,zero,22.659368946827193,13.769529342651367,13.993318557739258,nan,nan,22.775438840188134,8.942981719970703,7.532766342163086,0.11606989336094031,-4.826547622680664,-6.460552215576172
adaptive_shard_00005.pt:40,clean,shuffled,22.659368946827193,13.769529342651367,13.993318557739258,nan,nan,22.80036678025227,8.935476303100586,7.527639389038086,0.14099783342507521,-4.834053039550781,-6.465679168701172
adaptive_shard_00005.pt:40,clean,predicted,22.659368946827193,13.769529342651367,13.993318557739258,nan,nan,22.798411553727536,8.937865257263184,7.529087543487549,0.1390426069003432,-4.831664085388184,-6.464231014251709
adaptive_shard_00005.pt:40,clean,oracle,22.659368946827193,13.769529342651367,13.993318557739258,nan,nan,22.805730075588514,8.933939933776855,7.526472568511963,0.14636112876132046,-4.835589408874512,-6.466845989227295
adaptive_shard_00005.pt:41,light,zero,22.3215111697205,17.49944305419922,20.381620407104492,nan,nan,22.231554777080383,11.295794486999512,11.62516975402832,-0.08995639264011857,-6.203648567199707,-8.756450653076172
adaptive_shard_00005.pt:41,light,shuffled,22.3215111697205,17.49944305419922,20.381620407104492,nan,nan,22.263474098013422,11.315990447998047,11.64807415008545,-0.058037071707079946,-6.183452606201172,-8.733546257019043
adaptive_shard_00005.pt:41,light,predicted,22.3215111697205,17.49944305419922,20.381620407104492,nan,nan,22.24690470151164,11.292325973510742,11.6222505569458,-0.07460646820886296,-6.207117080688477,-8.759369850158691
adaptive_shard_00005.pt:41,light,oracle,22.3215111697205,17.49944305419922,20.381620407104492,nan,nan,22.259314989228734,11.288505554199219,11.619036674499512,-0.06219618049176745,-6.2109375,-8.76258373260498
adaptive_shard_00005.pt:42,medium,zero,15.486427186882466,14.489904403686523,16.47258186340332,nan,nan,15.581770138908364,13.639946937561035,14.225105285644531,0.0953429520258986,-0.8499574661254883,-2.247476577758789
adaptive_shard_00005.pt:42,medium,shuffled,15.486427186882466,14.489904403686523,16.47258186340332,nan,nan,15.587329174800246,13.633207321166992,14.220146179199219,0.10090198791777993,-0.8566970825195312,-2.2524356842041016
adaptive_shard_00005.pt:42,medium,predicted,15.486427186882466,14.489904403686523,16.47258186340332,nan,nan,15.585578696016986,13.640752792358398,14.227375984191895,0.09915150913452031,-0.849151611328125,-2.245205879211426
adaptive_shard_00005.pt:42,medium,oracle,15.486427186882466,14.489904403686523,16.47258186340332,nan,nan,15.585923776247439,13.634929656982422,14.221230506896973,0.09949658936497308,-0.8549747467041016,-2.2513513565063477
adaptive_shard_00005.pt:43,heavy,zero,13.403021171471662,12.111455917358398,12.7537202835083,nan,nan,13.315807349076724,12.712706565856934,12.999406814575195,-0.08721382239493813,0.6012506484985352,0.24568653106689453
adaptive_shard_00005.pt:43,heavy,shuffled,13.403021171471662,12.111455917358398,12.7537202835083,nan,nan,13.317400610471415,12.711540222167969,12.996909141540527,-0.08562056100024762,0.6000843048095703,0.24318885803222656
adaptive_shard_00005.pt:43,heavy,predicted,13.403021171471662,12.111455917358398,12.7537202835083,nan,nan,13.336678693019978,12.666731834411621,12.99455738067627,-0.06634247845168417,0.5552759170532227,0.24083709716796875
adaptive_shard_00005.pt:43,heavy,oracle,13.403021171471662,12.111455917358398,12.7537202835083,nan,nan,13.337096399850905,12.66585636138916,12.994649887084961,-0.06592477162075738,0.5544004440307617,0.24092960357666016
adaptive_shard_00005.pt:52,clean,zero,-5.522455471124578,8.45405387878418,9.672224044799805,nan,nan,-5.127975874299074,7.968494415283203,7.381570339202881,0.39447959682550415,-0.48555946350097656,-2.290653705596924
adaptive_shard_00005.pt:52,clean,shuffled,-5.522455471124578,8.45405387878418,9.672224044799805,nan,nan,-5.160856371315672,7.849404335021973,7.174164295196533,0.36159909980890603,-0.604649543762207,-2.4980597496032715
adaptive_shard_00005.pt:52,clean,predicted,-5.522455471124578,8.45405387878418,9.672224044799805,nan,nan,-5.124810926857085,7.9736857414245605,7.39242696762085,0.39764454426749296,-0.48036813735961914,-2.279797077178955
adaptive_shard_00005.pt:52,clean,oracle,-5.522455471124578,8.45405387878418,9.672224044799805,nan,nan,-5.123247414901696,7.974798679351807,7.395649433135986,0.39920805622288213,-0.47925519943237305,-2.2765746116638184
adaptive_shard_00005.pt:53,light,zero,-5.948755524979563,10.173477172851562,10.291996002197266,nan,nan,-5.642826779919293,8.60809326171875,7.653142929077148,0.3059287450602701,-1.5653839111328125,-2.638853073120117
adaptive_shard_00005.pt:53,light,shuffled,-5.948755524979563,10.173477172851562,10.291996002197266,nan,nan,-5.638186181104765,8.61192798614502,7.665807723999023,0.31056934387479807,-1.561549186706543,-2.626188278198242
adaptive_shard_00005.pt:53,light,predicted,-5.948755524979563,10.173477172851562,10.291996002197266,nan,nan,-5.6400578213799335,8.612545013427734,7.664422512054443,0.30869770359962967,-1.5609321594238281,-2.6275734901428223
adaptive_shard_00005.pt:53,light,oracle,-5.948755524979563,10.173477172851562,10.291996002197266,nan,nan,-5.639734946549593,8.608894348144531,7.658539772033691,0.30902057842997,-1.5645828247070312,-2.633456230163574
adaptive_shard_00005.pt:54,medium,zero,-4.16900831887684,10.217909812927246,9.51679801940918,nan,nan,-3.879368853049174,9.984139442443848,9.241386413574219,0.2896394658276664,-0.23377037048339844,-0.27541160583496094
adaptive_shard_00005.pt:54,medium,shuffled,-4.16900831887684,10.217909812927246,9.51679801940918,nan,nan,-3.8765042488937445,9.986312866210938,9.245180130004883,0.29250406998309586,-0.2315969467163086,-0.2716178894042969
adaptive_shard_00005.pt:54,medium,predicted,-4.16900831887684,10.217909812927246,9.51679801940918,nan,nan,-3.878160374005014,9.984956741333008,9.242700576782227,0.2908479448718264,-0.23295307159423828,-0.2740974426269531
adaptive_shard_00005.pt:54,medium,oracle,-4.16900831887684,10.217909812927246,9.51679801940918,nan,nan,-3.882489956993961,9.981009483337402,9.233888626098633,0.28651836188287927,-0.23690032958984375,-0.2829093933105469
adaptive_shard_00005.pt:55,heavy,zero,-2.5459663099922407,12.41128158569336,11.656725883483887,nan,nan,-2.287731503802825,11.001553535461426,10.591240882873535,0.2582348061894155,-1.4097280502319336,-1.0654850006103516
adaptive_shard_00005.pt:55,heavy,shuffled,-2.5459663099922407,12.41128158569336,11.656725883483887,nan,nan,-2.3073436444121427,11.030135154724121,10.593422889709473,0.23862266558009804,-1.3811464309692383,-1.063302993774414
adaptive_shard_00005.pt:55,heavy,predicted,-2.5459663099922407,12.41128158569336,11.656725883483887,nan,nan,-2.3060838098690866,11.028666496276855,10.593222618103027,0.23988250012315415,-1.382615089416504,-1.0635032653808594
adaptive_shard_00005.pt:55,heavy,oracle,-2.5459663099922407,12.41128158569336,11.656725883483887,nan,nan,-2.30671924505835,11.029420852661133,10.593339920043945,0.23924706493389092,-1.3818607330322266,-1.0633859634399414
adaptive_shard_00005.pt:124,clean,zero,22.80727507005695,11.454667091369629,11.644760131835938,nan,nan,22.352621427078,7.788766860961914,7.300775527954102,-0.4546536429789505,-3.665900230407715,-4.343984603881836
adaptive_shard_00005.pt:124,clean,shuffled,22.80727507005695,11.454667091369629,11.644760131835938,nan,nan,22.370041066599352,7.790320873260498,7.304930210113525,-0.437234003457597,-3.664346218109131,-4.339829921722412
adaptive_shard_00005.pt:124,clean,predicted,22.80727507005695,11.454667091369629,11.644760131835938,nan,nan,22.367895309727896,7.7894792556762695,7.30282735824585,-0.4393797603290537,-3.6651878356933594,-4.341932773590088
adaptive_shard_00005.pt:124,clean,oracle,22.80727507005695,11.454667091369629,11.644760131835938,nan,nan,22.370041066599352,7.790320873260498,7.304930210113525,-0.437234003457597,-3.664346218109131,-4.339829921722412
adaptive_shard_00005.pt:125,light,zero,21.892756570212303,12.816526412963867,13.791234970092773,nan,nan,21.647492197258863,10.821532249450684,11.317005157470703,-0.2452643729534394,-1.9949941635131836,-2.4742298126220703
adaptive_shard_00005.pt:125,light,shuffled,21.892756570212303,12.816526412963867,13.791234970092773,nan,nan,21.66187848478137,10.820571899414062,11.316123008728027,-0.23087808543093402,-1.9959545135498047,-2.475111961364746
adaptive_shard_00005.pt:125,light,predicted,21.892756570212303,12.816526412963867,13.791234970092773,nan,nan,21.659298562361894,10.819334983825684,11.31218147277832,-0.23345800785040893,-1.9971914291381836,-2.479053497314453
adaptive_shard_00005.pt:125,light,oracle,21.892756570212303,12.816526412963867,13.791234970092773,nan,nan,21.6597812238841,10.821991920471191,11.319562911987305,-0.23297534632820316,-1.9945344924926758,-2.4716720581054688
adaptive_shard_00005.pt:126,medium,zero,17.937282475103203,14.491254806518555,15.414246559143066,nan,nan,17.957397310832704,14.533349990844727,15.743974685668945,0.020114835729501124,0.042095184326171875,0.3297281265258789
adaptive_shard_00005.pt:126,medium,shuffled,17.937282475103203,14.491254806518555,15.414246559143066,nan,nan,17.962961463820367,14.532607078552246,15.7427339553833,0.02567898871716423,0.041352272033691406,0.3284873962402344
adaptive_shard_00005.pt:126,medium,predicted,17.937282475103203,14.491254806518555,15.414246559143066,nan,nan,17.962994270417333,14.532014846801758,15.742122650146484,0.02571179531413037,0.040760040283203125,0.32787609100341797
adaptive_shard_00005.pt:126,medium,oracle,17.937282475103203,14.491254806518555,15.414246559143066,nan,nan,17.96345618330855,14.53226375579834,15.742334365844727,0.02617370820534859,0.041008949279785156,0.32808780670166016
adaptive_shard_00005.pt:127,heavy,zero,14.467455421600132,15.634847640991211,16.306962966918945,nan,nan,14.364215686142774,15.043827056884766,15.763638496398926,-0.10323973545735754,-0.5910205841064453,-0.5433244705200195
adaptive_shard_00005.pt:127,heavy,shuffled,14.467455421600132,15.634847640991211,16.306962966918945,nan,nan,14.389362175561448,15.06247615814209,15.792060852050781,-0.07809324603868362,-0.5723714828491211,-0.5149021148681641
adaptive_shard_00005.pt:127,heavy,predicted,14.467455421600132,15.634847640991211,16.306962966918945,nan,nan,14.388563685229494,15.061429977416992,15.790260314941406,-0.07889173637063784,-0.5734176635742188,-0.5167026519775391
adaptive_shard_00005.pt:127,heavy,oracle,14.467455421600132,15.634847640991211,16.306962966918945,nan,nan,14.389049580269242,15.06203842163086,15.79129695892334,-0.07840584133088946,-0.5728092193603516,-0.5156660079956055
adaptive_shard_00006.pt:36,clean,zero,19.4574515180908,9.595833778381348,9.931639671325684,nan,nan,19.74567197936532,7.954237461090088,7.750230312347412,0.28822046127451983,-1.6415963172912598,-2.1814093589782715
adaptive_shard_00006.pt:36,clean,shuffled,19.4574515180908,9.595833778381348,9.931639671325684,nan,nan,19.754858949155775,7.981739521026611,7.76443338394165,0.29740743106497547,-1.6140942573547363,-2.167206287384033
adaptive_shard_00006.pt:36,clean,predicted,19.4574515180908,9.595833778381348,9.931639671325684,nan,nan,19.753984147243486,7.955878734588623,7.752985954284668,0.2965326291526864,-1.6399550437927246,-2.1786537170410156
adaptive_shard_00006.pt:36,clean,oracle,19.4574515180908,9.595833778381348,9.931639671325684,nan,nan,19.756432868145765,7.956534385681152,7.754527568817139,0.29898135005496584,-1.6392993927001953,-2.177112102508545
adaptive_shard_00006.pt:37,light,zero,17.513675430361445,12.656329154968262,13.885393142700195,nan,nan,17.634545081334547,10.727197647094727,11.3074951171875,0.12086965097310198,-1.9291315078735352,-2.5778980255126953
adaptive_shard_00006.pt:37,light,shuffled,17.513675430361445,12.656329154968262,13.885393142700195,nan,nan,17.643805784900724,10.748464584350586,11.2908935546875,0.13013035453927912,-1.9078645706176758,-2.5944995880126953
adaptive_shard_00006.pt:37,light,predicted,17.513675430361445,12.656329154968262,13.885393142700195,nan,nan,17.638654659294374,10.72706127166748,11.307316780090332,0.12497922893292923,-1.9292678833007812,-2.5780763626098633
adaptive_shard_00006.pt:37,light,oracle,17.513675430361445,12.656329154968262,13.885393142700195,nan,nan,17.640241812849734,10.727283477783203,11.306650161743164,0.12656638248828855,-1.9290456771850586,-2.5787429809570312
adaptive_shard_00006.pt:38,medium,zero,16.904126029378258,13.772476196289062,13.52605152130127,nan,nan,17.063003688959565,13.45164680480957,13.591584205627441,0.15887765958130728,-0.3208293914794922,0.06553268432617188
adaptive_shard_00006.pt:38,medium,shuffled,16.904126029378258,13.772476196289062,13.52605152130127,nan,nan,17.066568206893024,13.451554298400879,13.59157657623291,0.16244217751476597,-0.3209218978881836,0.06552505493164062
adaptive_shard_00006.pt:38,medium,predicted,16.904126029378258,13.772476196289062,13.52605152130127,nan,nan,17.062830532621376,13.450675010681152,13.57473087310791,0.15870450324311847,-0.32180118560791016,0.048679351806640625
adaptive_shard_00006.pt:38,medium,oracle,16.904126029378258,13.772476196289062,13.52605152130127,nan,nan,17.06460891919538,13.451626777648926,13.5875883102417,0.16048288981712133,-0.3208494186401367,0.06153678894042969
adaptive_shard_00006.pt:39,heavy,zero,14.486165056661491,15.548810958862305,15.677610397338867,nan,nan,14.562506091539934,14.700302124023438,14.959977149963379,0.07634103487844257,-0.8485088348388672,-0.7176332473754883
adaptive_shard_00006.pt:39,heavy,shuffled,14.486165056661491,15.548810958862305,15.677610397338867,nan,nan,14.563232561853287,14.703680992126465,14.962305068969727,0.0770675051917955,-0.8451299667358398,-0.7153053283691406
adaptive_shard_00006.pt:39,heavy,predicted,14.486165056661491,15.548810958862305,15.677610397338867,nan,nan,14.561643799042761,14.726550102233887,14.980351448059082,0.07547874238126973,-0.822260856628418,-0.6972589492797852
adaptive_shard_00006.pt:39,heavy,oracle,14.486165056661491,15.548810958862305,15.677610397338867,nan,nan,14.56161102287917,14.726818084716797,14.980420112609863,0.07544596621767852,-0.8219928741455078,-0.6971902847290039
adaptive_shard_00006.pt:56,clean,zero,32.31270275833557,7.1346964836120605,7.258840084075928,nan,nan,28.16595904090525,6.675111293792725,6.499129772186279,-4.1467437174303186,-0.45958518981933594,-0.7597103118896484
adaptive_shard_00006.pt:56,clean,shuffled,32.31270275833557,7.1346964836120605,7.258840084075928,nan,nan,28.252131083224825,6.670480251312256,6.496211051940918,-4.060571675110744,-0.4642162322998047,-0.7626290321350098
adaptive_shard_00006.pt:56,clean,predicted,32.31270275833557,7.1346964836120605,7.258840084075928,nan,nan,28.228054346571003,6.6734538078308105,6.498373508453369,-4.084648411764565,-0.46124267578125,-0.7604665756225586
adaptive_shard_00006.pt:56,clean,oracle,32.31270275833557,7.1346964836120605,7.258840084075928,nan,nan,28.23913088363951,6.675476551055908,6.50040864944458,-4.073571874696057,-0.45921993255615234,-0.7584314346313477
adaptive_shard_00006.pt:57,light,zero,32.97137070148704,10.080580711364746,12.610167503356934,nan,nan,28.539107013790822,9.539338111877441,11.442856788635254,-4.432263687696217,-0.5412425994873047,-1.1673107147216797
adaptive_shard_00006.pt:57,light,shuffled,32.97137070148704,10.080580711364746,12.610167503356934,nan,nan,28.59753155176149,9.53581714630127,11.437257766723633,-4.373839149725548,-0.5447635650634766,-1.1729097366333008
adaptive_shard_00006.pt:57,light,predicted,32.97137070148704,10.080580711364746,12.610167503356934,nan,nan,28.597221111528135,9.536332130432129,11.439370155334473,-4.374149589958904,-0.5442485809326172,-1.170797348022461
adaptive_shard_00006.pt:57,light,oracle,32.97137070148704,10.080580711364746,12.610167503356934,nan,nan,28.62778252821686,9.534064292907715,11.437336921691895,-4.343588173270181,-0.5465164184570312,-1.172830581665039
adaptive_shard_00006.pt:58,medium,zero,15.131503042938776,14.969009399414062,15.663208961486816,nan,nan,15.156132209176512,15.397248268127441,16.074831008911133,0.02462916623773559,0.4282388687133789,0.4116220474243164
adaptive_shard_00006.pt:58,medium,shuffled,15.131503042938776,14.969009399414062,15.663208961486816,nan,nan,15.157025570999139,15.395193099975586,16.072574615478516,0.02552252806036215,0.42618370056152344,0.4093656539916992
adaptive_shard_00006.pt:58,medium,predicted,15.131503042938776,14.969009399414062,15.663208961486816,nan,nan,15.158013327314405,15.394206047058105,16.072572708129883,0.026510284375628856,0.42519664764404297,0.4093637466430664
adaptive_shard_00006.pt:58,medium,oracle,15.131503042938776,14.969009399414062,15.663208961486816,nan,nan,15.15917110380898,15.390891075134277,16.071081161499023,0.027668060870203348,0.42188167572021484,0.40787220001220703
adaptive_shard_00006.pt:59,heavy,zero,12.549334584060395,15.508585929870605,15.800416946411133,nan,nan,12.526850620165575,15.65588665008545,15.806571006774902,-0.022483963894819325,0.14730072021484375,0.006154060363769531
adaptive_shard_00006.pt:59,heavy,shuffled,12.549334584060395,15.508585929870605,15.800416946411133,nan,nan,12.524621650802032,15.654879570007324,15.806068420410156,-0.024712933258362213,0.14629364013671875,0.0056514739990234375
adaptive_shard_00006.pt:59,heavy,predicted,12.549334584060395,15.508585929870605,15.800416946411133,nan,nan,12.534536720887049,15.616093635559082,15.790810585021973,-0.01479786317334586,0.10750770568847656,-0.009606361389160156
adaptive_shard_00006.pt:59,heavy,oracle,12.549334584060395,15.508585929870605,15.800416946411133,nan,nan,12.53457060399599,15.615951538085938,15.790773391723633,-0.014763980064405047,0.10736560821533203,-0.0096435546875
adaptive_shard_00006.pt:80,clean,zero,24.828390595978917,12.1735258102417,12.298296928405762,nan,nan,24.095712314302386,6.22504997253418,5.555665969848633,-0.7326782816765309,-5.9484758377075195,-6.742630958557129
adaptive_shard_00006.pt:80,clean,shuffled,24.828390595978917,12.1735258102417,12.298296928405762,nan,nan,24.137961403943144,6.230003833770752,5.54802942276001,-0.6904291920357721,-5.943521976470947,-6.750267505645752
adaptive_shard_00006.pt:80,clean,predicted,24.828390595978917,12.1735258102417,12.298296928405762,nan,nan,24.10728782757677,6.225091934204102,5.557687282562256,-0.7211027684021474,-5.948433876037598,-6.740609645843506
adaptive_shard_00006.pt:80,clean,oracle,24.828390595978917,12.1735258102417,12.298296928405762,nan,nan,24.10277588495005,6.22445011138916,5.560190200805664,-0.725614711028868,-5.949075698852539,-6.738106727600098
adaptive_shard_00006.pt:81,light,zero,21.540838643221058,14.98255729675293,17.544527053833008,nan,nan,21.447146225921493,10.213006973266602,11.476410865783691,-0.09369241729956457,-4.769550323486328,-6.068116188049316
adaptive_shard_00006.pt:81,light,shuffled,21.540838643221058,14.98255729675293,17.544527053833008,nan,nan,21.52678016536076,10.242053031921387,11.453579902648926,-0.014058477860299234,-4.740504264831543,-6.090947151184082
adaptive_shard_00006.pt:81,light,predicted,21.540838643221058,14.98255729675293,17.544527053833008,nan,nan,21.45298945074448,10.211226463317871,11.47535514831543,-0.08784919247657896,-4.771330833435059,-6.069171905517578
adaptive_shard_00006.pt:81,light,oracle,21.540838643221058,14.98255729675293,17.544527053833008,nan,nan,21.453729220338317,10.210161209106445,11.47474479675293,-0.08710942288274026,-4.772396087646484,-6.069782257080078
adaptive_shard_00006.pt:82,medium,zero,17.673027473435912,11.164389610290527,12.444735527038574,nan,nan,17.827768958143515,11.18403434753418,12.696550369262695,0.1547414847076034,0.019644737243652344,0.2518148422241211
adaptive_shard_00006.pt:82,medium,shuffled,17.673027473435912,11.164389610290527,12.444735527038574,nan,nan,17.831232384634347,11.182849884033203,12.695107460021973,0.15820491119843538,0.01846027374267578,0.25037193298339844
adaptive_shard_00006.pt:82,medium,predicted,17.673027473435912,11.164389610290527,12.444735527038574,nan,nan,17.83101960677992,11.181605339050293,12.693881034851074,0.1579921333440062,0.017215728759765625,0.2491455078125
adaptive_shard_00006.pt:82,medium,oracle,17.673027473435912,11.164389610290527,12.444735527038574,nan,nan,17.831232384634347,11.182849884033203,12.695107460021973,0.15820491119843538,0.01846027374267578,0.25037193298339844
adaptive_shard_00006.pt:83,heavy,zero,14.317587710740352,13.133159637451172,13.947081565856934,nan,nan,14.368928395419235,12.488940238952637,13.339557647705078,0.051340684678883974,-0.6442193984985352,-0.6075239181518555
adaptive_shard_00006.pt:83,heavy,shuffled,14.317587710740352,13.133159637451172,13.947081565856934,nan,nan,14.370124138264849,12.490022659301758,13.340920448303223,0.0525364275244975,-0.6431369781494141,-0.6061611175537109
adaptive_shard_00006.pt:83,heavy,predicted,14.317587710740352,13.133159637451172,13.947081565856934,nan,nan,14.374453069261715,12.487005233764648,13.337852478027344,0.056865358521363873,-0.6461544036865234,-0.6092290878295898
adaptive_shard_00006.pt:83,heavy,oracle,14.317587710740352,13.133159637451172,13.947081565856934,nan,nan,14.374507748269735,12.48685073852539,13.337576866149902,0.056920037529383904,-0.6463088989257812,-0.6095046997070312
adaptive_shard_00006.pt:100,clean,zero,18.11257349594141,9.016910552978516,8.920125007629395,nan,nan,18.463867939116266,6.639761924743652,6.518867492675781,0.35129444317485436,-2.3771486282348633,-2.4012575149536133
adaptive_shard_00006.pt:100,clean,shuffled,18.11257349594141,9.016910552978516,8.920125007629395,nan,nan,18.46451749532347,6.6399054527282715,6.512597560882568,0.35194399938205834,-2.377005100250244,-2.407527446746826
adaptive_shard_00006.pt:100,clean,predicted,18.11257349594141,9.016910552978516,8.920125007629395,nan,nan,18.46702047949099,6.640581130981445,6.520549297332764,0.35444698354957893,-2.3763294219970703,-2.399575710296631
adaptive_shard_00006.pt:100,clean,oracle,18.11257349594141,9.016910552978516,8.920125007629395,nan,nan,18.467229723121786,6.641238689422607,6.522701740264893,0.3546562271803744,-2.375671863555908,-2.397423267364502
adaptive_shard_00006.pt:101,light,zero,18.95199033153393,11.371987342834473,12.502601623535156,nan,nan,19.28196622815141,10.171869277954102,11.227310180664062,0.32997589661747995,-1.200118064880371,-1.2752914428710938
adaptive_shard_00006.pt:101,light,shuffled,18.95199033153393,11.371987342834473,12.502601623535156,nan,nan,19.28729459552645,10.170937538146973,11.226358413696289,0.3353042639925192,-1.2010498046875,-1.2762432098388672
adaptive_shard_00006.pt:101,light,predicted,18.95199033153393,11.371987342834473,12.502601623535156,nan,nan,19.28325239562001,10.170764923095703,11.222779273986816,0.3312620640860793,-1.2012224197387695,-1.2798223495483398
adaptive_shard_00006.pt:101,light,oracle,18.95199033153393,11.371987342834473,12.502601623535156,nan,nan,19.287236502133624,10.171360969543457,11.227861404418945,0.3352461705996923,-1.2006263732910156,-1.274740219116211
adaptive_shard_00006.pt:102,medium,zero,18.970814277356368,13.273837089538574,13.609404563903809,nan,nan,19.418869371382595,13.044305801391602,13.651565551757812,0.4480550940262269,-0.22953128814697266,0.042160987854003906
adaptive_shard_00006.pt:102,medium,shuffled,18.970814277356368,13.273837089538574,13.609404563903809,nan,nan,19.42725981191621,13.04344367980957,13.64944839477539,0.4564455345598404,-0.2303934097290039,0.04004383087158203
adaptive_shard_00006.pt:102,medium,predicted,18.970814277356368,13.273837089538574,13.609404563903809,nan,nan,19.42332169713317,13.04416561126709,13.65127944946289,0.45250741977680065,-0.22967147827148438,0.04187488555908203
adaptive_shard_00006.pt:102,medium,oracle,18.970814277356368,13.273837089538574,13.609404563903809,nan,nan,19.421111061560662,13.045923233032227,13.655879974365234,0.4502967842042942,-0.22791385650634766,0.04647541046142578
adaptive_shard_00006.pt:103,heavy,zero,16.25900422413945,13.767644882202148,13.945585250854492,nan,nan,16.390469281045586,13.213326454162598,13.437545776367188,0.13146505690613708,-0.5543184280395508,-0.5080394744873047
adaptive_shard_00006.pt:103,heavy,shuffled,16.25900422413945,13.767644882202148,13.945585250854492,nan,nan,16.394775416633724,13.213595390319824,13.438230514526367,0.13577119249427483,-0.5540494918823242,-0.507354736328125
adaptive_shard_00006.pt:103,heavy,predicted,16.25900422413945,13.767644882202148,13.945585250854492,nan,nan,16.399921986722216,13.217916488647461,13.44589614868164,0.14091776258276667,-0.5497283935546875,-0.49968910217285156
adaptive_shard_00006.pt:103,heavy,oracle,16.25900422413945,13.767644882202148,13.945585250854492,nan,nan,16.39994737715362,13.218031883239746,13.446073532104492,0.14094315301417026,-0.5496129989624023,-0.49951171875
adaptive_shard_00006.pt:108,clean,zero,8.093353698448663,11.617891311645508,12.372512817382812,nan,nan,8.644655105345977,7.739394664764404,7.354043006896973,0.5513014068973145,-3.8784966468811035,-5.01846981048584
adaptive_shard_00006.pt:108,clean,shuffled,8.093353698448663,11.617891311645508,12.372512817382812,nan,nan,8.654942594505911,7.744466304779053,7.365264415740967,0.5615888960572484,-3.873425006866455,-5.007248401641846
adaptive_shard_00006.pt:108,clean,predicted,8.093353698448663,11.617891311645508,12.372512817382812,nan,nan,8.65057403367462,7.741367340087891,7.359189987182617,0.5572203352259564,-3.876523971557617,-5.013322830200195
adaptive_shard_00006.pt:108,clean,oracle,8.093353698448663,11.617891311645508,12.372512817382812,nan,nan,8.654942594505911,7.744466304779053,7.365264415740967,0.5615888960572484,-3.873425006866455,-5.007248401641846
adaptive_shard_00006.pt:109,light,zero,7.059694277640879,11.154749870300293,11.37356185913086,nan,nan,7.554541172846674,9.314640045166016,8.577210426330566,0.4948468952057956,-1.8401098251342773,-2.796351432800293
adaptive_shard_00006.pt:109,light,shuffled,7.059694277640879,11.154749870300293,11.37356185913086,nan,nan,7.560435591586366,9.31605052947998,8.581418991088867,0.500741313945487,-1.8386993408203125,-2.792142868041992
adaptive_shard_00006.pt:109,light,predicted,7.059694277640879,11.154749870300293,11.37356185913086,nan,nan,7.559375859230517,9.316719055175781,8.582118034362793,0.4996815815896385,-1.8380308151245117,-2.7914438247680664
adaptive_shard_00006.pt:109,light,oracle,7.059694277640879,11.154749870300293,11.37356185913086,nan,nan,7.5618304199224315,9.318102836608887,8.585001945495605,0.5021361422815529,-1.8366470336914062,-2.788559913635254
adaptive_shard_00006.pt:110,medium,zero,15.099796036311714,10.794870376586914,10.174174308776855,nan,nan,15.633420757220883,10.376913070678711,9.713427543640137,0.5336247209091685,-0.4179573059082031,-0.46074676513671875
adaptive_shard_00006.pt:110,medium,shuffled,15.099796036311714,10.794870376586914,10.174174308776855,nan,nan,15.683260241351036,10.37022876739502,9.687505722045898,0.5834642050393217,-0.42464160919189453,-0.48666858673095703
adaptive_shard_00006.pt:110,medium,predicted,15.099796036311714,10.794870376586914,10.174174308776855,nan,nan,15.654351677148682,10.376989364624023,9.713665008544922,0.5545556408369681,-0.4178810119628906,-0.4605093002319336
adaptive_shard_00006.pt:110,medium,oracle,15.099796036311714,10.794870376586914,10.174174308776855,nan,nan,15.651603376699049,10.375038146972656,9.7096586227417,0.5518073403873345,-0.4198322296142578,-0.46451568603515625
adaptive_shard_00006.pt:111,heavy,zero,16.15830059450398,13.698582649230957,13.341064453125,nan,nan,16.21727540771921,12.122520446777344,11.731742858886719,0.05897481321522946,-1.5760622024536133,-1.6093215942382812
adaptive_shard_00006.pt:111,heavy,shuffled,16.15830059450398,13.698582649230957,13.341064453125,nan,nan,16.331686249111307,12.170507431030273,11.77506160736084,0.17338565460732625,-1.5280752182006836,-1.5660028457641602
adaptive_shard_00006.pt:111,heavy,predicted,16.15830059450398,13.698582649230957,13.341064453125,nan,nan,16.332153999130703,12.170832633972168,11.775335311889648,0.1738534046267226,-1.527750015258789,-1.5657291412353516
adaptive_shard_00006.pt:111,heavy,oracle,16.15830059450398,13.698582649230957,13.341064453125,nan,nan,16.331686249111307,12.170507431030273,11.77506160736084,0.17338565460732625,-1.5280752182006836,-1.5660028457641602
adaptive_shard_00007.pt:60,clean,zero,22.413175692813812,13.852766990661621,14.165827751159668,nan,nan,22.076487077294548,5.5812811851501465,5.0838398933410645,-0.33668861551926454,-8.271485805511475,-9.081987857818604
adaptive_shard_00007.pt:60,clean,shuffled,22.413175692813812,13.852766990661621,14.165827751159668,nan,nan,22.102968074475715,5.585221290588379,5.093593120574951,-0.3102076183380973,-8.267545700073242,-9.072234630584717
adaptive_shard_00007.pt:60,clean,predicted,22.413175692813812,13.852766990661621,14.165827751159668,nan,nan,22.097265609941385,5.58327579498291,5.088465213775635,-0.3159100828724277,-8.269491195678711,-9.077362537384033
adaptive_shard_00007.pt:60,clean,oracle,22.413175692813812,13.852766990661621,14.165827751159668,nan,nan,22.102968074475715,5.585221290588379,5.093593120574951,-0.3102076183380973,-8.267545700073242,-9.072234630584717
adaptive_shard_00007.pt:61,light,zero,19.93593364437059,15.702777862548828,18.614656448364258,nan,nan,20.00578836372345,10.666736602783203,12.638165473937988,0.06985471935286114,-5.036041259765625,-5.9764909744262695
adaptive_shard_00007.pt:61,light,shuffled,19.93593364437059,15.702777862548828,18.614656448364258,nan,nan,20.022296846583984,10.665945053100586,12.64072036743164,0.08636320221339489,-5.036832809448242,-5.973936080932617
adaptive_shard_00007.pt:61,light,predicted,19.93593364437059,15.702777862548828,18.614656448364258,nan,nan,20.016263278354458,10.666059494018555,12.638689041137695,0.08032963398386883,-5.036718368530273,-5.9759674072265625
adaptive_shard_00007.pt:61,light,oracle,19.93593364437059,15.702777862548828,18.614656448364258,nan,nan,20.02197688213139,10.66517448425293,12.637964248657227,0.08604323776080136,-5.037603378295898,-5.976692199707031
adaptive_shard_00007.pt:62,medium,zero,17.51858009272833,12.805220603942871,14.422791481018066,nan,nan,17.629433280617214,13.225499153137207,15.242607116699219,0.11085318788888188,0.42027854919433594,0.8198156356811523
adaptive_shard_00007.pt:62,medium,shuffled,17.51858009272833,12.805220603942871,14.422791481018066,nan,nan,17.647772943615134,13.175179481506348,15.15873908996582,0.12919285088680255,0.36995887756347656,0.7359476089477539
adaptive_shard_00007.pt:62,medium,predicted,17.51858009272833,12.805220603942871,14.422791481018066,nan,nan,17.63512350077728,13.222587585449219,15.238188743591309,0.11654340804894758,0.41736698150634766,0.8153972625732422
adaptive_shard_00007.pt:62,medium,oracle,17.51858009272833,12.805220603942871,14.422791481018066,nan,nan,17.6356991381938,13.224771499633789,15.242140769958496,0.11711904546546847,0.41955089569091797,0.8193492889404297
adaptive_shard_00007.pt:63,heavy,zero,15.863556372312935,13.167413711547852,14.178698539733887,nan,nan,15.999619922719457,13.082918167114258,14.482161521911621,0.13606355040652218,-0.08449554443359375,0.3034629821777344
adaptive_shard_00007.pt:63,heavy,shuffled,15.863556372312935,13.167413711547852,14.178698539733887,nan,nan,15.996789057609433,13.035295486450195,14.411275863647461,0.13323268529649823,-0.13211822509765625,0.23257732391357422
adaptive_shard_00007.pt:63,heavy,predicted,15.863556372312935,13.167413711547852,14.178698539733887,nan,nan,15.997010581380929,13.037237167358398,14.41419792175293,0.13345420906799355,-0.13017654418945312,0.23549938201904297
adaptive_shard_00007.pt:63,heavy,oracle,15.863556372312935,13.167413711547852,14.178698539733887,nan,nan,15.997136081785904,13.037971496582031,14.415308952331543,0.1335797094729685,-0.1294422149658203,0.23661041259765625
adaptive_shard_00007.pt:124,clean,zero,13.231152040454557,11.271974563598633,11.104032516479492,nan,nan,13.343190897858879,8.786824226379395,8.609112739562988,0.11203885740432185,-2.4851503372192383,-2.494919776916504
adaptive_shard_00007.pt:124,clean,shuffled,13.231152040454557,11.271974563598633,11.104032516479492,nan,nan,13.345455103261457,8.788520812988281,8.615160942077637,0.11430306280690061,-2.4834537506103516,-2.4888715744018555
adaptive_shard_00007.pt:124,clean,predicted,13.231152040454557,11.271974563598633,11.104032516479492,nan,nan,13.345097420295094,8.789528846740723,8.613592147827148,0.11394537984053699,-2.48244571685791,-2.4904403686523438
adaptive_shard_00007.pt:124,clean,oracle,13.231152040454557,11.271974563598633,11.104032516479492,nan,nan,13.345687043868917,8.789977073669434,8.616718292236328,0.1145350034143604,-2.481997489929199,-2.487314224243164
adaptive_shard_00007.pt:125,light,zero,13.632855194735175,12.997060775756836,12.518278121948242,nan,nan,13.756688913026995,10.178925514221191,9.720545768737793,0.1238337182918201,-2.8181352615356445,-2.797732353210449
adaptive_shard_00007.pt:125,light,shuffled,13.632855194735175,12.997060775756836,12.518278121948242,nan,nan,13.757662595836662,10.192134857177734,9.716567039489746,0.1248074011014868,-2.8049259185791016,-2.801711082458496
adaptive_shard_00007.pt:125,light,predicted,13.632855194735175,12.997060775756836,12.518278121948242,nan,nan,13.756948151125668,10.187935829162598,9.717364311218262,0.12409295639049311,-2.8091249465942383,-2.8009138107299805
adaptive_shard_00007.pt:125,light,oracle,13.632855194735175,12.997060775756836,12.518278121948242,nan,nan,13.759152616991539,10.177580833435059,9.723981857299805,0.1262974222563642,-2.8194799423217773,-2.7942962646484375
adaptive_shard_00007.pt:126,medium,zero,13.539257560240657,12.759236335754395,12.110578536987305,nan,nan,13.679716751111172,11.589312553405762,11.554708480834961,0.14045919087051573,-1.1699237823486328,-0.5558700561523438
adaptive_shard_00007.pt:126,medium,shuffled,13.539257560240657,12.759236335754395,12.110578536987305,nan,nan,13.68034875675968,11.590801239013672,11.555648803710938,0.1410911965190227,-1.1684350967407227,-0.5549297332763672
adaptive_shard_00007.pt:126,medium,predicted,13.539257560240657,12.759236335754395,12.110578536987305,nan,nan,13.680116938333398,11.592227935791016,11.555391311645508,0.14085937809274185,-1.167008399963379,-0.5551872253417969
adaptive_shard_00007.pt:126,medium,oracle,13.539257560240657,12.759236335754395,12.110578536987305,nan,nan,13.67933861708774,11.599405288696289,11.55534553527832,0.14008105684708383,-1.1598310470581055,-0.5552330017089844
adaptive_shard_00007.pt:127,heavy,zero,11.64313783233139,15.473194122314453,15.873422622680664,nan,nan,11.778774281534067,13.531279563903809,14.141566276550293,0.1356364492026767,-1.9419145584106445,-1.731856346130371
adaptive_shard_00007.pt:127,heavy,shuffled,11.64313783233139,15.473194122314453,15.873422622680664,nan,nan,11.77976845674982,13.534679412841797,14.145023345947266,0.1366306244184301,-1.9385147094726562,-1.7283992767333984
adaptive_shard_00007.pt:127,heavy,predicted,11.64313783233139,15.473194122314453,15.873422622680664,nan,nan,11.770465894366275,13.620304107666016,14.218546867370605,0.12732806203488423,-1.8528900146484375,-1.6548757553100586
adaptive_shard_00007.pt:127,heavy,oracle,11.64313783233139,15.473194122314453,15.873422622680664,nan,nan,11.770264490913224,13.622245788574219,14.220274925231934,0.12712665858183314,-1.8509483337402344,-1.6531476974487305
adaptive_shard_00008.pt:4,clean,zero,21.951502097344743,13.068406105041504,13.20580005645752,nan,nan,21.04798395969334,7.923816204071045,7.135561466217041,-0.9035181376514032,-5.144589900970459,-6.0702385902404785
adaptive_shard_00008.pt:4,clean,shuffled,21.951502097344743,13.068406105041504,13.20580005645752,nan,nan,21.299197860029917,7.7855939865112305,6.963022232055664,-0.6523042373148265,-5.282812118530273,-6.2427778244018555
adaptive_shard_00008.pt:4,clean,predicted,21.951502097344743,13.068406105041504,13.20580005645752,nan,nan,21.061435136979533,7.922231197357178,7.135878562927246,-0.8900669603652105,-5.146174907684326,-6.069921493530273
adaptive_shard_00008.pt:4,clean,oracle,21.951502097344743,13.068406105041504,13.20580005645752,nan,nan,21.06117475874758,7.924381256103516,7.1399641036987305,-0.8903273385971637,-5.144024848937988,-6.065835952758789
adaptive_shard_00008.pt:5,light,zero,19.304593450750648,17.21479606628418,20.787498474121094,nan,nan,18.84441067321183,10.835989952087402,11.928871154785156,-0.46018277753881875,-6.378806114196777,-8.858627319335938
adaptive_shard_00008.pt:5,light,shuffled,19.304593450750648,17.21479606628418,20.787498474121094,nan,nan,18.98136654763526,10.831767082214355,11.934404373168945,-0.32322690311538693,-6.383028984069824,-8.853094100952148
adaptive_shard_00008.pt:5,light,predicted,19.304593450750648,17.21479606628418,20.787498474121094,nan,nan,18.852959435240024,10.83371639251709,11.927608489990234,-0.4516340155106242,-6.38107967376709,-8.85988998413086
adaptive_shard_00008.pt:5,light,oracle,19.304593450750648,17.21479606628418,20.787498474121094,nan,nan,18.856164690645954,10.832483291625977,11.926915168762207,-0.4484287601046937,-6.382312774658203,-8.860583305358887
adaptive_shard_00008.pt:6,medium,zero,14.49573545554576,13.083061218261719,14.55545425415039,nan,nan,14.481700875049114,13.544611930847168,14.961618423461914,-0.014034580496645077,0.4615507125854492,0.40616416931152344
adaptive_shard_00008.pt:6,medium,shuffled,14.49573545554576,13.083061218261719,14.55545425415039,nan,nan,14.484121340443378,13.54422378540039,14.961219787597656,-0.011614115102380751,0.4611625671386719,0.4057655334472656
adaptive_shard_00008.pt:6,medium,predicted,14.49573545554576,13.083061218261719,14.55545425415039,nan,nan,14.485361797284524,13.541543960571289,14.958462715148926,-0.010373658261235263,0.4584827423095703,0.40300846099853516
adaptive_shard_00008.pt:6,medium,oracle,14.49573545554576,13.083061218261719,14.55545425415039,nan,nan,14.485410899196616,13.54189395904541,14.958837509155273,-0.010324556349143421,0.4588327407836914,0.4033832550048828
adaptive_shard_00008.pt:7,heavy,zero,11.951123668765256,13.020365715026855,13.583643913269043,nan,nan,11.85068392774034,13.123109817504883,13.76615047454834,-0.10043974102491582,0.10274410247802734,0.18250656127929688
adaptive_shard_00008.pt:7,heavy,shuffled,11.951123668765256,13.020365715026855,13.583643913269043,nan,nan,11.851187131114687,13.1233549118042,13.767094612121582,-0.09993653765056898,0.10298919677734375,0.18345069885253906
adaptive_shard_00008.pt:7,heavy,predicted,11.951123668765256,13.020365715026855,13.583643913269043,nan,nan,11.874600784196321,13.085631370544434,13.734442710876465,-0.0765228845689343,0.06526565551757812,0.15079879760742188
adaptive_shard_00008.pt:7,heavy,oracle,11.951123668765256,13.020365715026855,13.583643913269043,nan,nan,11.875481465470282,13.083858489990234,13.733537673950195,-0.07564220329497395,0.0634927749633789,0.14989376068115234
adaptive_shard_00008.pt:40,clean,zero,20.360085979914725,11.540376663208008,12.134389877319336,nan,nan,20.36051498637623,7.085611343383789,5.422398090362549,0.00042900646150556554,-4.454765319824219,-6.711991786956787
adaptive_shard_00008.pt:40,clean,shuffled,20.360085979914725,11.540376663208008,12.134389877319336,nan,nan,20.36812121149474,7.082864284515381,5.425299644470215,0.008035231580013402,-4.457512378692627,-6.709090232849121
adaptive_shard_00008.pt:40,clean,predicted,20.360085979914725,11.540376663208008,12.134389877319336,nan,nan,20.368184978980647,7.082486629486084,5.422053337097168,0.00809899906592193,-4.457890033721924,-6.712336540222168
adaptive_shard_00008.pt:40,clean,oracle,20.360085979914725,11.540376663208008,12.134389877319336,nan,nan,20.36812121149474,7.082864284515381,5.425299644470215,0.008035231580013402,-4.457512378692627,-6.709090232849121
adaptive_shard_00008.pt:41,light,zero,17.779559030485295,16.409847259521484,18.600841522216797,nan,nan,17.883948459284877,12.531332015991211,12.582209587097168,0.10438942879958191,-3.8785152435302734,-6.018631935119629
adaptive_shard_00008.pt:41,light,shuffled,17.779559030485295,16.409847259521484,18.600841522216797,nan,nan,17.8870780213812,12.525666236877441,12.581101417541504,0.10751899089590466,-3.884181022644043,-6.019740104675293
adaptive_shard_00008.pt:41,light,predicted,17.779559030485295,16.409847259521484,18.600841522216797,nan,nan,17.888368944982673,12.532999038696289,12.578309059143066,0.1088099144973782,-3.8768482208251953,-6.0225324630737305
adaptive_shard_00008.pt:41,light,oracle,17.779559030485295,16.409847259521484,18.600841522216797,nan,nan,17.8870780213812,12.525666236877441,12.581101417541504,0.10751899089590466,-3.884181022644043,-6.019740104675293
adaptive_shard_00008.pt:42,medium,zero,17.401625712610922,13.654346466064453,14.83073902130127,nan,nan,17.624388938182737,14.467384338378906,15.188286781311035,0.22276322557181416,0.8130378723144531,0.3575477600097656
adaptive_shard_00008.pt:42,medium,shuffled,17.401625712610922,13.654346466064453,14.83073902130127,nan,nan,17.629593259180997,14.464208602905273,15.186208724975586,0.22796754657007412,0.8098621368408203,0.3554697036743164
adaptive_shard_00008.pt:42,medium,predicted,17.401625712610922,13.654346466064453,14.83073902130127,nan,nan,17.62881981406713,14.463888168334961,15.186662673950195,0.227194101456206,0.8095417022705078,0.3559236526489258
adaptive_shard_00008.pt:42,medium,oracle,17.401625712610922,13.654346466064453,14.83073902130127,nan,nan,17.62952618661879,14.464489936828613,15.186229705810547,0.22790047400786762,0.8101434707641602,0.35549068450927734
adaptive_shard_00008.pt:43,heavy,zero,14.876010494381063,12.897345542907715,13.468387603759766,nan,nan,14.967887411502831,13.638948440551758,13.895928382873535,0.09187691712176793,0.741602897644043,0.42754077911376953
adaptive_shard_00008.pt:43,heavy,shuffled,14.876010494381063,12.897345542907715,13.468387603759766,nan,nan,14.974372603971204,13.56356430053711,13.846067428588867,0.09836210959014124,0.6662187576293945,0.37767982482910156
adaptive_shard_00008.pt:43,heavy,predicted,14.876010494381063,12.897345542907715,13.468387603759766,nan,nan,14.974342141391134,13.564589500427246,13.846844673156738,0.09833164701007036,0.6672439575195312,0.37845706939697266
adaptive_shard_00008.pt:43,heavy,oracle,14.876010494381063,12.897345542907715,13.468387603759766,nan,nan,14.974372603971204,13.56356430053711,13.846067428588867,0.09836210959014124,0.6662187576293945,0.37767982482910156
adaptive_shard_00008.pt:72,clean,zero,14.872306596156788,12.398847579956055,12.678567886352539,nan,nan,14.96215366331722,6.702674388885498,5.881619453430176,0.08984706716043256,-5.696173191070557,-6.796948432922363
adaptive_shard_00008.pt:72,clean,shuffled,14.872306596156788,12.398847579956055,12.678567886352539,nan,nan,14.962449978482738,6.6995415687561035,5.883393287658691,0.09014338232594987,-5.699306011199951,-6.795174598693848
adaptive_shard_00008.pt:72,clean,predicted,14.872306596156788,12.398847579956055,12.678567886352539,nan,nan,14.963102294118817,6.701665878295898,5.882759094238281,0.09079569796202946,-5.697181701660156,-6.795808792114258
adaptive_shard_00008.pt:72,clean,oracle,14.872306596156788,12.398847579956055,12.678567886352539,nan,nan,14.962449978482738,6.6995415687561035,5.883393287658691,0.09014338232594987,-5.699306011199951,-6.795174598693848
adaptive_shard_00008.pt:73,light,zero,14.738725983082958,13.848379135131836,14.807418823242188,nan,nan,14.907316899245437,9.517803192138672,9.523454666137695,0.16859091616247923,-4.330575942993164,-5.283964157104492
adaptive_shard_00008.pt:73,light,shuffled,14.738725983082958,13.848379135131836,14.807418823242188,nan,nan,14.9086738127637,9.517572402954102,9.521829605102539,0.1699478296807424,-4.330806732177734,-5.285589218139648
adaptive_shard_00008.pt:73,light,predicted,14.738725983082958,13.848379135131836,14.807418823242188,nan,nan,14.908304980828323,9.522141456604004,9.520127296447754,0.169578997745365,-4.326237678527832,-5.287291526794434
adaptive_shard_00008.pt:73,light,oracle,14.738725983082958,13.848379135131836,14.807418823242188,nan,nan,14.90837720420731,9.513690948486328,9.524432182312012,0.1696512211243526,-4.334688186645508,-5.282986640930176
adaptive_shard_00008.pt:74,medium,zero,13.776763529870678,11.394094467163086,11.921064376831055,nan,nan,13.95432809538459,11.153895378112793,11.701910018920898,0.17756456551391153,-0.24019908905029297,-0.21915435791015625
adaptive_shard_00008.pt:74,medium,shuffled,13.776763529870678,11.394094467163086,11.921064376831055,nan,nan,13.955199300992216,11.152535438537598,11.700000762939453,0.17843577112153852,-0.24155902862548828,-0.22106361389160156
adaptive_shard_00008.pt:74,medium,predicted,13.776763529870678,11.394094467163086,11.921064376831055,nan,nan,13.95496678638154,11.154468536376953,11.700583457946777,0.17820325651086222,-0.2396259307861328,-0.22048091888427734
adaptive_shard_00008.pt:74,medium,oracle,13.776763529870678,11.394094467163086,11.921064376831055,nan,nan,13.955167985146279,11.152774810791016,11.70001220703125,0.17840445527560078,-0.2413196563720703,-0.2210521697998047
adaptive_shard_00008.pt:75,heavy,zero,12.656645110609244,11.383635520935059,11.935969352722168,nan,nan,12.787732083123338,11.021970748901367,11.579584121704102,0.13108697251409396,-0.3616647720336914,-0.3563852310180664
adaptive_shard_00008.pt:75,heavy,shuffled,12.656645110609244,11.383635520935059,11.935969352722168,nan,nan,12.786830920978474,11.022334098815918,11.580472946166992,0.13018581036923038,-0.3613014221191406,-0.3554964065551758
adaptive_shard_00008.pt:75,heavy,predicted,12.656645110609244,11.383635520935059,11.935969352722168,nan,nan,12.783737721341419,11.0152587890625,11.583022117614746,0.12709261073217526,-0.3683767318725586,-0.3529472351074219
adaptive_shard_00008.pt:75,heavy,oracle,12.656645110609244,11.383635520935059,11.935969352722168,nan,nan,12.783711324593966,11.015192031860352,11.583271026611328,0.1270662139847225,-0.36844348907470703,-0.35269832611083984
adaptive_shard_00009.pt:12,clean,zero,30.79764202997614,10.971083641052246,11.458223342895508,nan,nan,27.14632205050263,8.67806339263916,7.609740734100342,-3.6513199794735094,-2.293020248413086,-3.848482608795166
adaptive_shard_00009.pt:12,clean,shuffled,30.79764202997614,10.971083641052246,11.458223342895508,nan,nan,27.175646357331978,8.67686653137207,7.611232757568359,-3.621995672644161,-2.294217109680176,-3.8469905853271484
adaptive_shard_00009.pt:12,clean,predicted,30.79764202997614,10.971083641052246,11.458223342895508,nan,nan,27.181276358983105,8.675559997558594,7.608714580535889,-3.6163656709930336,-2.2955236434936523,-3.849508762359619
adaptive_shard_00009.pt:12,clean,oracle,30.79764202997614,10.971083641052246,11.458223342895508,nan,nan,27.175646357331978,8.67686653137207,7.611232757568359,-3.621995672644161,-2.294217109680176,-3.8469905853271484
adaptive_shard_00009.pt:13,light,zero,26.381991769945977,15.158019065856934,16.925535202026367,nan,nan,24.983133139440902,12.39664363861084,12.701594352722168,-1.3988586305050745,-2.7613754272460938,-4.223940849304199
adaptive_shard_00009.pt:13,light,shuffled,26.381991769945977,15.158019065856934,16.925535202026367,nan,nan,24.997962511754956,12.393511772155762,12.700264930725098,-1.3840292581910205,-2.764507293701172,-4.2252702713012695
adaptive_shard_00009.pt:13,light,predicted,26.381991769945977,15.158019065856934,16.925535202026367,nan,nan,25.0292719479353,12.39218807220459,12.69588851928711,-1.3527198220106769,-2.7658309936523438,-4.229646682739258
adaptive_shard_00009.pt:13,light,oracle,26.381991769945977,15.158019065856934,16.925535202026367,nan,nan,24.997962511754956,12.393511772155762,12.700264930725098,-1.3840292581910205,-2.764507293701172,-4.2252702713012695
adaptive_shard_00009.pt:14,medium,zero,15.564347875751029,15.11462116241455,16.427936553955078,nan,nan,15.49758883790542,15.907632827758789,16.981672286987305,-0.06675903784560866,0.7930116653442383,0.5537357330322266
adaptive_shard_00009.pt:14,medium,shuffled,15.564347875751029,15.11462116241455,16.427936553955078,nan,nan,15.499839652638167,15.90450382232666,16.9788818359375,-0.06450822311286153,0.7898826599121094,0.5509452819824219
adaptive_shard_00009.pt:14,medium,predicted,15.564347875751029,15.11462116241455,16.427936553955078,nan,nan,15.500986392954779,15.904314041137695,16.979400634765625,-0.06336148279624965,0.7896928787231445,0.5514640808105469
adaptive_shard_00009.pt:14,medium,oracle,15.564347875751029,15.11462116241455,16.427936553955078,nan,nan,15.50042114029955,15.905085563659668,16.979997634887695,-0.06392673545147787,0.7904644012451172,0.5520610809326172
adaptive_shard_00009.pt:15,heavy,zero,14.01013360010202,14.321158409118652,15.004568099975586,nan,nan,13.918194433317442,14.964600563049316,15.436300277709961,-0.09193916678457725,0.6434421539306641,0.431732177734375
adaptive_shard_00009.pt:15,heavy,shuffled,14.01013360010202,14.321158409118652,15.004568099975586,nan,nan,13.92216905747896,14.967245101928711,15.439383506774902,-0.08796454262305886,0.6460866928100586,0.4348154067993164
adaptive_shard_00009.pt:15,heavy,predicted,14.01013360010202,14.321158409118652,15.004568099975586,nan,nan,13.94393439064557,14.892167091369629,15.374650001525879,-0.06619920945644964,0.5710086822509766,0.37008190155029297
adaptive_shard_00009.pt:15,heavy,oracle,14.01013360010202,14.321158409118652,15.004568099975586,nan,nan,13.943989569049238,14.892022132873535,15.374485969543457,-0.06614403105278122,0.5708637237548828,0.3699178695678711
adaptive_shard_00009.pt:16,clean,zero,21.310355518163533,11.378710746765137,11.780308723449707,nan,nan,21.658937399220022,7.645955562591553,6.700890064239502,0.34858188105648935,-3.732755184173584,-5.079418659210205
adaptive_shard_00009.pt:16,clean,shuffled,21.310355518163533,11.378710746765137,11.780308723449707,nan,nan,21.657015699226534,7.646717071533203,6.706136226654053,0.346660181063001,-3.7319936752319336,-5.074172496795654
adaptive_shard_00009.pt:16,clean,predicted,21.310355518163533,11.378710746765137,11.780308723449707,nan,nan,21.659197576126246,7.645547866821289,6.703040599822998,0.34884205796271317,-3.7331628799438477,-5.077268123626709
adaptive_shard_00009.pt:16,clean,oracle,21.310355518163533,11.378710746765137,11.780308723449707,nan,nan,21.654712898816555,7.646259784698486,6.706280708312988,0.34435738065302246,-3.7324509620666504,-5.074028015136719
adaptive_shard_00009.pt:17,light,zero,21.664795599423922,12.93472671508789,14.79776668548584,nan,nan,21.973545430120893,9.696578979492188,9.832642555236816,0.3087498306969714,-3.238147735595703,-4.965124130249023
adaptive_shard_00009.pt:17,light,shuffled,21.664795599423922,12.93472671508789,14.79776668548584,nan,nan,21.970685059510853,9.695444107055664,9.834506034851074,0.30588946008693085,-3.2392826080322266,-4.963260650634766
adaptive_shard_00009.pt:17,light,predicted,21.664795599423922,12.93472671508789,14.79776668548584,nan,nan,21.974074574175813,9.69532585144043,9.832624435424805,0.3092789747518907,-3.239400863647461,-4.965142250061035
adaptive_shard_00009.pt:17,light,oracle,21.664795599423922,12.93472671508789,14.79776668548584,nan,nan,21.971469365896258,9.694709777832031,9.832773208618164,0.30667376647233624,-3.2400169372558594,-4.964993476867676
adaptive_shard_00009.pt:18,medium,zero,21.50082303971084,12.798457145690918,12.808996200561523,nan,nan,21.96940062264328,12.492334365844727,12.495735168457031,0.4685775829324399,-0.3061227798461914,-0.3132610321044922
adaptive_shard_00009.pt:18,medium,shuffled,21.50082303971084,12.798457145690918,12.808996200561523,nan,nan,21.970830455772578,12.492076873779297,12.495789527893066,0.4700074160617369,-0.3063802719116211,-0.31320667266845703
adaptive_shard_00009.pt:18,medium,predicted,21.50082303971084,12.798457145690918,12.808996200561523,nan,nan,21.971881828448186,12.491979598999023,12.495521545410156,0.47105878873734497,-0.30647754669189453,-0.3134746551513672
adaptive_shard_00009.pt:18,medium,oracle,21.50082303971084,12.798457145690918,12.808996200561523,nan,nan,21.97099842102894,12.492012977600098,12.495691299438477,0.4701753813181,-0.3064441680908203,-0.3133049011230469
adaptive_shard_00009.pt:19,heavy,zero,17.17757147403866,13.294356346130371,13.319437026977539,nan,nan,17.348580443919843,12.877176284790039,12.590668678283691,0.17100896988118208,-0.41718006134033203,-0.7287683486938477
adaptive_shard_00009.pt:19,heavy,shuffled,17.17757147403866,13.294356346130371,13.319437026977539,nan,nan,17.35068887584379,12.878957748413086,12.592763900756836,0.17311740180512913,-0.41539859771728516,-0.7266731262207031
adaptive_shard_00009.pt:19,heavy,predicted,17.17757147403866,13.294356346130371,13.319437026977539,nan,nan,17.348959631355335,12.862817764282227,12.600900650024414,0.17138815731667378,-0.43153858184814453,-0.718536376953125
adaptive_shard_00009.pt:19,heavy,oracle,17.17757147403866,13.294356346130371,13.319437026977539,nan,nan,17.348956983379914,12.862812042236328,12.600905418395996,0.17138550934125263,-0.43154430389404297,-0.718531608581543
adaptive_shard_00009.pt:32,clean,zero,21.876440730549064,11.697347640991211,11.856528282165527,nan,nan,21.75595644561049,5.965646266937256,5.577650547027588,-0.12048428493857344,-5.731701374053955,-6.2788777351379395
adaptive_shard_00009.pt:32,clean,shuffled,21.876440730549064,11.697347640991211,11.856528282165527,nan,nan,21.770803176859413,5.966553688049316,5.580098628997803,-0.10563755368965033,-5.7307939529418945,-6.276429653167725
adaptive_shard_00009.pt:32,clean,predicted,21.876440730549064,11.697347640991211,11.856528282165527,nan,nan,21.768986774255726,5.965796947479248,5.579961776733398,-0.10745395629333743,-5.731550693511963,-6.276566505432129
adaptive_shard_00009.pt:32,clean,oracle,21.876440730549064,11.697347640991211,11.856528282165527,nan,nan,21.770599326985423,5.965105056762695,5.58122444152832,-0.10584140356364102,-5.732242584228516,-6.275303840637207
adaptive_shard_00009.pt:33,light,zero,17.121689994044477,15.420896530151367,18.59652328491211,nan,nan,17.393320843762815,11.54843521118164,13.955900192260742,0.2716308497183384,-3.8724613189697266,-4.640623092651367
adaptive_shard_00009.pt:33,light,shuffled,17.121689994044477,15.420896530151367,18.59652328491211,nan,nan,17.398871204931833,11.543935775756836,13.952961921691895,0.27718121088735614,-3.8769607543945312,-4.643561363220215
adaptive_shard_00009.pt:33,light,predicted,17.121689994044477,15.420896530151367,18.59652328491211,nan,nan,17.397139028755696,11.546217918395996,13.954401016235352,0.27544903471121884,-3.874678611755371,-4.642122268676758
adaptive_shard_00009.pt:33,light,oracle,17.121689994044477,15.420896530151367,18.59652328491211,nan,nan,17.398531067826937,11.545554161071777,13.9534912109375,0.27684107378246026,-3.87534236907959,-4.643032073974609
adaptive_shard_00009.pt:34,medium,zero,11.912948475642091,13.480829238891602,15.506587028503418,nan,nan,11.989647086733866,13.643537521362305,15.896480560302734,0.0766986110917749,0.16270828247070312,0.3898935317993164
adaptive_shard_00009.pt:34,medium,shuffled,11.912948475642091,13.480829238891602,15.506587028503418,nan,nan,11.987928976996546,13.622736930847168,15.872306823730469,0.07498050135445489,0.1419076919555664,0.3657197952270508
adaptive_shard_00009.pt:34,medium,predicted,11.912948475642091,13.480829238891602,15.506587028503418,nan,nan,11.990249470565661,13.640947341918945,15.893583297729492,0.07730099492357034,0.16011810302734375,0.3869962692260742
adaptive_shard_00009.pt:34,medium,oracle,11.912948475642091,13.480829238891602,15.506587028503418,nan,nan,11.990485813146352,13.641996383666992,15.894904136657715,0.0775373375042605,0.16116714477539062,0.3883171081542969
adaptive_shard_00009.pt:35,heavy,zero,11.180420984001165,14.432536125183105,16.024585723876953,nan,nan,11.261331376472729,14.58182430267334,16.064292907714844,0.08091039247156395,0.14928817749023438,0.039707183837890625
adaptive_shard_00009.pt:35,heavy,shuffled,11.180420984001165,14.432536125183105,16.024585723876953,nan,nan,11.256499631443774,14.543378829956055,16.047149658203125,0.07607864744260873,0.11084270477294922,0.022563934326171875
adaptive_shard_00009.pt:35,heavy,predicted,11.180420984001165,14.432536125183105,16.024585723876953,nan,nan,11.256370940584638,14.542364120483398,16.04630470275879,0.07594995658347337,0.10982799530029297,0.021718978881835938
adaptive_shard_00009.pt:35,heavy,oracle,11.180420984001165,14.432536125183105,16.024585723876953,nan,nan,11.256499631443774,14.543378829956055,16.047149658203125,0.07607864744260873,0.11084270477294922,0.022563934326171875
adaptive_shard_00009.pt:40,clean,zero,20.17019237499464,9.899765014648438,9.931123733520508,nan,nan,20.10040901799275,6.26594877243042,4.887812614440918,-0.0697833570018922,-3.6338162422180176,-5.04331111907959
adaptive_shard_00009.pt:40,clean,shuffled,20.17019237499464,9.899765014648438,9.931123733520508,nan,nan,20.198702652642567,6.245761394500732,4.877344131469727,0.02851027764792491,-3.654003620147705,-5.053779602050781
adaptive_shard_00009.pt:40,clean,predicted,20.17019237499464,9.899765014648438,9.931123733520508,nan,nan,20.11029764709108,6.26643180847168,4.890867710113525,-0.05989472790356132,-3.633333206176758,-5.040256023406982
adaptive_shard_00009.pt:40,clean,oracle,20.17019237499464,9.899765014648438,9.931123733520508,nan,nan,20.11176933800503,6.267543792724609,4.893466949462891,-0.0584230369896126,-3.632221221923828,-5.037656784057617
adaptive_shard_00009.pt:41,light,zero,12.58000418652168,14.749692916870117,16.98531723022461,nan,nan,12.629418360957391,12.412817001342773,14.21858024597168,0.049414174435710834,-2.3368759155273438,-2.7667369842529297
adaptive_shard_00009.pt:41,light,shuffled,12.58000418652168,14.749692916870117,16.98531723022461,nan,nan,12.631363359853971,12.412429809570312,14.221741676330566,0.05135917333229045,-2.3372631072998047,-2.763575553894043
adaptive_shard_00009.pt:41,light,predicted,12.58000418652168,14.749692916870117,16.98531723022461,nan,nan,12.630570024597779,12.407381057739258,14.205927848815918,0.050565838076098046,-2.3423118591308594,-2.7793893814086914
adaptive_shard_00009.pt:41,light,oracle,12.58000418652168,14.749692916870117,16.98531723022461,nan,nan,12.631095823031215,12.413057327270508,14.22238826751709,0.05109163650953441,-2.3366355895996094,-2.7629289627075195
adaptive_shard_00009.pt:42,medium,zero,11.554673303932866,15.255610466003418,17.29618263244629,nan,nan,11.63582235017158,15.88994026184082,18.355117797851562,0.0811490462387141,0.6343297958374023,1.0589351654052734
adaptive_shard_00009.pt:42,medium,shuffled,11.554673303932866,15.255610466003418,17.29618263244629,nan,nan,11.637649526354375,15.88861083984375,18.354759216308594,0.08297622242150915,0.633000373840332,1.0585765838623047
adaptive_shard_00009.pt:42,medium,predicted,11.554673303932866,15.255610466003418,17.29618263244629,nan,nan,11.636923005316532,15.886137962341309,18.350324630737305,0.08224970138366672,0.6305274963378906,1.0541419982910156
adaptive_shard_00009.pt:42,medium,oracle,11.554673303932866,15.255610466003418,17.29618263244629,nan,nan,11.636634300023069,15.881441116333008,18.342906951904297,0.0819609960902028,0.6258306503295898,1.0467243194580078
adaptive_shard_00009.pt:43,heavy,zero,10.936382035010286,15.17151165008545,16.453716278076172,nan,nan,10.981886166610868,15.574584007263184,17.177309036254883,0.0455041316005822,0.4030723571777344,0.7235927581787109
adaptive_shard_00009.pt:43,heavy,shuffled,10.936382035010286,15.17151165008545,16.453716278076172,nan,nan,10.98269247070792,15.574667930603027,17.177814483642578,0.04631043569763449,0.4031562805175781,0.7240982055664062
adaptive_shard_00009.pt:43,heavy,predicted,10.936382035010286,15.17151165008545,16.453716278076172,nan,nan,10.983501944616268,15.529251098632812,17.109315872192383,0.047119909605982,0.3577394485473633,0.6555995941162109
adaptive_shard_00009.pt:43,heavy,oracle,10.936382035010286,15.17151165008545,16.453716278076172,nan,nan,10.983501740736713,15.529091835021973,17.10910987854004,0.047119705726426986,0.35758018493652344,0.6553936004638672
adaptive_shard_00009.pt:80,clean,zero,20.853435328511157,13.693268775939941,13.807731628417969,nan,nan,20.57625593892931,7.472907543182373,6.232237339019775,-0.2771793895818462,-6.220361232757568,-7.575494289398193
adaptive_shard_00009.pt:80,clean,shuffled,20.853435328511157,13.693268775939941,13.807731628417969,nan,nan,20.669471220580338,7.587557792663574,6.253423690795898,-0.1839641079308194,-6.105710983276367,-7.55430793762207
adaptive_shard_00009.pt:80,clean,predicted,20.853435328511157,13.693268775939941,13.807731628417969,nan,nan,20.58071397993228,7.473916530609131,6.235751152038574,-0.27272134857887664,-6.2193522453308105,-7.5719804763793945
adaptive_shard_00009.pt:80,clean,oracle,20.853435328511157,13.693268775939941,13.807731628417969,nan,nan,20.577941492180617,7.472257614135742,6.237854957580566,-0.2754938363305399,-6.221011161804199,-7.569876670837402
adaptive_shard_00009.pt:81,light,zero,19.942793581178755,15.09400463104248,16.81667137145996,nan,nan,19.887394372916877,11.065958023071289,11.879973411560059,-0.055399208261878385,-4.028046607971191,-4.936697959899902
adaptive_shard_00009.pt:81,light,shuffled,19.942793581178755,15.09400463104248,16.81667137145996,nan,nan,19.89169253839001,11.064255714416504,11.87885570526123,-0.051101042788744167,-4.029748916625977,-4.9378156661987305
adaptive_shard_00009.pt:81,light,predicted,19.942793581178755,15.09400463104248,16.81667137145996,nan,nan,19.890135381378485,11.063948631286621,11.879825592041016,-0.052658199800269756,-4.030055999755859,-4.936845779418945
adaptive_shard_00009.pt:81,light,oracle,19.942793581178755,15.09400463104248,16.81667137145996,nan,nan,19.891873735111787,11.06338119506836,11.878434181213379,-0.05091984606696798,-4.030623435974121,-4.938237190246582
adaptive_shard_00009.pt:82,medium,zero,20.257087334742746,12.198431968688965,12.76048469543457,nan,nan,20.389437780466547,11.825702667236328,12.701621055603027,0.1323504457238016,-0.3727293014526367,-0.05886363983154297
adaptive_shard_00009.pt:82,medium,shuffled,20.257087334742746,12.198431968688965,12.76048469543457,nan,nan,20.42613529186438,11.846640586853027,12.67627239227295,0.16904795712163434,-0.3517913818359375,-0.0842123031616211
adaptive_shard_00009.pt:82,medium,predicted,20.257087334742746,12.198431968688965,12.76048469543457,nan,nan,20.39409631821739,11.825709342956543,12.700356483459473,0.13700898347464374,-0.3727226257324219,-0.060128211975097656
adaptive_shard_00009.pt:82,medium,oracle,20.257087334742746,12.198431968688965,12.76048469543457,nan,nan,20.392620017591476,11.824057579040527,12.700368881225586,0.13553268284873,-0.3743743896484375,-0.060115814208984375
adaptive_shard_00009.pt:83,heavy,zero,15.500976005637463,13.399828910827637,14.204164505004883,nan,nan,15.558376518986917,13.045934677124023,13.712697982788086,0.057400513349453064,-0.3538942337036133,-0.4914665222167969
adaptive_shard_00009.pt:83,heavy,shuffled,15.500976005637463,13.399828910827637,14.204164505004883,nan,nan,15.565573370815645,13.046161651611328,13.713196754455566,0.06459736517818193,-0.3536672592163086,-0.4909677505493164
adaptive_shard_00009.pt:83,heavy,predicted,15.500976005637463,13.399828910827637,14.204164505004883,nan,nan,15.576930044415727,13.032599449157715,13.715324401855469,0.07595403877826357,-0.3672294616699219,-0.48884010314941406
adaptive_shard_00009.pt:83,heavy,oracle,15.500976005637463,13.399828910827637,14.204164505004883,nan,nan,15.576965938317652,13.032532691955566,13.715285301208496,0.07598993268018894,-0.3672962188720703,-0.4888792037963867
adaptive_shard_00009.pt:84,clean,zero,27.82189538759266,9.101568222045898,9.430968284606934,nan,nan,27.18544157718049,7.25151252746582,6.549645900726318,-0.6364538104121706,-1.8500556945800781,-2.8813223838806152
adaptive_shard_00009.pt:84,clean,shuffled,27.82189538759266,9.101568222045898,9.430968284606934,nan,nan,27.225016258787736,7.247485160827637,6.548720359802246,-0.5968791288049253,-1.8540830612182617,-2.8822479248046875
adaptive_shard_00009.pt:84,clean,predicted,27.82189538759266,9.101568222045898,9.430968284606934,nan,nan,27.221876283359286,7.2478928565979,6.547618389129639,-0.6000191042333753,-1.853675365447998,-2.883349895477295
adaptive_shard_00009.pt:84,clean,oracle,27.82189538759266,9.101568222045898,9.430968284606934,nan,nan,27.225016258787736,7.247485160827637,6.548720359802246,-0.5968791288049253,-1.8540830612182617,-2.8822479248046875
adaptive_shard_00009.pt:85,light,zero,21.635057596904325,13.968470573425293,16.950462341308594,nan,nan,21.619106801312213,12.337092399597168,14.254096031188965,-0.015950795592111433,-1.631378173828125,-2.696366310119629
adaptive_shard_00009.pt:85,light,shuffled,21.635057596904325,13.968470573425293,16.950462341308594,nan,nan,21.679142491678473,12.335707664489746,14.252045631408691,0.0440848947741479,-1.6327629089355469,-2.6984167098999023
adaptive_shard_00009.pt:85,light,predicted,21.635057596904325,13.968470573425293,16.950462341308594,nan,nan,21.627410621478973,12.33514404296875,14.252381324768066,-0.007646975425352309,-1.633326530456543,-2.6980810165405273
adaptive_shard_00009.pt:85,light,oracle,21.635057596904325,13.968470573425293,16.950462341308594,nan,nan,21.62863352080571,12.331316947937012,14.249009132385254,-0.006424076098614506,-1.6371536254882812,-2.70145320892334
adaptive_shard_00009.pt:86,medium,zero,20.473651356336152,13.717645645141602,16.287084579467773,nan,nan,20.489263588688193,15.138510704040527,17.247556686401367,0.015612232352040678,1.4208650588989258,0.9604721069335938
adaptive_shard_00009.pt:86,medium,shuffled,20.473651356336152,13.717645645141602,16.287084579467773,nan,nan,20.496089997565736,15.131790161132812,17.241254806518555,0.022438641229584277,1.414144515991211,0.9541702270507812
adaptive_shard_00009.pt:86,medium,predicted,20.473651356336152,13.717645645141602,16.287084579467773,nan,nan,20.495725149898924,15.132326126098633,17.24344825744629,0.022073793562771726,1.4146804809570312,0.9563636779785156
adaptive_shard_00009.pt:86,medium,oracle,20.473651356336152,13.717645645141602,16.287084579467773,nan,nan,20.49481100110208,15.134527206420898,17.243438720703125,0.0211596447659268,1.4168815612792969,0.9563541412353516
adaptive_shard_00009.pt:87,heavy,zero,16.632834920689106,13.161191940307617,14.756280899047852,nan,nan,16.64491807147528,14.356742858886719,15.670631408691406,0.012083150786175167,1.1955509185791016,0.9143505096435547
adaptive_shard_00009.pt:87,heavy,shuffled,16.632834920689106,13.161191940307617,14.756280899047852,nan,nan,16.647363332401078,14.354448318481445,15.668818473815918,0.0145284117119715,1.1932563781738281,0.9125375747680664
adaptive_shard_00009.pt:87,heavy,predicted,16.632834920689106,13.161191940307617,14.756280899047852,nan,nan,16.658405622794373,14.25113296508789,15.594612121582031,0.025570702105266463,1.0899410247802734,0.8383312225341797
adaptive_shard_00009.pt:87,heavy,oracle,16.632834920689106,13.161191940307617,14.756280899047852,nan,nan,16.658420353939352,14.250930786132812,15.594465255737305,0.02558543325024587,1.0897388458251953,0.8381843566894531
adaptive_shard_00009.pt:88,clean,zero,18.277436863831834,7.462319374084473,7.8044610023498535,nan,nan,18.129844595442467,5.314453601837158,4.929712772369385,-0.14759226838936712,-2.1478657722473145,-2.8747482299804688
adaptive_shard_00009.pt:88,clean,shuffled,18.277436863831834,7.462319374084473,7.8044610023498535,nan,nan,18.140194856263896,5.316795825958252,4.934175968170166,-0.13724200756793792,-2.1455235481262207,-2.8702850341796875
adaptive_shard_00009.pt:88,clean,predicted,18.277436863831834,7.462319374084473,7.8044610023498535,nan,nan,18.138246232617977,5.314135551452637,4.930599212646484,-0.13919063121385733,-2.148183822631836,-2.873861789703369
adaptive_shard_00009.pt:88,clean,oracle,18.277436863831834,7.462319374084473,7.8044610023498535,nan,nan,18.140194856263896,5.316795825958252,4.934175968170166,-0.13724200756793792,-2.1455235481262207,-2.8702850341796875
adaptive_shard_00009.pt:89,light,zero,18.16769548975722,11.814447402954102,14.427637100219727,nan,nan,18.111575113574776,10.387645721435547,12.41408920288086,-0.05612037618244514,-1.4268016815185547,-2.013547897338867
adaptive_shard_00009.pt:89,light,shuffled,18.16769548975722,11.814447402954102,14.427637100219727,nan,nan,18.127239892993494,10.376811027526855,12.40108585357666,-0.0404555967637279,-1.437636375427246,-2.0265512466430664
adaptive_shard_00009.pt:89,light,predicted,18.16769548975722,11.814447402954102,14.427637100219727,nan,nan,18.118862631808135,10.3845796585083,12.410783767700195,-0.04883285794908687,-1.4298677444458008,-2.0168533325195312
adaptive_shard_00009.pt:89,light,oracle,18.16769548975722,11.814447402954102,14.427637100219727,nan,nan,18.119963039021965,10.389041900634766,12.417337417602539,-0.047732450735257004,-1.425405502319336,-2.0102996826171875
adaptive_shard_00009.pt:90,medium,zero,10.795991891590422,14.916128158569336,17.9272403717041,nan,nan,10.862096598100027,15.170903205871582,18.479013442993164,0.06610470650960565,0.2547750473022461,0.5517730712890625
adaptive_shard_00009.pt:90,medium,shuffled,10.795991891590422,14.916128158569336,17.9272403717041,nan,nan,10.864505269381171,15.167357444763184,18.475311279296875,0.06851337779074917,0.25122928619384766,0.5480709075927734
adaptive_shard_00009.pt:90,medium,predicted,10.795991891590422,14.916128158569336,17.9272403717041,nan,nan,10.864346437491987,15.169273376464844,18.476980209350586,0.06835454590156509,0.2531452178955078,0.5497398376464844
adaptive_shard_00009.pt:90,medium,oracle,10.795991891590422,14.916128158569336,17.9272403717041,nan,nan,10.864251937618793,15.167485237121582,18.475299835205078,0.06826004602837088,0.2513570785522461,0.5480594635009766
adaptive_shard_00009.pt:91,heavy,zero,5.648675287942419,15.326621055603027,17.012313842773438,nan,nan,5.747782634961972,15.362963676452637,17.195209503173828,0.0991073470195527,0.036342620849609375,0.18289566040039062
adaptive_shard_00009.pt:91,heavy,shuffled,5.648675287942419,15.326621055603027,17.012313842773438,nan,nan,5.741846264758994,15.325599670410156,17.154064178466797,0.09317097681657494,-0.0010213851928710938,0.14175033569335938
adaptive_shard_00009.pt:91,heavy,predicted,5.648675287942419,15.326621055603027,17.012313842773438,nan,nan,5.7419682081540095,15.326104164123535,17.154508590698242,0.09329292021159041,-0.0005168914794921875,0.1421947479248047
adaptive_shard_00009.pt:91,heavy,oracle,5.648675287942419,15.326621055603027,17.012313842773438,nan,nan,5.7418513693934035,15.32562255859375,17.15408706665039,0.09317608145098433,-0.0009984970092773438,0.14177322387695312
adaptive_shard_00010.pt:36,clean,zero,17.949487600764577,9.065902709960938,9.201974868774414,nan,nan,18.07145561098775,7.335813999176025,6.366794586181641,0.12196801022317416,-1.730088710784912,-2.8351802825927734
adaptive_shard_00010.pt:36,clean,shuffled,17.949487600764577,9.065902709960938,9.201974868774414,nan,nan,18.10963446078542,7.27462100982666,6.336357593536377,0.16014686002084133,-1.7912817001342773,-2.865617275238037
adaptive_shard_00010.pt:36,clean,predicted,17.949487600764577,9.065902709960938,9.201974868774414,nan,nan,18.08052460410193,7.335367202758789,6.367674827575684,0.13103700333735446,-1.7305355072021484,-2.8343000411987305
adaptive_shard_00010.pt:36,clean,oracle,17.949487600764577,9.065902709960938,9.201974868774414,nan,nan,18.08395414826322,7.336246967315674,6.36889123916626,0.1344665474986435,-1.7296557426452637,-2.8330836296081543
adaptive_shard_00010.pt:37,light,zero,15.078581292130977,14.19619369506836,16.257963180541992,nan,nan,15.18321078916825,12.562531471252441,13.767227172851562,0.10462949703727276,-1.633662223815918,-2.4907360076904297
adaptive_shard_00010.pt:37,light,shuffled,15.078581292130977,14.19619369506836,16.257963180541992,nan,nan,15.18578151240473,12.55800724029541,13.758515357971191,0.10720022027375364,-1.6381864547729492,-2.499447822570801
adaptive_shard_00010.pt:37,light,predicted,15.078581292130977,14.19619369506836,16.257963180541992,nan,nan,15.184717524671045,12.559516906738281,13.760724067687988,0.10613623254006832,-1.6366767883300781,-2.497239112854004
adaptive_shard_00010.pt:37,light,oracle,15.078581292130977,14.19619369506836,16.257963180541992,nan,nan,15.18540208722937,12.560497283935547,13.767661094665527,0.10682079509839326,-1.6356964111328125,-2.490302085876465
adaptive_shard_00010.pt:38,medium,zero,14.783334450154442,15.014223098754883,17.079439163208008,nan,nan,14.796345763640842,15.58325481414795,17.695369720458984,0.013011313486400056,0.5690317153930664,0.6159305572509766
adaptive_shard_00010.pt:38,medium,shuffled,14.783334450154442,15.014223098754883,17.079439163208008,nan,nan,14.799646828750356,15.580063819885254,17.691789627075195,0.016312378595914723,0.5658407211303711,0.6123504638671875
adaptive_shard_00010.pt:38,medium,predicted,14.783334450154442,15.014223098754883,17.079439163208008,nan,nan,14.79892830047801,15.580345153808594,17.692102432250977,0.015593850323568859,0.5661220550537109,0.6126632690429688
adaptive_shard_00010.pt:38,medium,oracle,14.783334450154442,15.014223098754883,17.079439163208008,nan,nan,14.80000985000142,15.577235221862793,17.688447952270508,0.016675399846977967,0.5630121231079102,0.6090087890625
adaptive_shard_00010.pt:39,heavy,zero,12.974445025604135,13.993035316467285,15.101658821105957,nan,nan,13.021627739952065,14.649911880493164,15.928963661193848,0.04718271434792953,0.6568765640258789,0.8273048400878906
adaptive_shard_00010.pt:39,heavy,shuffled,12.974445025604135,13.993035316467285,15.101658821105957,nan,nan,13.025495672610099,14.583391189575195,15.854371070861816,0.05105064700596351,0.5903558731079102,0.7527122497558594
adaptive_shard_00010.pt:39,heavy,predicted,12.974445025604135,13.993035316467285,15.101658821105957,nan,nan,13.025530455480718,14.581846237182617,15.852323532104492,0.05108542987658282,0.588810920715332,0.7506647109985352
adaptive_shard_00010.pt:39,heavy,oracle,12.974445025604135,13.993035316467285,15.101658821105957,nan,nan,13.025530993541512,14.581822395324707,15.852293014526367,0.051085967937376964,0.5887870788574219,0.7506341934204102
adaptive_shard_00010.pt:40,clean,zero,17.863573683874897,9.518129348754883,9.791936874389648,nan,nan,17.793075386278566,6.5513529777526855,6.269394397735596,-0.07049829759633042,-2.9667763710021973,-3.5225424766540527
adaptive_shard_00010.pt:40,clean,shuffled,17.863573683874897,9.518129348754883,9.791936874389648,nan,nan,17.800014452903422,6.554434299468994,6.27708625793457,-0.06355923097147453,-2.9636950492858887,-3.514850616455078
adaptive_shard_00010.pt:40,clean,predicted,17.863573683874897,9.518129348754883,9.791936874389648,nan,nan,17.799033434205608,6.553509712219238,6.273543357849121,-0.06454024966928884,-2.9646196365356445,-3.5183935165405273
adaptive_shard_00010.pt:40,clean,oracle,17.863573683874897,9.518129348754883,9.791936874389648,nan,nan,17.800014452903422,6.554434299468994,6.27708625793457,-0.06355923097147453,-2.9636950492858887,-3.514850616455078
adaptive_shard_00010.pt:41,light,zero,17.63793186347233,13.178567886352539,14.696757316589355,nan,nan,17.61085624122327,9.914095878601074,10.651909828186035,-0.027075622249057574,-3.264472007751465,-4.04484748840332
adaptive_shard_00010.pt:41,light,shuffled,17.63793186347233,13.178567886352539,14.696757316589355,nan,nan,17.617222970560455,9.912236213684082,10.653780937194824,-0.020708892911873278,-3.266331672668457,-4.042976379394531
adaptive_shard_00010.pt:41,light,predicted,17.63793186347233,13.178567886352539,14.696757316589355,nan,nan,17.615984010241608,9.913549423217773,10.652145385742188,-0.021947853230720682,-3.2650184631347656,-4.044611930847168
adaptive_shard_00010.pt:41,light,oracle,17.63793186347233,13.178567886352539,14.696757316589355,nan,nan,17.617925826963972,9.913322448730469,10.652193069458008,-0.020006036508355862,-3.2652454376220703,-4.044564247131348
adaptive_shard_00010.pt:42,medium,zero,17.03563582029866,12.054577827453613,11.647398948669434,nan,nan,17.3470914585252,11.682804107666016,11.861336708068848,0.31145563822654054,-0.37177371978759766,0.21393775939941406
adaptive_shard_00010.pt:42,medium,shuffled,17.03563582029866,12.054577827453613,11.647398948669434,nan,nan,17.354861471081897,11.682358741760254,11.863362312316895,0.3192256507832383,-0.3722190856933594,0.21596336364746094
adaptive_shard_00010.pt:42,medium,predicted,17.03563582029866,12.054577827453613,11.647398948669434,nan,nan,17.351360745535423,11.682595252990723,11.85904312133789,0.3157249252367649,-0.3719825744628906,0.21164417266845703
adaptive_shard_00010.pt:42,medium,oracle,17.03563582029866,12.054577827453613,11.647398948669434,nan,nan,17.35252936815599,11.682565689086914,11.861557006835938,0.31689354785733315,-0.3720121383666992,0.2141580581665039
adaptive_shard_00010.pt:43,heavy,zero,13.440126732912102,14.108384132385254,14.440546989440918,nan,nan,13.520189319511594,13.056429862976074,13.372292518615723,0.08006258659949239,-1.0519542694091797,-1.0682544708251953
adaptive_shard_00010.pt:43,heavy,shuffled,13.440126732912102,14.108384132385254,14.440546989440918,nan,nan,13.52677898014413,13.0820951461792,13.400867462158203,0.08665224723202769,-1.0262889862060547,-1.0396795272827148
adaptive_shard_00010.pt:43,heavy,predicted,13.440126732912102,14.108384132385254,14.440546989440918,nan,nan,13.526726244213414,13.081378936767578,13.400078773498535,0.08659951130131205,-1.0270051956176758,-1.0404682159423828
adaptive_shard_00010.pt:43,heavy,oracle,13.440126732912102,14.108384132385254,14.440546989440918,nan,nan,13.52677898014413,13.0820951461792,13.400867462158203,0.08665224723202769,-1.0262889862060547,-1.0396795272827148
adaptive_shard_00010.pt:68,clean,zero,23.324077696892147,9.476798057556152,9.684996604919434,nan,nan,23.336433026739932,6.811509609222412,6.937492370605469,0.012355329847785868,-2.6652884483337402,-2.747504234313965
adaptive_shard_00010.pt:68,clean,shuffled,23.324077696892147,9.476798057556152,9.684996604919434,nan,nan,23.347902198750287,6.814754009246826,6.941422462463379,0.023824501858140223,-2.662044048309326,-2.7435741424560547
adaptive_shard_00010.pt:68,clean,predicted,23.324077696892147,9.476798057556152,9.684996604919434,nan,nan,23.347631904947647,6.814608573913574,6.941632270812988,0.02355420805550068,-2.662189483642578,-2.7433643341064453
adaptive_shard_00010.pt:68,clean,oracle,23.324077696892147,9.476798057556152,9.684996604919434,nan,nan,23.346337670950312,6.815455436706543,6.944223403930664,0.02225997405816571,-2.6613426208496094,-2.7407732009887695
adaptive_shard_00010.pt:69,light,zero,19.426973514991616,11.927541732788086,12.09488296508789,nan,nan,19.569518088143955,10.743096351623535,11.2445707321167,0.14254457315233893,-1.1844453811645508,-0.8503122329711914
adaptive_shard_00010.pt:69,light,shuffled,19.426973514991616,11.927541732788086,12.09488296508789,nan,nan,19.57414564556125,10.74433422088623,11.25010871887207,0.14717213056963274,-1.1832075119018555,-0.8447742462158203
adaptive_shard_00010.pt:69,light,predicted,19.426973514991616,11.927541732788086,12.09488296508789,nan,nan,19.57275384085394,10.740655899047852,11.230571746826172,0.1457803258623258,-1.1868858337402344,-0.8643112182617188
adaptive_shard_00010.pt:69,light,oracle,19.426973514991616,11.927541732788086,12.09488296508789,nan,nan,19.574130367721047,10.744316101074219,11.250411033630371,0.1471568527294309,-1.1832256317138672,-0.8444719314575195
adaptive_shard_00010.pt:70,medium,zero,19.77916877334599,13.776304244995117,14.015005111694336,nan,nan,19.84705120655729,13.341909408569336,14.285995483398438,0.06788243321129883,-0.43439483642578125,0.27099037170410156
adaptive_shard_00010.pt:70,medium,shuffled,19.77916877334599,13.776304244995117,14.015005111694336,nan,nan,19.85143857139311,13.342568397521973,14.288040161132812,0.0722697980471203,-0.43373584747314453,0.27303504943847656
adaptive_shard_00010.pt:70,medium,predicted,19.77916877334599,13.776304244995117,14.015005111694336,nan,nan,19.852253099364574,13.342185974121094,14.283774375915527,0.07308432601858428,-0.43411827087402344,0.2687692642211914
adaptive_shard_00010.pt:70,medium,oracle,19.77916877334599,13.776304244995117,14.015005111694336,nan,nan,19.85184996841687,13.342263221740723,14.286168098449707,0.07268119507088144,-0.43404102325439453,0.2711629867553711
adaptive_shard_00010.pt:71,heavy,zero,16.856766511760604,14.374943733215332,15.074243545532227,nan,nan,16.956883649815676,13.85390567779541,14.765509605407715,0.10011713805507227,-0.5210380554199219,-0.3087339401245117
adaptive_shard_00010.pt:71,heavy,shuffled,16.856766511760604,14.374943733215332,15.074243545532227,nan,nan,16.963244434889408,13.852411270141602,14.748416900634766,0.10647792312880355,-0.5225324630737305,-0.32582664489746094
adaptive_shard_00010.pt:71,heavy,predicted,16.856766511760604,14.374943733215332,15.074243545532227,nan,nan,16.963239478800592,13.852571487426758,14.748574256896973,0.10647296703998776,-0.5223722457885742,-0.3256692886352539
adaptive_shard_00010.pt:71,heavy,oracle,16.856766511760604,14.374943733215332,15.074243545532227,nan,nan,16.96322833092551,13.85274600982666,14.748761177062988,0.10646181916490605,-0.5221977233886719,-0.3254823684692383
adaptive_shard_00010.pt:84,clean,zero,27.80593665125656,11.936477661132812,12.260908126831055,nan,nan,27.18619210254202,7.241600513458252,5.760813236236572,-0.6197445487145394,-4.6948771476745605,-6.500094890594482
adaptive_shard_00010.pt:84,clean,shuffled,27.80593665125656,11.936477661132812,12.260908126831055,nan,nan,27.219855622952537,7.238251209259033,5.759700298309326,-0.5860810283040223,-4.698226451873779,-6.5012078285217285
adaptive_shard_00010.pt:84,clean,predicted,27.80593665125656,11.936477661132812,12.260908126831055,nan,nan,27.214070916681777,7.24089241027832,5.76309061050415,-0.5918657345747818,-4.695585250854492,-6.497817516326904
adaptive_shard_00010.pt:84,clean,oracle,27.80593665125656,11.936477661132812,12.260908126831055,nan,nan,27.208716105539388,7.243260860443115,5.768019199371338,-0.5972205457171711,-4.693216800689697,-6.492888927459717
adaptive_shard_00010.pt:85,light,zero,26.247943082852146,16.35127067565918,17.513954162597656,nan,nan,25.884853519760085,12.535483360290527,12.748608589172363,-0.36308956309206053,-3.8157873153686523,-4.765345573425293
adaptive_shard_00010.pt:85,light,shuffled,26.247943082852146,16.35127067565918,17.513954162597656,nan,nan,25.902224291374893,12.534211158752441,12.748183250427246,-0.34571879147725326,-3.8170595169067383,-4.76577091217041
adaptive_shard_00010.pt:85,light,predicted,26.247943082852146,16.35127067565918,17.513954162597656,nan,nan,25.911876294197963,12.530231475830078,12.734210968017578,-0.3360667886541826,-3.8210391998291016,-4.779743194580078
adaptive_shard_00010.pt:85,light,oracle,26.247943082852146,16.35127067565918,17.513954162597656,nan,nan,25.89662302526028,12.534777641296387,12.752376556396484,-0.3513200575918667,-3.816493034362793,-4.761577606201172
adaptive_shard_00010.pt:86,medium,zero,21.547196121245666,13.803145408630371,13.98914623260498,nan,nan,21.56349017338939,14.383185386657715,14.625787734985352,0.016294052143724258,0.5800399780273438,0.6366415023803711
adaptive_shard_00010.pt:86,medium,shuffled,21.547196121245666,13.803145408630371,13.98914623260498,nan,nan,21.59787413868164,14.334778785705566,14.56550407409668,0.050678017435974,0.5316333770751953,0.5763578414916992
adaptive_shard_00010.pt:86,medium,predicted,21.547196121245666,13.803145408630371,13.98914623260498,nan,nan,21.5676783183197,14.379365921020508,14.621866226196289,0.020482197074034758,0.5762205123901367,0.6327199935913086
adaptive_shard_00010.pt:86,medium,oracle,21.547196121245666,13.803145408630371,13.98914623260498,nan,nan,21.564918349937994,14.381426811218262,14.624274253845215,0.0177222286923282,0.5782814025878906,0.6351280212402344
adaptive_shard_00010.pt:87,heavy,zero,18.1834666384535,14.320527076721191,14.621567726135254,nan,nan,18.02401559180065,14.534886360168457,14.643020629882812,-0.1594510466528476,0.21435928344726562,0.021452903747558594
adaptive_shard_00010.pt:87,heavy,shuffled,18.1834666384535,14.320527076721191,14.621567726135254,nan,nan,18.0585683919259,14.495981216430664,14.612024307250977,-0.12489824652760007,0.17545413970947266,-0.009543418884277344
adaptive_shard_00010.pt:87,heavy,predicted,18.1834666384535,14.320527076721191,14.621567726135254,nan,nan,18.059100126105193,14.495244026184082,14.611382484436035,-0.1243665123483062,0.17471694946289062,-0.01018524169921875
adaptive_shard_00010.pt:87,heavy,oracle,18.1834666384535,14.320527076721191,14.621567726135254,nan,nan,18.058600357803915,14.49593448638916,14.611984252929688,-0.12486628064958438,0.17540740966796875,-0.009583473205566406
adaptive_shard_00010.pt:88,clean,zero,27.734665336597708,12.651717185974121,12.838736534118652,nan,nan,25.96891467180733,7.141376495361328,6.564782619476318,-1.765750664790378,-5.510340690612793,-6.273953914642334
adaptive_shard_00010.pt:88,clean,shuffled,27.734665336597708,12.651717185974121,12.838736534118652,nan,nan,26.037372816550743,7.138355731964111,6.5648016929626465,-1.6972925200469646,-5.51336145401001,-6.273934841156006
adaptive_shard_00010.pt:88,clean,predicted,27.734665336597708,12.651717185974121,12.838736534118652,nan,nan,26.01995624988643,7.140244007110596,6.566087245941162,-1.7147090867112773,-5.511473178863525,-6.27264928817749
adaptive_shard_00010.pt:88,clean,oracle,27.734665336597708,12.651717185974121,12.838736534118652,nan,nan,26.03295360205798,7.143505096435547,6.571799278259277,-1.7017117345397281,-5.508212089538574,-6.266937255859375
adaptive_shard_00010.pt:89,light,zero,26.745672644326596,16.7988338470459,20.318675994873047,nan,nan,25.330764030265787,10.994096755981445,12.779584884643555,-1.4149086140608098,-5.804737091064453,-7.539091110229492
adaptive_shard_00010.pt:89,light,shuffled,26.745672644326596,16.7988338470459,20.318675994873047,nan,nan,25.38996022730084,10.990684509277344,12.778048515319824,-1.3557124170257566,-5.808149337768555,-7.540627479553223
adaptive_shard_00010.pt:89,light,predicted,26.745672644326596,16.7988338470459,20.318675994873047,nan,nan,25.32155516638836,10.995450973510742,12.781679153442383,-1.4241174779382355,-5.803382873535156,-7.536996841430664
adaptive_shard_00010.pt:89,light,oracle,26.745672644326596,16.7988338470459,20.318675994873047,nan,nan,25.38996022730084,10.990684509277344,12.778048515319824,-1.3557124170257566,-5.808149337768555,-7.540627479553223
adaptive_shard_00010.pt:90,medium,zero,18.810312746478825,13.351068496704102,15.194257736206055,nan,nan,18.91907686426169,13.962870597839355,15.977678298950195,0.1087641177828651,0.6118021011352539,0.7834205627441406
adaptive_shard_00010.pt:90,medium,shuffled,18.810312746478825,13.351068496704102,15.194257736206055,nan,nan,18.927372580158984,13.961545944213867,15.976852416992188,0.11705983368015893,0.6104774475097656,0.7825946807861328
adaptive_shard_00010.pt:90,medium,predicted,18.810312746478825,13.351068496704102,15.194257736206055,nan,nan,18.92713759371736,13.958883285522461,15.973369598388672,0.11682484723853648,0.6078147888183594,0.7791118621826172
adaptive_shard_00010.pt:90,medium,oracle,18.810312746478825,13.351068496704102,15.194257736206055,nan,nan,18.927405500970366,13.96148681640625,15.976777076721191,0.11709275449154077,0.6104183197021484,0.7825193405151367
adaptive_shard_00010.pt:91,heavy,zero,14.701518670037782,14.078808784484863,14.95947551727295,nan,nan,14.678295860702802,14.063467979431152,15.129377365112305,-0.02322280933498,-0.015340805053710938,0.16990184783935547
adaptive_shard_00010.pt:91,heavy,shuffled,14.701518670037782,14.078808784484863,14.95947551727295,nan,nan,14.68304029408186,14.062872886657715,15.129144668579102,-0.018478375955922388,-0.015935897827148438,0.16966915130615234
adaptive_shard_00010.pt:91,heavy,predicted,14.701518670037782,14.078808784484863,14.95947551727295,nan,nan,14.698676206046803,14.022268295288086,15.084813117980957,-0.0028424639909783167,-0.056540489196777344,0.1253376007080078
adaptive_shard_00010.pt:91,heavy,oracle,14.701518670037782,14.078808784484863,14.95947551727295,nan,nan,14.698633664482443,14.022403717041016,15.084959983825684,-0.002885005555338438,-0.056405067443847656,0.12548446655273438
adaptive_shard_00010.pt:100,clean,zero,-8.440669578010132,8.869181632995605,8.636143684387207,nan,nan,-8.251899526228472,10.327266693115234,8.85159969329834,0.18877005178165973,1.458085060119629,0.2154560089111328
adaptive_shard_00010.pt:100,clean,shuffled,-8.440669578010132,8.869181632995605,8.636143684387207,nan,nan,-8.25212717698456,10.32153606414795,8.847826957702637,0.18854240102557185,1.4523544311523438,0.2116832733154297
adaptive_shard_00010.pt:100,clean,predicted,-8.440669578010132,8.869181632995605,8.636143684387207,nan,nan,-8.252060943802201,10.32477855682373,8.8502836227417,0.18860863420793095,1.455596923828125,0.2141399383544922
adaptive_shard_00010.pt:100,clean,oracle,-8.440669578010132,8.869181632995605,8.636143684387207,nan,nan,-8.250998861512265,10.320544242858887,8.841619491577148,0.18967071649786682,1.4513626098632812,0.2054758071899414
adaptive_shard_00010.pt:101,light,zero,-8.248043753275901,11.217546463012695,11.460050582885742,nan,nan,-8.074531914190745,11.633695602416992,9.892998695373535,0.17351183908515644,0.4161491394042969,-1.567051887512207
adaptive_shard_00010.pt:101,light,shuffled,-8.248043753275901,11.217546463012695,11.460050582885742,nan,nan,-8.073284462571337,11.628103256225586,9.881816864013672,0.1747592907045643,0.4105567932128906,-1.5782337188720703
adaptive_shard_00010.pt:101,light,predicted,-8.248043753275901,11.217546463012695,11.460050582885742,nan,nan,-8.073393439736067,11.630939483642578,9.883505821228027,0.17465031353983385,0.4133930206298828,-1.5765447616577148
adaptive_shard_00010.pt:101,light,oracle,-8.248043753275901,11.217546463012695,11.460050582885742,nan,nan,-8.073284462571337,11.628103256225586,9.881816864013672,0.1747592907045643,0.4105567932128906,-1.5782337188720703
adaptive_shard_00010.pt:102,medium,zero,-7.636701197678572,10.177312850952148,10.116963386535645,nan,nan,-7.462753826957819,11.147605895996094,9.934649467468262,0.17394737072075284,0.9702930450439453,-0.1823139190673828
adaptive_shard_00010.pt:102,medium,shuffled,-7.636701197678572,10.177312850952148,10.116963386535645,nan,nan,-7.461057376302493,11.143186569213867,9.925806045532227,0.17564382137607826,0.9658737182617188,-0.19115734100341797
adaptive_shard_00010.pt:102,medium,predicted,-7.636701197678572,10.177312850952148,10.116963386535645,nan,nan,-7.471251959457955,11.123210906982422,9.973549842834473,0.1654492382206163,0.9458980560302734,-0.14341354370117188
adaptive_shard_00010.pt:102,medium,oracle,-7.636701197678572,10.177312850952148,10.116963386535645,nan,nan,-7.4623056797044915,11.142986297607422,9.931997299194336,0.17439551797408015,0.9656734466552734,-0.1849660873413086
adaptive_shard_00010.pt:103,heavy,zero,-6.256175057349969,9.667006492614746,9.43843936920166,nan,nan,-6.082861069059113,10.014644622802734,9.28897762298584,0.17331398829085565,0.3476381301879883,-0.1494617462158203
adaptive_shard_00010.pt:103,heavy,shuffled,-6.256175057349969,9.667006492614746,9.43843936920166,nan,nan,-6.079546329227256,10.014988899230957,9.286559104919434,0.17662872812271324,0.34798240661621094,-0.15188026428222656
adaptive_shard_00010.pt:103,heavy,predicted,-6.256175057349969,9.667006492614746,9.43843936920166,nan,nan,-6.0941577843272245,9.960246086120605,9.283967018127441,0.1620172730227445,0.2932395935058594,-0.15447235107421875
adaptive_shard_00010.pt:103,heavy,oracle,-6.256175057349969,9.667006492614746,9.43843936920166,nan,nan,-6.094053373264901,9.960813522338867,9.284406661987305,0.16212168408506766,0.2938070297241211,-0.15403270721435547
adaptive_shard_00010.pt:120,clean,zero,22.069643489336876,10.736991882324219,11.101556777954102,nan,nan,21.918991858163768,6.257892608642578,5.875563144683838,-0.1506516311731083,-4.479099273681641,-5.225993633270264
adaptive_shard_00010.pt:120,clean,shuffled,22.069643489336876,10.736991882324219,11.101556777954102,nan,nan,21.936702177072796,6.259443759918213,5.880914211273193,-0.13294131226408012,-4.477548122406006,-5.220642566680908
adaptive_shard_00010.pt:120,clean,predicted,22.069643489336876,10.736991882324219,11.101556777954102,nan,nan,21.93352786220794,6.259115219116211,5.878389358520508,-0.13611562712893743,-4.477876663208008,-5.223167419433594
adaptive_shard_00010.pt:120,clean,oracle,22.069643489336876,10.736991882324219,11.101556777954102,nan,nan,21.936702177072796,6.259443759918213,5.880914211273193,-0.13294131226408012,-4.477548122406006,-5.220642566680908
adaptive_shard_00010.pt:121,light,zero,20.468434249598065,12.310826301574707,14.42885684967041,nan,nan,20.510996364754842,10.074236869812012,11.55274772644043,0.04256211515677677,-2.2365894317626953,-2.8761091232299805
adaptive_shard_00010.pt:121,light,shuffled,20.468434249598065,12.310826301574707,14.42885684967041,nan,nan,20.523687073925835,10.072453498840332,11.554109573364258,0.0552528243277699,-2.238372802734375,-2.8747472763061523
adaptive_shard_00010.pt:121,light,predicted,20.468434249598065,12.310826301574707,14.42885684967041,nan,nan,20.516573957364244,10.074239730834961,11.556513786315918,0.04813970776617893,-2.236586570739746,-2.872343063354492
adaptive_shard_00010.pt:121,light,oracle,20.468434249598065,12.310826301574707,14.42885684967041,nan,nan,20.52374181932249,10.072277069091797,11.551990509033203,0.05530756972442319,-2.23854923248291,-2.876866340637207
adaptive_shard_00010.pt:122,medium,zero,21.055410010186165,13.252358436584473,12.915000915527344,nan,nan,21.051222627923867,13.025924682617188,12.768219947814941,-0.0041873822622982,-0.22643375396728516,-0.14678096771240234
adaptive_shard_00010.pt:122,medium,shuffled,21.055410010186165,13.252358436584473,12.915000915527344,nan,nan,21.109043863583445,13.010602951049805,12.754865646362305,0.05363385339727955,-0.24175548553466797,-0.16013526916503906
adaptive_shard_00010.pt:122,medium,predicted,21.055410010186165,13.252358436584473,12.915000915527344,nan,nan,21.067827972002103,13.024393081665039,12.765615463256836,0.012417961815938128,-0.2279653549194336,-0.1493854522705078
adaptive_shard_00010.pt:122,medium,oracle,21.055410010186165,13.252358436584473,12.915000915527344,nan,nan,21.066795285367345,13.025494575500488,12.767549514770508,0.011385275181179821,-0.22686386108398438,-0.14745140075683594
adaptive_shard_00010.pt:123,heavy,zero,18.230612875297783,13.723973274230957,13.463156700134277,nan,nan,18.147801056902736,13.140024185180664,12.735297203063965,-0.08281181839504725,-0.583949089050293,-0.7278594970703125
adaptive_shard_00010.pt:123,heavy,shuffled,18.230612875297783,13.723973274230957,13.463156700134277,nan,nan,18.156398495688105,13.14181137084961,12.73828411102295,-0.07421437960967836,-0.5821619033813477,-0.7248725891113281
adaptive_shard_00010.pt:123,heavy,predicted,18.230612875297783,13.723973274230957,13.463156700134277,nan,nan,18.18752621814364,13.138150215148926,12.741361618041992,-0.04308665715414506,-0.5858230590820312,-0.7217950820922852
adaptive_shard_00010.pt:123,heavy,oracle,18.230612875297783,13.723973274230957,13.463156700134277,nan,nan,18.187184970145363,13.138168334960938,12.7413330078125,-0.04342790515242001,-0.5858049392700195,-0.7218236923217773
adaptive_shard_00011.pt:16,clean,zero,25.9961554271122,10.057723999023438,10.099404335021973,nan,nan,25.24808013829205,5.938292503356934,5.422000885009766,-0.7480752888201501,-4.119431495666504,-4.677403450012207
adaptive_shard_00011.pt:16,clean,shuffled,25.9961554271122,10.057723999023438,10.099404335021973,nan,nan,25.270709696720573,5.937117576599121,5.426608562469482,-0.7254457303916269,-4.120606422424316,-4.67279577255249
adaptive_shard_00011.pt:16,clean,predicted,25.9961554271122,10.057723999023438,10.099404335021973,nan,nan,25.271149749524,5.938727855682373,5.424778938293457,-0.7250056775882001,-4.1189961433410645,-4.674625396728516
adaptive_shard_00011.pt:16,clean,oracle,25.9961554271122,10.057723999023438,10.099404335021973,nan,nan,25.270709696720573,5.937117576599121,5.426608562469482,-0.7254457303916269,-4.120606422424316,-4.67279577255249
adaptive_shard_00011.pt:17,light,zero,23.667652667945834,11.988178253173828,13.092949867248535,nan,nan,23.430275678775022,8.874320030212402,9.600057601928711,-0.23737698917081218,-3.113858222961426,-3.492892265319824
adaptive_shard_00011.pt:17,light,shuffled,23.667652667945834,11.988178253173828,13.092949867248535,nan,nan,23.447860666278114,8.871682167053223,9.601112365722656,-0.21979200166772017,-3.1164960861206055,-3.491837501525879
adaptive_shard_00011.pt:17,light,predicted,23.667652667945834,11.988178253173828,13.092949867248535,nan,nan,23.447083472300324,8.877676963806152,9.594975471496582,-0.2205691956455098,-3.110501289367676,-3.497974395751953
adaptive_shard_00011.pt:17,light,oracle,23.667652667945834,11.988178253173828,13.092949867248535,nan,nan,23.445666314326555,8.871898651123047,9.601420402526855,-0.221986353619279,-3.1162796020507812,-3.4915294647216797
adaptive_shard_00011.pt:18,medium,zero,23.052977246161706,10.995339393615723,11.587815284729004,nan,nan,22.829031123399375,10.8392333984375,11.98835277557373,-0.2239461227623316,-0.15610599517822266,0.40053749084472656
adaptive_shard_00011.pt:18,medium,shuffled,23.052977246161706,10.995339393615723,11.587815284729004,nan,nan,22.84157074972279,10.838154792785645,11.986823081970215,-0.21140649643891507,-0.15718460083007812,0.39900779724121094
adaptive_shard_00011.pt:18,medium,predicted,23.052977246161706,10.995339393615723,11.587815284729004,nan,nan,22.841184753109044,10.838603019714355,11.986756324768066,-0.21179249305266268,-0.1567363739013672,0.3989410400390625
adaptive_shard_00011.pt:18,medium,oracle,23.052977246161706,10.995339393615723,11.587815284729004,nan,nan,22.849428130255653,10.838943481445312,11.985162734985352,-0.2035491159060534,-0.15639591217041016,0.39734745025634766
adaptive_shard_00011.pt:19,heavy,zero,18.039649598695217,12.182501792907715,12.126537322998047,nan,nan,17.978859676193185,11.327975273132324,11.612149238586426,-0.06078992250203186,-0.8545265197753906,-0.5143880844116211
adaptive_shard_00011.pt:19,heavy,shuffled,18.039649598695217,12.182501792907715,12.126537322998047,nan,nan,17.983164610628528,11.328761100769043,11.613007545471191,-0.05648498806668911,-0.8537406921386719,-0.5135297775268555
adaptive_shard_00011.pt:19,heavy,predicted,18.039649598695217,12.182501792907715,12.126537322998047,nan,nan,18.00886040114534,11.33914852142334,11.61225700378418,-0.030789197549875524,-0.843353271484375,-0.5142803192138672
adaptive_shard_00011.pt:19,heavy,oracle,18.039649598695217,12.182501792907715,12.126537322998047,nan,nan,18.008450444101168,11.338786125183105,11.6119966506958,-0.03119915459404865,-0.8437156677246094,-0.5145406723022461
adaptive_shard_00011.pt:76,clean,zero,19.43263636267972,12.086688041687012,12.765172004699707,nan,nan,19.49837692782213,6.3546319007873535,5.1522932052612305,0.06574056514240922,-5.732056140899658,-7.612878799438477
adaptive_shard_00011.pt:76,clean,shuffled,19.43263636267972,12.086688041687012,12.765172004699707,nan,nan,19.531573059543412,6.389109134674072,5.171678066253662,0.09893669686369222,-5.6975789070129395,-7.593493938446045
adaptive_shard_00011.pt:76,clean,predicted,19.43263636267972,12.086688041687012,12.765172004699707,nan,nan,19.50383897148794,6.3535990715026855,5.152958869934082,0.07120260880822116,-5.733088970184326,-7.612213134765625
adaptive_shard_00011.pt:76,clean,oracle,19.43263636267972,12.086688041687012,12.765172004699707,nan,nan,19.50411244906711,6.352882385253906,5.153504848480225,0.071476086387392,-5.7338056564331055,-7.611667156219482
adaptive_shard_00011.pt:77,light,zero,17.78462349020088,16.224933624267578,19.021194458007812,nan,nan,17.87139654918986,10.579530715942383,11.294256210327148,0.08677305898898169,-5.645402908325195,-7.726938247680664
adaptive_shard_00011.pt:77,light,shuffled,17.78462349020088,16.224933624267578,19.021194458007812,nan,nan,17.886270759390644,10.65257453918457,11.344685554504395,0.10164726918976541,-5.572359085083008,-7.676508903503418
adaptive_shard_00011.pt:77,light,predicted,17.78462349020088,16.224933624267578,19.021194458007812,nan,nan,17.87197271036559,10.573782920837402,11.290651321411133,0.08734922016471103,-5.651150703430176,-7.73054313659668
adaptive_shard_00011.pt:77,light,oracle,17.78462349020088,16.224933624267578,19.021194458007812,nan,nan,17.876224311097303,10.575730323791504,11.290584564208984,0.0916008208964243,-5.649203300476074,-7.730609893798828
adaptive_shard_00011.pt:78,medium,zero,17.657289764688723,11.485824584960938,12.712284088134766,nan,nan,17.915764556902094,11.660079956054688,12.624115943908691,0.2584747922133701,0.17425537109375,-0.08816814422607422
adaptive_shard_00011.pt:78,medium,shuffled,17.657289764688723,11.485824584960938,12.712284088134766,nan,nan,17.91737836043109,11.657608985900879,12.623903274536133,0.2600885957423671,0.1717844009399414,-0.08838081359863281
adaptive_shard_00011.pt:78,medium,predicted,17.657289764688723,11.485824584960938,12.712284088134766,nan,nan,17.918822684423617,11.657997131347656,12.622743606567383,0.26153291973489345,0.17217254638671875,-0.08954048156738281
adaptive_shard_00011.pt:78,medium,oracle,17.657289764688723,11.485824584960938,12.712284088134766,nan,nan,17.91737836043109,11.657608985900879,12.623903274536133,0.2600885957423671,0.1717844009399414,-0.08838081359863281
adaptive_shard_00011.pt:79,heavy,zero,15.33015332986511,13.21419906616211,13.683663368225098,nan,nan,15.473987771682323,12.778392791748047,13.14117431640625,0.14383444181721217,-0.4358062744140625,-0.5424890518188477
adaptive_shard_00011.pt:79,heavy,shuffled,15.33015332986511,13.21419906616211,13.683663368225098,nan,nan,15.474384358640192,12.776185035705566,13.139205932617188,0.14423102877508143,-0.43801403045654297,-0.5444574356079102
adaptive_shard_00011.pt:79,heavy,predicted,15.33015332986511,13.21419906616211,13.683663368225098,nan,nan,15.468424210591419,12.766600608825684,13.13183879852295,0.13827088072630822,-0.4475984573364258,-0.5518245697021484
adaptive_shard_00011.pt:79,heavy,oracle,15.33015332986511,13.21419906616211,13.683663368225098,nan,nan,15.46833426166774,12.76652717590332,13.131783485412598,0.1381809318026299,-0.44767189025878906,-0.5518798828125
adaptive_shard_00011.pt:100,clean,zero,28.046889751742935,7.597172260284424,7.6684064865112305,nan,nan,26.76245784432217,6.82082462310791,6.879748821258545,-1.284431907420764,-0.7763476371765137,-0.7886576652526855
adaptive_shard_00011.pt:100,clean,shuffled,28.046889751742935,7.597172260284424,7.6684064865112305,nan,nan,26.787872626265038,6.82649040222168,6.887561321258545,-1.2590171254778966,-0.7706818580627441,-0.7808451652526855
adaptive_shard_00011.pt:100,clean,predicted,28.046889751742935,7.597172260284424,7.6684064865112305,nan,nan,26.79357266400327,6.8223466873168945,6.882862091064453,-1.2533170877396635,-0.7748255729675293,-0.7855443954467773
adaptive_shard_00011.pt:100,clean,oracle,28.046889751742935,7.597172260284424,7.6684064865112305,nan,nan,26.79270905194047,6.8260817527771,6.887796878814697,-1.2541806998024647,-0.7710905075073242,-0.7806096076965332
adaptive_shard_00011.pt:101,light,zero,21.77107474513704,12.07319450378418,14.724435806274414,nan,nan,21.614554634150373,11.317381858825684,13.28011703491211,-0.15652011098666563,-0.7558126449584961,-1.4443187713623047
adaptive_shard_00011.pt:101,light,shuffled,21.77107474513704,12.07319450378418,14.724435806274414,nan,nan,21.627105037840426,11.315596580505371,13.27908992767334,-0.14396970729661263,-0.7575979232788086,-1.4453458786010742
adaptive_shard_00011.pt:101,light,predicted,21.77107474513704,12.07319450378418,14.724435806274414,nan,nan,21.622724245952632,11.316402435302734,13.279515266418457,-0.14835049918440646,-0.7567920684814453,-1.444920539855957
adaptive_shard_00011.pt:101,light,oracle,21.77107474513704,12.07319450378418,14.724435806274414,nan,nan,21.627105037840426,11.315596580505371,13.27908992767334,-0.14396970729661263,-0.7575979232788086,-1.4453458786010742
adaptive_shard_00011.pt:102,medium,zero,20.67829711239311,15.17558479309082,16.05913734436035,nan,nan,20.48618693286325,15.014883041381836,15.906009674072266,-0.19211017952985898,-0.16070175170898438,-0.15312767028808594
adaptive_shard_00011.pt:102,medium,shuffled,20.67829711239311,15.17558479309082,16.05913734436035,nan,nan,20.493285094727103,15.013099670410156,15.905104637145996,-0.18501201766600772,-0.16248512268066406,-0.15403270721435547
adaptive_shard_00011.pt:102,medium,predicted,20.67829711239311,15.17558479309082,16.05913734436035,nan,nan,20.495344776835726,15.014164924621582,15.904865264892578,-0.18295233555738477,-0.16141986846923828,-0.15427207946777344
adaptive_shard_00011.pt:102,medium,oracle,20.67829711239311,15.17558479309082,16.05913734436035,nan,nan,20.493285094727103,15.013099670410156,15.905104637145996,-0.18501201766600772,-0.16248512268066406,-0.15403270721435547
adaptive_shard_00011.pt:103,heavy,zero,16.92967175282885,16.09353256225586,16.611284255981445,nan,nan,16.715138282627574,15.57402229309082,16.012914657592773,-0.21453347020127467,-0.5195102691650391,-0.5983695983886719
adaptive_shard_00011.pt:103,heavy,shuffled,16.92967175282885,16.09353256225586,16.611284255981445,nan,nan,16.716496651703025,15.574369430541992,16.013456344604492,-0.21317510112582383,-0.5191631317138672,-0.5978279113769531
adaptive_shard_00011.pt:103,heavy,predicted,16.92967175282885,16.09353256225586,16.611284255981445,nan,nan,16.756216413871268,15.585572242736816,16.039745330810547,-0.1734553389575808,-0.507960319519043,-0.5715389251708984
adaptive_shard_00011.pt:103,heavy,oracle,16.92967175282885,16.09353256225586,16.611284255981445,nan,nan,16.75576132384561,15.58535099029541,16.03926658630371,-0.1739104289832376,-0.5081815719604492,-0.5720176696777344
adaptive_shard_00011.pt:124,clean,zero,22.51337087185441,7.923935890197754,8.063161849975586,nan,nan,22.703667411103346,6.0441999435424805,5.963559150695801,0.19029653924893708,-1.8797359466552734,-2.099602699279785
adaptive_shard_00011.pt:124,clean,shuffled,22.51337087185441,7.923935890197754,8.063161849975586,nan,nan,22.717757150528865,6.047152996063232,5.969217300415039,0.20438627867445547,-1.8767828941345215,-2.093944549560547
adaptive_shard_00011.pt:124,clean,predicted,22.51337087185441,7.923935890197754,8.063161849975586,nan,nan,22.71635561915773,6.045889377593994,5.966751575469971,0.20298474730332217,-1.8780465126037598,-2.0964102745056152
adaptive_shard_00011.pt:124,clean,oracle,22.51337087185441,7.923935890197754,8.063161849975586,nan,nan,22.717757150528865,6.047152996063232,5.969217300415039,0.20438627867445547,-1.8767828941345215,-2.093944549560547
adaptive_shard_00011.pt:125,light,zero,21.24754478524443,13.068721771240234,13.649059295654297,nan,nan,21.464087871289514,10.377727508544922,10.365206718444824,0.21654308604508543,-2.6909942626953125,-3.2838525772094727
adaptive_shard_00011.pt:125,light,shuffled,21.24754478524443,13.068721771240234,13.649059295654297,nan,nan,21.474034264194334,10.376256942749023,10.368483543395996,0.22648947894990457,-2.692464828491211,-3.280575752258301
adaptive_shard_00011.pt:125,light,predicted,21.24754478524443,13.068721771240234,13.649059295654297,nan,nan,21.470601493956025,10.379110336303711,10.357741355895996,0.22305670871159577,-2.6896114349365234,-3.291317939758301
adaptive_shard_00011.pt:125,light,oracle,21.24754478524443,13.068721771240234,13.649059295654297,nan,nan,21.474034264194334,10.376256942749023,10.368483543395996,0.22648947894990457,-2.692464828491211,-3.280575752258301
adaptive_shard_00011.pt:126,medium,zero,20.747370232464547,12.987288475036621,13.276516914367676,nan,nan,21.035344340522308,12.896782875061035,13.480569839477539,0.28797410805776025,-0.09050559997558594,0.20405292510986328
adaptive_shard_00011.pt:126,medium,shuffled,20.747370232464547,12.987288475036621,13.276516914367676,nan,nan,21.05772783366931,12.894350051879883,13.45391845703125,0.31035760120476397,-0.09293842315673828,0.17740154266357422
adaptive_shard_00011.pt:126,medium,predicted,20.747370232464547,12.987288475036621,13.276516914367676,nan,nan,21.043461302877347,12.896369934082031,13.479508399963379,0.2960910704127997,-0.09091854095458984,0.20299148559570312
adaptive_shard_00011.pt:126,medium,oracle,20.747370232464547,12.987288475036621,13.276516914367676,nan,nan,21.044453413328124,12.896286010742188,13.480545043945312,0.2970831808635772,-0.0910024642944336,0.20402812957763672
adaptive_shard_00011.pt:127,heavy,zero,16.851489087533903,13.58733081817627,13.5012788772583,nan,nan,16.96411151519625,13.02246379852295,13.021180152893066,0.1126224276623482,-0.5648670196533203,-0.4800987243652344
adaptive_shard_00011.pt:127,heavy,shuffled,16.851489087533903,13.58733081817627,13.5012788772583,nan,nan,16.974917453001616,13.027018547058105,13.018220901489258,0.12342836546771352,-0.5603122711181641,-0.48305797576904297
adaptive_shard_00011.pt:127,heavy,predicted,16.851489087533903,13.58733081817627,13.5012788772583,nan,nan,16.974915418315106,13.027013778686523,13.018211364746094,0.12342633078120357,-0.5603170394897461,-0.48306751251220703
adaptive_shard_00011.pt:127,heavy,oracle,16.851489087533903,13.58733081817627,13.5012788772583,nan,nan,16.974917453001616,13.027018547058105,13.018220901489258,0.12342836546771352,-0.5603122711181641,-0.48305797576904297
adaptive_shard_00012.pt:124,clean,zero,22.045127074961904,14.666934967041016,15.097126007080078,nan,nan,21.958669457967673,7.81549596786499,6.704733371734619,-0.08645761699423105,-6.851438999176025,-8.392392635345459
adaptive_shard_00012.pt:124,clean,shuffled,22.045127074961904,14.666934967041016,15.097126007080078,nan,nan,22.014706716165758,7.792568683624268,6.597402572631836,-0.03042035879614602,-6.874366283416748,-8.499723434448242
adaptive_shard_00012.pt:124,clean,predicted,22.045127074961904,14.666934967041016,15.097126007080078,nan,nan,21.97320998841054,7.81220006942749,6.706810474395752,-0.07191708655136253,-6.854734897613525,-8.390315532684326
adaptive_shard_00012.pt:124,clean,oracle,22.045127074961904,14.666934967041016,15.097126007080078,nan,nan,21.977644891740077,7.810513019561768,6.709847927093506,-0.06748218322182709,-6.856421947479248,-8.387278079986572
adaptive_shard_00012.pt:125,light,zero,21.91627826845116,14.915511131286621,16.276865005493164,nan,nan,21.84146145198856,9.081650733947754,8.632038116455078,-0.0748168164625973,-5.833860397338867,-7.644826889038086
adaptive_shard_00012.pt:125,light,shuffled,21.91627826845116,14.915511131286621,16.276865005493164,nan,nan,21.860656323243365,9.078864097595215,8.636225700378418,-0.05562194520779329,-5.836647033691406,-7.640639305114746
adaptive_shard_00012.pt:125,light,predicted,21.91627826845116,14.915511131286621,16.276865005493164,nan,nan,21.848782325820824,9.081136703491211,8.635666847229004,-0.06749594263033387,-5.83437442779541,-7.64119815826416
adaptive_shard_00012.pt:125,light,oracle,21.91627826845116,14.915511131286621,16.276865005493164,nan,nan,21.860139760311736,9.078885078430176,8.63300895690918,-0.05613850813942278,-5.836626052856445,-7.643856048583984
adaptive_shard_00012.pt:126,medium,zero,24.504480715423394,10.900125503540039,10.538872718811035,nan,nan,24.907148875236977,10.7979736328125,9.70404052734375,0.40266815981358306,-0.10215187072753906,-0.8348321914672852
adaptive_shard_00012.pt:126,medium,shuffled,24.504480715423394,10.900125503540039,10.538872718811035,nan,nan,24.94036845693143,10.794737815856934,9.703551292419434,0.43588774150803644,-0.10538768768310547,-0.8353214263916016
adaptive_shard_00012.pt:126,medium,predicted,24.504480715423394,10.900125503540039,10.538872718811035,nan,nan,24.929237490817847,10.796606063842773,9.703567504882812,0.424756775394453,-0.10351943969726562,-0.8353052139282227
adaptive_shard_00012.pt:126,medium,oracle,24.504480715423394,10.900125503540039,10.538872718811035,nan,nan,24.93259345215211,10.795559883117676,9.703815460205078,0.4281127367287141,-0.10456562042236328,-0.835057258605957
adaptive_shard_00012.pt:127,heavy,zero,19.657638424077835,12.854799270629883,12.95747184753418,nan,nan,19.699992337547133,11.891695976257324,11.707880020141602,0.04235391346929873,-0.9631032943725586,-1.2495918273925781
adaptive_shard_00012.pt:127,heavy,shuffled,19.657638424077835,12.854799270629883,12.95747184753418,nan,nan,19.702552114917395,11.893706321716309,11.711474418640137,0.04491369083956087,-0.9610929489135742,-1.245997428894043
adaptive_shard_00012.pt:127,heavy,predicted,19.657638424077835,12.854799270629883,12.95747184753418,nan,nan,19.71271257740707,11.903711318969727,11.72904109954834,0.05507415332923671,-0.9510879516601562,-1.2284307479858398
adaptive_shard_00012.pt:127,heavy,oracle,19.657638424077835,12.854799270629883,12.95747184753418,nan,nan,19.71269912121377,11.903702735900879,11.728983879089355,0.055060697135935754,-0.9510965347290039,-1.2284879684448242
adaptive_shard_00013.pt:68,clean,zero,5.413942326840846,9.645059585571289,9.639314651489258,nan,nan,5.562017029138374,7.870258331298828,7.27345085144043,0.14807470229752795,-1.774801254272461,-2.365863800048828
adaptive_shard_00013.pt:68,clean,shuffled,5.413942326840846,9.645059585571289,9.639314651489258,nan,nan,5.550753987530053,7.813551902770996,7.151212692260742,0.13681166068920625,-1.831507682800293,-2.4881019592285156
adaptive_shard_00013.pt:68,clean,predicted,5.413942326840846,9.645059585571289,9.639314651489258,nan,nan,5.563295554508619,7.872677326202393,7.279303550720215,0.14935322766777226,-1.7723822593688965,-2.360011100769043
adaptive_shard_00013.pt:68,clean,oracle,5.413942326840846,9.645059585571289,9.639314651489258,nan,nan,5.564014191925775,7.874019622802734,7.282687664031982,0.15007186508492865,-1.7710399627685547,-2.3566269874572754
adaptive_shard_00013.pt:69,light,zero,5.186841344007704,10.535529136657715,10.791675567626953,nan,nan,5.316279898896513,8.472685813903809,7.540189743041992,0.12943855488880907,-2.0628433227539062,-3.251485824584961
adaptive_shard_00013.pt:69,light,shuffled,5.186841344007704,10.535529136657715,10.791675567626953,nan,nan,5.318221008627163,8.473345756530762,7.546807289123535,0.13137966461945894,-2.062183380126953,-3.244868278503418
adaptive_shard_00013.pt:69,light,predicted,5.186841344007704,10.535529136657715,10.791675567626953,nan,nan,5.317863526604167,8.475144386291504,7.549177169799805,0.13102218259646303,-2.060384750366211,-3.2424983978271484
adaptive_shard_00013.pt:69,light,oracle,5.186841344007704,10.535529136657715,10.791675567626953,nan,nan,5.317631799148765,8.472265243530273,7.542947769165039,0.13079045514106102,-2.0632638931274414,-3.248727798461914
adaptive_shard_00013.pt:70,medium,zero,7.255207718737103,11.09962272644043,9.651861190795898,nan,nan,7.5033861675689355,10.714703559875488,8.69753646850586,0.24817844883183238,-0.3849191665649414,-0.9543247222900391
adaptive_shard_00013.pt:70,medium,shuffled,7.255207718737103,11.09962272644043,9.651861190795898,nan,nan,7.50153001657069,10.718100547790527,8.695844650268555,0.24632229783358728,-0.38152217864990234,-0.9560165405273438
adaptive_shard_00013.pt:70,medium,predicted,7.255207718737103,11.09962272644043,9.651861190795898,nan,nan,7.504235904858895,10.71526050567627,8.698324203491211,0.24902818612179178,-0.38436222076416016,-0.9535369873046875
adaptive_shard_00013.pt:70,medium,oracle,7.255207718737103,11.09962272644043,9.651861190795898,nan,nan,7.50490614068375,10.715055465698242,8.699041366577148,0.24969842194664693,-0.3845672607421875,-0.95281982421875
adaptive_shard_00013.pt:71,heavy,zero,7.979239652714865,12.956624031066895,12.06200122833252,nan,nan,8.341959192147412,12.153225898742676,10.624275207519531,0.36271953943254687,-0.8033981323242188,-1.4377260208129883
adaptive_shard_00013.pt:71,heavy,shuffled,7.979239652714865,12.956624031066895,12.06200122833252,nan,nan,8.313213356104626,12.166232109069824,10.654153823852539,0.33397370338976096,-0.7903919219970703,-1.4078474044799805
adaptive_shard_00013.pt:71,heavy,predicted,7.979239652714865,12.956624031066895,12.06200122833252,nan,nan,8.312380350262096,12.166584014892578,10.655019760131836,0.33314069754723086,-0.7900400161743164,-1.4069814682006836
adaptive_shard_00013.pt:71,heavy,oracle,7.979239652714865,12.956624031066895,12.06200122833252,nan,nan,8.31218635088724,12.166669845581055,10.655224800109863,0.33294669817237477,-0.7899541854858398,-1.4067764282226562
adaptive_shard_00013.pt:100,clean,zero,20.779308359403196,13.95895004272461,14.647895812988281,nan,nan,21.115208408844545,6.942659378051758,6.5497918128967285,0.3359000494413493,-7.016290664672852,-8.098104000091553
adaptive_shard_00013.pt:100,clean,shuffled,20.779308359403196,13.95895004272461,14.647895812988281,nan,nan,21.126024841091343,6.949180603027344,6.562320709228516,0.34671648168814784,-7.009769439697266,-8.085575103759766
adaptive_shard_00013.pt:100,clean,predicted,20.779308359403196,13.95895004272461,14.647895812988281,nan,nan,21.12425676232489,6.945714473724365,6.555425643920898,0.3449484029216947,-7.013235569000244,-8.092470169067383
adaptive_shard_00013.pt:100,clean,oracle,20.779308359403196,13.95895004272461,14.647895812988281,nan,nan,21.126024841091343,6.949180603027344,6.562320709228516,0.34671648168814784,-7.009769439697266,-8.085575103759766
adaptive_shard_00013.pt:101,light,zero,19.386330087912125,12.992741584777832,13.442500114440918,nan,nan,19.852601195509873,8.48591136932373,8.09752082824707,0.46627110759774837,-4.506830215454102,-5.344979286193848
adaptive_shard_00013.pt:101,light,shuffled,19.386330087912125,12.992741584777832,13.442500114440918,nan,nan,19.862218477870414,8.487211227416992,8.102005958557129,0.4758883899582891,-4.50553035736084,-5.340494155883789
adaptive_shard_00013.pt:101,light,predicted,19.386330087912125,12.992741584777832,13.442500114440918,nan,nan,19.853625444060484,8.48085880279541,8.079931259155273,0.4672953561483588,-4.511882781982422,-5.3625688552856445
adaptive_shard_00013.pt:101,light,oracle,19.386330087912125,12.992741584777832,13.442500114440918,nan,nan,19.862174430844767,8.488889694213867,8.107728958129883,0.47584434293264266,-4.503851890563965,-5.334771156311035
adaptive_shard_00013.pt:102,medium,zero,18.458800618974237,10.57583236694336,10.766064643859863,nan,nan,19.144288971671223,10.09017276763916,10.231907844543457,0.6854883526969857,-0.4856595993041992,-0.5341567993164062
adaptive_shard_00013.pt:102,medium,shuffled,18.458800618974237,10.57583236694336,10.766064643859863,nan,nan,19.150907661083153,10.090042114257812,10.232768058776855,0.6921070421089155,-0.4857902526855469,-0.5332965850830078
adaptive_shard_00013.pt:102,medium,predicted,18.458800618974237,10.57583236694336,10.766064643859863,nan,nan,19.148449552029,10.08972454071045,10.23000717163086,0.6896489330547624,-0.48610782623291016,-0.5360574722290039
adaptive_shard_00013.pt:102,medium,oracle,18.458800618974237,10.57583236694336,10.766064643859863,nan,nan,19.143571536374683,10.089266777038574,10.22148609161377,0.6847709174004457,-0.48656558990478516,-0.5445785522460938
adaptive_shard_00013.pt:103,heavy,zero,17.963071087477005,12.001008033752441,11.741063117980957,nan,nan,18.29849364979164,11.275972366333008,11.146733283996582,0.33542256231463696,-0.7250356674194336,-0.594329833984375
adaptive_shard_00013.pt:103,heavy,shuffled,17.963071087477005,12.001008033752441,11.741063117980957,nan,nan,18.302860032550885,11.277772903442383,11.148553848266602,0.3397889450738809,-0.7232351303100586,-0.5925092697143555
adaptive_shard_00013.pt:103,heavy,predicted,17.963071087477005,12.001008033752441,11.741063117980957,nan,nan,18.290700633320807,11.263575553894043,11.132431030273438,0.3276295458438021,-0.7374324798583984,-0.6086320877075195
adaptive_shard_00013.pt:103,heavy,oracle,17.963071087477005,12.001008033752441,11.741063117980957,nan,nan,18.291082007589633,11.26358699798584,11.132547378540039,0.32801092011262867,-0.7374210357666016,-0.608515739440918
adaptive_shard_00013.pt:112,clean,zero,26.548247567749282,8.747145652770996,9.274099349975586,nan,nan,25.014297503085547,7.074821949005127,6.412124156951904,-1.5339500646637347,-1.6723237037658691,-2.8619751930236816
adaptive_shard_00013.pt:112,clean,shuffled,26.548247567749282,8.747145652770996,9.274099349975586,nan,nan,25.435243539078538,6.918078422546387,6.203896522521973,-1.113004028670744,-1.8290672302246094,-3.0702028274536133
adaptive_shard_00013.pt:112,clean,predicted,26.548247567749282,8.747145652770996,9.274099349975586,nan,nan,25.069305084330047,7.073044300079346,6.413209915161133,-1.4789424834192353,-1.6741013526916504,-2.860889434814453
adaptive_shard_00013.pt:112,clean,oracle,26.548247567749282,8.747145652770996,9.274099349975586,nan,nan,25.08859055753332,7.0749831199646,6.417958736419678,-1.4596570102159632,-1.6721625328063965,-2.856140613555908
adaptive_shard_00013.pt:113,light,zero,24.975876801393724,13.568045616149902,16.28719139099121,nan,nan,23.955911102305496,10.967434883117676,12.213593482971191,-1.0199656990882282,-2.6006107330322266,-4.0735979080200195
adaptive_shard_00013.pt:113,light,shuffled,24.975876801393724,13.568045616149902,16.28719139099121,nan,nan,24.021721585846905,10.966312408447266,12.209688186645508,-0.9541552155468196,-2.6017332077026367,-4.077503204345703
adaptive_shard_00013.pt:113,light,predicted,24.975876801393724,13.568045616149902,16.28719139099121,nan,nan,23.996919578898606,10.964640617370605,12.212153434753418,-0.9789572224951186,-2.603404998779297,-4.075037956237793
adaptive_shard_00013.pt:113,light,oracle,24.975876801393724,13.568045616149902,16.28719139099121,nan,nan,24.014007954853376,10.963142395019531,12.21142864227295,-0.961868846540348,-2.604903221130371,-4.075762748718262
adaptive_shard_00013.pt:114,medium,zero,21.573964063050344,13.208815574645996,14.391451835632324,nan,nan,21.314486177103934,13.584243774414062,14.491171836853027,-0.25947788594640997,0.3754281997680664,0.09972000122070312
adaptive_shard_00013.pt:114,medium,shuffled,21.573964063050344,13.208815574645996,14.391451835632324,nan,nan,21.341986797778564,13.581250190734863,14.4904146194458,-0.2319772652717802,0.3724346160888672,0.09896278381347656
adaptive_shard_00013.pt:114,medium,predicted,21.573964063050344,13.208815574645996,14.391451835632324,nan,nan,21.3351616047146,13.580742835998535,14.487232208251953,-0.2388024583357442,0.37192726135253906,0.0957803726196289
adaptive_shard_00013.pt:114,medium,oracle,21.573964063050344,13.208815574645996,14.391451835632324,nan,nan,21.34341820354592,13.577045440673828,14.480644226074219,-0.2305458595044243,0.36822986602783203,0.08919239044189453
adaptive_shard_00013.pt:115,heavy,zero,17.938521316770974,13.541377067565918,14.307446479797363,nan,nan,17.770145007175206,13.856040000915527,14.253268241882324,-0.168376309595768,0.3146629333496094,-0.05417823791503906
adaptive_shard_00013.pt:115,heavy,shuffled,17.938521316770974,13.541377067565918,14.307446479797363,nan,nan,17.78002419901311,13.855143547058105,14.25472640991211,-0.15849711775786446,0.3137664794921875,-0.052720069885253906
adaptive_shard_00013.pt:115,heavy,predicted,17.938521316770974,13.541377067565918,14.307446479797363,nan,nan,17.827427956850556,13.811100959777832,14.226344108581543,-0.11109335992041736,0.26972389221191406,-0.08110237121582031
adaptive_shard_00013.pt:115,heavy,oracle,17.938521316770974,13.541377067565918,14.307446479797363,nan,nan,17.82688319227731,13.811630249023438,14.226653099060059,-0.11163812449366262,0.27025318145751953,-0.08079338073730469
adaptive_shard_00014.pt:0,clean,zero,23.35161243502332,10.538448333740234,10.316011428833008,nan,nan,23.13511643724851,9.2116060256958,6.507939338684082,-0.21649599777481043,-1.3268423080444336,-3.808072090148926
adaptive_shard_00014.pt:0,clean,shuffled,23.35161243502332,10.538448333740234,10.316011428833008,nan,nan,23.14624110287184,9.209131240844727,6.509345054626465,-0.20537133215147918,-1.3293170928955078,-3.806666374206543
adaptive_shard_00014.pt:0,clean,predicted,23.35161243502332,10.538448333740234,10.316011428833008,nan,nan,23.149563861759507,9.207755088806152,6.506459712982178,-0.20204857326381287,-1.330693244934082,-3.80955171585083
adaptive_shard_00014.pt:0,clean,oracle,23.35161243502332,10.538448333740234,10.316011428833008,nan,nan,23.149085095030703,9.207192420959473,6.5080766677856445,-0.20252733999261707,-1.3312559127807617,-3.8079347610473633
adaptive_shard_00014.pt:1,light,zero,20.322449775197178,17.508861541748047,20.656509399414062,nan,nan,20.41189135629338,14.555591583251953,14.793452262878418,0.08944158109620304,-2.9532699584960938,-5.8630571365356445
adaptive_shard_00014.pt:1,light,shuffled,20.322449775197178,17.508861541748047,20.656509399414062,nan,nan,20.420272784260256,14.545354843139648,14.7843656539917,0.09782300906307739,-2.9635066986083984,-5.872143745422363
adaptive_shard_00014.pt:1,light,predicted,20.322449775197178,17.508861541748047,20.656509399414062,nan,nan,20.419301946589883,14.551233291625977,14.79018783569336,0.09685217139270463,-2.9576282501220703,-5.866321563720703
adaptive_shard_00014.pt:1,light,oracle,20.322449775197178,17.508861541748047,20.656509399414062,nan,nan,20.421808091084873,14.548544883728027,14.78816032409668,0.09935831588769517,-2.9603166580200195,-5.868349075317383
adaptive_shard_00014.pt:2,medium,zero,17.87779854136027,14.291942596435547,15.11362075805664,nan,nan,17.899294630336954,15.6050443649292,15.570056915283203,0.02149608897668287,1.3131017684936523,0.4564361572265625
adaptive_shard_00014.pt:2,medium,shuffled,17.87779854136027,14.291942596435547,15.11362075805664,nan,nan,17.935350505449822,15.536932945251465,15.525060653686523,0.05755196408955143,1.244990348815918,0.4114398956298828
adaptive_shard_00014.pt:2,medium,predicted,17.87779854136027,14.291942596435547,15.11362075805664,nan,nan,17.90574244541703,15.59830093383789,15.565383911132812,0.02794390405675884,1.3063583374023438,0.4517631530761719
adaptive_shard_00014.pt:2,medium,oracle,17.87779854136027,14.291942596435547,15.11362075805664,nan,nan,17.904999892008547,15.60102367401123,15.5672607421875,0.027201350648276446,1.3090810775756836,0.4536399841308594
adaptive_shard_00014.pt:3,heavy,zero,16.041664561428746,14.423375129699707,15.276595115661621,nan,nan,16.03420895205786,15.688346862792969,15.80677604675293,-0.007455609370886407,1.2649717330932617,0.5301809310913086
adaptive_shard_00014.pt:3,heavy,shuffled,16.041664561428746,14.423375129699707,15.276595115661621,nan,nan,16.036062073251603,15.684895515441895,15.802471160888672,-0.005602488177142817,1.2615203857421875,0.5258760452270508
adaptive_shard_00014.pt:3,heavy,predicted,16.041664561428746,14.423375129699707,15.276595115661621,nan,nan,16.054658647435417,15.59642505645752,15.753971099853516,0.012994086006671068,1.1730499267578125,0.47737598419189453
adaptive_shard_00014.pt:3,heavy,oracle,16.041664561428746,14.423375129699707,15.276595115661621,nan,nan,16.054779667053833,15.595731735229492,15.753607749938965,0.013115105625086443,1.1723566055297852,0.47701263427734375
adaptive_shard_00014.pt:12,clean,zero,-7.3562266862629775,7.754716873168945,6.195106029510498,nan,nan,-7.217454333926163,9.471236228942871,9.075982093811035,0.1387723523368143,1.7165193557739258,2.880876064300537
adaptive_shard_00014.pt:12,clean,shuffled,-7.3562266862629775,7.754716873168945,6.195106029510498,nan,nan,-7.227032976860638,9.419851303100586,8.980151176452637,0.12919370940233943,1.6651344299316406,2.7850451469421387
adaptive_shard_00014.pt:12,clean,predicted,-7.3562266862629775,7.754716873168945,6.195106029510498,nan,nan,-7.21575823721013,9.478426933288574,9.08799934387207,0.1404684490528476,1.723710060119629,2.8928933143615723
adaptive_shard_00014.pt:12,clean,oracle,-7.3562266862629775,7.754716873168945,6.195106029510498,nan,nan,-7.214921669697989,9.477590560913086,9.085332870483398,0.1413050165649885,1.7228736877441406,2.8902268409729004
adaptive_shard_00014.pt:13,light,zero,-5.180947646318926,12.932737350463867,11.6294584274292,nan,nan,-5.170503112311612,11.450713157653809,10.821429252624512,0.010444534007314488,-1.4820241928100586,-0.8080291748046875
adaptive_shard_00014.pt:13,light,shuffled,-5.180947646318926,12.932737350463867,11.6294584274292,nan,nan,-5.16455359460698,11.45413589477539,10.82636833190918,0.016394051711945856,-1.4786014556884766,-0.8030900955200195
adaptive_shard_00014.pt:13,light,predicted,-5.180947646318926,12.932737350463867,11.6294584274292,nan,nan,-5.168168624668289,11.452059745788574,10.823410987854004,0.012779021650636935,-1.480677604675293,-0.8060474395751953
adaptive_shard_00014.pt:13,light,oracle,-5.180947646318926,12.932737350463867,11.6294584274292,nan,nan,-5.16583088150766,11.452836990356445,10.8251314163208,0.015116764811265782,-1.4799003601074219,-0.8043270111083984
adaptive_shard_00014.pt:14,medium,zero,-6.09526223115246,11.627687454223633,11.10615348815918,nan,nan,-5.986614113248171,10.542525291442871,10.403478622436523,0.10864811790428863,-1.0851621627807617,-0.7026748657226562
adaptive_shard_00014.pt:14,medium,shuffled,-6.09526223115246,11.627687454223633,11.10615348815918,nan,nan,-5.983485411582721,10.54471492767334,10.405713081359863,0.11177681956973906,-1.082972526550293,-0.7004404067993164
adaptive_shard_00014.pt:14,medium,predicted,-6.09526223115246,11.627687454223633,11.10615348815918,nan,nan,-5.984256795693729,10.542290687561035,10.405313491821289,0.11100543545873087,-1.0853967666625977,-0.7008399963378906
adaptive_shard_00014.pt:14,medium,oracle,-6.09526223115246,11.627687454223633,11.10615348815918,nan,nan,-5.984407502868163,10.54421615600586,10.404983520507812,0.11085472828429666,-1.0834712982177734,-0.7011699676513672
adaptive_shard_00014.pt:15,heavy,zero,-7.703676022373822,19.623010635375977,19.06618881225586,nan,nan,-7.514509488873609,16.391315460205078,15.953742980957031,0.18916653350021306,-3.2316951751708984,-3.112445831298828
adaptive_shard_00014.pt:15,heavy,shuffled,-7.703676022373822,19.623010635375977,19.06618881225586,nan,nan,-7.514482506738447,16.57125473022461,16.121244430541992,0.1891935156353748,-3.051755905151367,-2.944944381713867
adaptive_shard_00014.pt:15,heavy,predicted,-7.703676022373822,19.623010635375977,19.06618881225586,nan,nan,-7.5145456470711665,16.57278823852539,16.1226806640625,0.1891303753026552,-3.050222396850586,-2.9435081481933594
adaptive_shard_00014.pt:15,heavy,oracle,-7.703676022373822,19.623010635375977,19.06618881225586,nan,nan,-7.5144624523627535,16.57076072692871,16.12078285217285,0.1892135700110682,-3.0522499084472656,-2.945405960083008
adaptive_shard_00014.pt:88,clean,zero,22.196876646182446,19.751630783081055,20.39051055908203,nan,nan,21.69191091588399,7.821041107177734,6.608670711517334,-0.5049657302984549,-11.93058967590332,-13.781839847564697
adaptive_shard_00014.pt:88,clean,shuffled,22.196876646182446,19.751630783081055,20.39051055908203,nan,nan,21.726727725364793,7.821677207946777,6.620262622833252,-0.47014892081765325,-11.929953575134277,-13.77024793624878
adaptive_shard_00014.pt:88,clean,predicted,22.196876646182446,19.751630783081055,20.39051055908203,nan,nan,21.71713711275617,7.820671081542969,6.613299369812012,-0.47973953342627595,-11.930959701538086,-13.77721118927002
adaptive_shard_00014.pt:88,clean,oracle,22.196876646182446,19.751630783081055,20.39051055908203,nan,nan,21.726727725364793,7.821677207946777,6.620262622833252,-0.47014892081765325,-11.929953575134277,-13.77024793624878
adaptive_shard_00014.pt:89,light,zero,20.323716429165795,16.566173553466797,17.577775955200195,nan,nan,20.070016069882634,9.776238441467285,9.532393455505371,-0.2537003592831617,-6.789935111999512,-8.045382499694824
adaptive_shard_00014.pt:89,light,shuffled,20.323716429165795,16.566173553466797,17.577775955200195,nan,nan,20.09915652208167,9.776591300964355,9.542259216308594,-0.22455990708412443,-6.789582252502441,-8.035516738891602
adaptive_shard_00014.pt:89,light,predicted,20.323716429165795,16.566173553466797,17.577775955200195,nan,nan,20.08275635947662,9.769880294799805,9.51055908203125,-0.2409600696891765,-6.796293258666992,-8.067216873168945
adaptive_shard_00014.pt:89,light,oracle,20.323716429165795,16.566173553466797,17.577775955200195,nan,nan,20.093265719158975,9.777158737182617,9.542415618896484,-0.2304507100068207,-6.78901481628418,-8.035360336303711
adaptive_shard_00014.pt:90,medium,zero,20.581411393740442,12.358022689819336,13.065095901489258,nan,nan,20.544878297919787,11.979253768920898,12.672039031982422,-0.03653309582065489,-0.3787689208984375,-0.39305686950683594
adaptive_shard_00014.pt:90,medium,shuffled,20.581411393740442,12.358022689819336,13.065095901489258,nan,nan,20.614959543653093,11.963305473327637,12.550661087036133,0.03354814991265087,-0.3947172164916992,-0.514434814453125
adaptive_shard_00014.pt:90,medium,predicted,20.581411393740442,12.358022689819336,13.065095901489258,nan,nan,20.56079880928833,11.977216720581055,12.666958808898926,-0.020612584452113225,-0.38080596923828125,-0.39813709259033203
adaptive_shard_00014.pt:90,medium,oracle,20.581411393740442,12.358022689819336,13.065095901489258,nan,nan,20.561598056049313,11.978428840637207,12.675948143005371,-0.019813337691129362,-0.3795938491821289,-0.3891477584838867
adaptive_shard_00014.pt:91,heavy,zero,18.36045908813685,12.322941780090332,12.898185729980469,nan,nan,18.25917857215632,12.28531265258789,12.850167274475098,-0.10128051598053034,-0.037629127502441406,-0.048018455505371094
adaptive_shard_00014.pt:91,heavy,shuffled,18.36045908813685,12.322941780090332,12.898185729980469,nan,nan,18.26968665225308,12.28715705871582,12.854660987854004,-0.09077243588377115,-0.03578472137451172,-0.043524742126464844
adaptive_shard_00014.pt:91,heavy,predicted,18.36045908813685,12.322941780090332,12.898185729980469,nan,nan,18.308113924530392,12.251851081848145,12.789900779724121,-0.052345163606457135,-0.0710906982421875,-0.10828495025634766
adaptive_shard_00014.pt:91,heavy,oracle,18.36045908813685,12.322941780090332,12.898185729980469,nan,nan,18.307866781029382,12.252082824707031,12.790324211120605,-0.05259230710746721,-0.07085895538330078,-0.10786151885986328
adaptive_shard_00014.pt:92,clean,zero,18.547737643086734,16.106609344482422,16.354999542236328,nan,nan,18.771077510508075,7.751698970794678,5.719090938568115,0.22333986742134115,-8.354910373687744,-10.635908603668213
adaptive_shard_00014.pt:92,clean,shuffled,18.547737643086734,16.106609344482422,16.354999542236328,nan,nan,18.789079219433763,7.7503981590271,5.723165035247803,0.24134157634702902,-8.356211185455322,-10.631834506988525
adaptive_shard_00014.pt:92,clean,predicted,18.547737643086734,16.106609344482422,16.354999542236328,nan,nan,18.78587469635591,7.749871730804443,5.720176696777344,0.23813705326917756,-8.356737613677979,-10.634822845458984
adaptive_shard_00014.pt:92,clean,oracle,18.547737643086734,16.106609344482422,16.354999542236328,nan,nan,18.792915784273784,7.749377250671387,5.7226996421813965,0.2451781411870506,-8.357232093811035,-10.632299900054932
adaptive_shard_00014.pt:93,light,zero,16.965620211779413,16.129316329956055,17.853839874267578,nan,nan,17.132449053409537,11.13386344909668,11.033120155334473,0.16682884163012446,-4.995452880859375,-6.8207197189331055
adaptive_shard_00014.pt:93,light,shuffled,16.965620211779413,16.129316329956055,17.853839874267578,nan,nan,17.141103298129117,11.131497383117676,11.031795501708984,0.1754830863497041,-4.997818946838379,-6.822044372558594
adaptive_shard_00014.pt:93,light,predicted,16.965620211779413,16.129316329956055,17.853839874267578,nan,nan,17.135287008356176,11.132657051086426,11.025226593017578,0.1696667965767631,-4.996659278869629,-6.82861328125
adaptive_shard_00014.pt:93,light,oracle,16.965620211779413,16.129316329956055,17.853839874267578,nan,nan,17.14349017934419,11.131056785583496,11.035382270812988,0.1778699675647779,-4.998259544372559,-6.81845760345459
adaptive_shard_00014.pt:94,medium,zero,18.87568120944176,12.258265495300293,13.20326042175293,nan,nan,19.09619033809608,12.883840560913086,13.537429809570312,0.22050912865432082,0.625575065612793,0.3341693878173828
adaptive_shard_00014.pt:94,medium,shuffled,18.87568120944176,12.258265495300293,13.20326042175293,nan,nan,19.102828601050273,12.883312225341797,13.536325454711914,0.22714739160851494,0.6250467300415039,0.3330650329589844
adaptive_shard_00014.pt:94,medium,predicted,18.87568120944176,12.258265495300293,13.20326042175293,nan,nan,19.102108797826205,12.879828453063965,13.534709930419922,0.2264275883844462,0.6215629577636719,0.3314495086669922
adaptive_shard_00014.pt:94,medium,oracle,18.87568120944176,12.258265495300293,13.20326042175293,nan,nan,19.101365060481324,12.876701354980469,13.533453941345215,0.225683851039566,0.6184358596801758,0.33019351959228516
adaptive_shard_00014.pt:95,heavy,zero,15.898324848798346,13.675334930419922,14.455504417419434,nan,nan,16.065541618652958,13.66988468170166,14.146944999694824,0.16721676985461187,-0.005450248718261719,-0.3085594177246094
adaptive_shard_00014.pt:95,heavy,shuffled,15.898324848798346,13.675334930419922,14.455504417419434,nan,nan,16.06599499075102,13.666401863098145,14.146501541137695,0.16767014195267294,-0.008933067321777344,-0.3090028762817383
adaptive_shard_00014.pt:95,heavy,predicted,15.898324848798346,13.675334930419922,14.455504417419434,nan,nan,16.059272106699872,13.63724422454834,14.140815734863281,0.1609472579015261,-0.03809070587158203,-0.31468868255615234
adaptive_shard_00014.pt:95,heavy,oracle,15.898324848798346,13.675334930419922,14.455504417419434,nan,nan,16.05933038994301,13.637535095214844,14.140952110290527,0.16100554114466448,-0.037799835205078125,-0.31455230712890625
adaptive_shard_00015.pt:12,clean,zero,21.258904041138557,13.850547790527344,13.764298439025879,nan,nan,20.91873097398331,7.8060503005981445,6.567749977111816,-0.34017306715524853,-6.044497489929199,-7.1965484619140625
adaptive_shard_00015.pt:12,clean,shuffled,21.258904041138557,13.850547790527344,13.764298439025879,nan,nan,20.934768195843994,7.804320335388184,6.566483974456787,-0.3241358452945633,-6.04622745513916,-7.197814464569092
adaptive_shard_00015.pt:12,clean,predicted,21.258904041138557,13.850547790527344,13.764298439025879,nan,nan,20.93141485180407,7.803682804107666,6.566996097564697,-0.3274891893344858,-6.046864986419678,-7.197302341461182
adaptive_shard_00015.pt:12,clean,oracle,21.258904041138557,13.850547790527344,13.764298439025879,nan,nan,20.93352763437329,7.801853656768799,6.566928863525391,-0.32537640676526536,-6.048694133758545,-7.197369575500488
adaptive_shard_00015.pt:13,light,zero,21.1267798382588,18.12169647216797,20.5542049407959,nan,nan,20.78795814912723,11.53501033782959,11.890362739562988,-0.3388216891315672,-6.586686134338379,-8.66384220123291
adaptive_shard_00015.pt:13,light,shuffled,21.1267798382588,18.12169647216797,20.5542049407959,nan,nan,20.804590539551505,11.529339790344238,11.88589096069336,-0.3221892987072934,-6.5923566818237305,-8.668313980102539
adaptive_shard_00015.pt:13,light,predicted,21.1267798382588,18.12169647216797,20.5542049407959,nan,nan,20.800498964081445,11.531615257263184,11.88768196105957,-0.3262808741773533,-6.590081214904785,-8.666522979736328
adaptive_shard_00015.pt:13,light,oracle,21.1267798382588,18.12169647216797,20.5542049407959,nan,nan,20.804590539551505,11.529339790344238,11.88589096069336,-0.3221892987072934,-6.5923566818237305,-8.668313980102539
adaptive_shard_00015.pt:14,medium,zero,16.96858887645509,13.229134559631348,14.815738677978516,nan,nan,17.1756526650558,13.258986473083496,14.180866241455078,0.20706378860070984,0.029851913452148438,-0.6348724365234375
adaptive_shard_00015.pt:14,medium,shuffled,16.96858887645509,13.229134559631348,14.815738677978516,nan,nan,17.186488542577322,13.26387882232666,14.187945365905762,0.2178996661222321,0.0347442626953125,-0.6277933120727539
adaptive_shard_00015.pt:14,medium,predicted,16.96858887645509,13.229134559631348,14.815738677978516,nan,nan,17.17927830458637,13.256877899169922,14.179375648498535,0.21068942813127833,0.02774333953857422,-0.6363630294799805
adaptive_shard_00015.pt:14,medium,oracle,16.96858887645509,13.229134559631348,14.815738677978516,nan,nan,17.17960387521614,13.25634479522705,14.17871379852295,0.21101499876105123,0.027210235595703125,-0.6370248794555664
adaptive_shard_00015.pt:15,heavy,zero,14.60195665408021,12.631824493408203,13.465600967407227,nan,nan,14.781369982529977,13.162696838378906,13.773048400878906,0.1794133284497672,0.5308723449707031,0.3074474334716797
adaptive_shard_00015.pt:15,heavy,shuffled,14.60195665408021,12.631824493408203,13.465600967407227,nan,nan,14.782818299729183,13.1622314453125,13.772265434265137,0.18086164564897267,0.5304069519042969,0.30666446685791016
adaptive_shard_00015.pt:15,heavy,predicted,14.60195665408021,12.631824493408203,13.465600967407227,nan,nan,14.777719131213736,13.113234519958496,13.751619338989258,0.17576247713352622,0.48141002655029297,0.28601837158203125
adaptive_shard_00015.pt:15,heavy,oracle,14.60195665408021,12.631824493408203,13.465600967407227,nan,nan,14.777729629663865,13.113298416137695,13.751646995544434,0.175772975583655,0.4814739227294922,0.28604602813720703
adaptive_shard_00015.pt:60,clean,zero,26.5593654199642,14.129802703857422,14.514230728149414,nan,nan,24.518167231541863,7.897611141204834,6.249370574951172,-2.0411981884223387,-6.232191562652588,-8.264860153198242
adaptive_shard_00015.pt:60,clean,shuffled,26.5593654199642,14.129802703857422,14.514230728149414,nan,nan,24.5620474063788,7.896893501281738,6.256250381469727,-1.997318013585403,-6.232909202575684,-8.257980346679688
adaptive_shard_00015.pt:60,clean,predicted,26.5593654199642,14.129802703857422,14.514230728149414,nan,nan,24.555523461320647,7.895704746246338,6.250886917114258,-2.003841958643555,-6.234097957611084,-8.263343811035156
adaptive_shard_00015.pt:60,clean,oracle,26.5593654199642,14.129802703857422,14.514230728149414,nan,nan,24.5620474063788,7.896893501281738,6.256250381469727,-1.997318013585403,-6.232909202575684,-8.257980346679688
adaptive_shard_00015.pt:61,light,zero,22.16044932319037,18.033565521240234,20.6647891998291,nan,nan,21.60316481169144,11.534040451049805,11.9368314743042,-0.5572845114989313,-6.49952507019043,-8.727957725524902
adaptive_shard_00015.pt:61,light,shuffled,22.16044932319037,18.033565521240234,20.6647891998291,nan,nan,21.6255209966176,11.528964042663574,11.937721252441406,-0.5349283265727713,-6.50460147857666,-8.727067947387695
adaptive_shard_00015.pt:61,light,predicted,22.16044932319037,18.033565521240234,20.6647891998291,nan,nan,21.609044951065812,11.531643867492676,11.938348770141602,-0.5514043721245585,-6.501921653747559,-8.7264404296875
adaptive_shard_00015.pt:61,light,oracle,22.16044932319037,18.033565521240234,20.6647891998291,nan,nan,21.628331564039456,11.530271530151367,11.936332702636719,-0.5321177591509141,-6.503293991088867,-8.728456497192383
adaptive_shard_00015.pt:62,medium,zero,14.840170440527169,12.49044418334961,13.361017227172852,nan,nan,14.80781235688156,13.2524995803833,13.721181869506836,-0.03235808364560988,0.7620553970336914,0.3601646423339844
adaptive_shard_00015.pt:62,medium,shuffled,14.840170440527169,12.49044418334961,13.361017227172852,nan,nan,14.8121636677057,13.248393058776855,13.719862937927246,-0.028006772821468573,0.7579488754272461,0.35884571075439453
adaptive_shard_00015.pt:62,medium,predicted,14.840170440527169,12.49044418334961,13.361017227172852,nan,nan,14.812728204567826,13.247783660888672,13.71566104888916,-0.027442235959343364,0.7573394775390625,0.3546438217163086
adaptive_shard_00015.pt:62,medium,oracle,14.840170440527169,12.49044418334961,13.361017227172852,nan,nan,14.8118002365229,13.248906135559082,13.718832969665527,-0.028370204004268373,0.7584619522094727,0.3578157424926758
adaptive_shard_00015.pt:63,heavy,zero,13.106996727954044,12.91971206665039,13.741934776306152,nan,nan,13.034116017703797,13.243807792663574,13.7147855758667,-0.07288071025024756,0.3240957260131836,-0.027149200439453125
adaptive_shard_00015.pt:63,heavy,shuffled,13.106996727954044,12.91971206665039,13.741934776306152,nan,nan,13.053061824354353,13.190970420837402,13.6835355758667,-0.053934903599691,0.2712583541870117,-0.058399200439453125
adaptive_shard_00015.pt:63,heavy,predicted,13.106996727954044,12.91971206665039,13.741934776306152,nan,nan,13.053608449940056,13.189002990722656,13.682328224182129,-0.05338827801398871,0.2692909240722656,-0.05960655212402344
adaptive_shard_00015.pt:63,heavy,oracle,13.106996727954044,12.91971206665039,13.741934776306152,nan,nan,13.053674058728134,13.188767433166504,13.682180404663086,-0.05332266922590989,0.2690553665161133,-0.059754371643066406
adaptive_shard_00016.pt:16,clean,zero,12.728188323065703,11.296061515808105,12.019968032836914,nan,nan,12.905419770154477,8.762099266052246,8.029709815979004,0.17723144708877392,-2.5339622497558594,-3.99025821685791
adaptive_shard_00016.pt:16,clean,shuffled,12.728188323065703,11.296061515808105,12.019968032836914,nan,nan,12.907839166200452,8.764392852783203,8.037116050720215,0.17965084313474833,-2.5316686630249023,-3.982851982116699
adaptive_shard_00016.pt:16,clean,predicted,12.728188323065703,11.296061515808105,12.019968032836914,nan,nan,12.907123147225938,8.763240814208984,8.033369064331055,0.1789348241602351,-2.532820701599121,-3.9865989685058594
adaptive_shard_00016.pt:16,clean,oracle,12.728188323065703,11.296061515808105,12.019968032836914,nan,nan,12.907839166200452,8.764392852783203,8.037116050720215,0.17965084313474833,-2.5316686630249023,-3.982851982116699
adaptive_shard_00016.pt:17,light,zero,12.944554640464428,12.846752166748047,13.732815742492676,nan,nan,13.121332323620397,9.73035717010498,9.394076347351074,0.17677768315596865,-3.1163949966430664,-4.338739395141602
adaptive_shard_00016.pt:17,light,shuffled,12.944554640464428,12.846752166748047,13.732815742492676,nan,nan,13.12353289774661,9.730057716369629,9.39623737335205,0.17897825728218208,-3.116694450378418,-4.336578369140625
adaptive_shard_00016.pt:17,light,predicted,12.944554640464428,12.846752166748047,13.732815742492676,nan,nan,13.122638376518678,9.730292320251465,9.395623207092285,0.17808373605424954,-3.116459846496582,-4.337192535400391
adaptive_shard_00016.pt:17,light,oracle,12.944554640464428,12.846752166748047,13.732815742492676,nan,nan,13.12353289774661,9.730057716369629,9.39623737335205,0.17897825728218208,-3.116694450378418,-4.336578369140625
adaptive_shard_00016.pt:18,medium,zero,15.253639165418402,11.912591934204102,11.553054809570312,nan,nan,15.672265646440863,11.504859924316406,11.34553050994873,0.4186264810224607,-0.4077320098876953,-0.20752429962158203
adaptive_shard_00016.pt:18,medium,shuffled,15.253639165418402,11.912591934204102,11.553054809570312,nan,nan,15.676922627501515,11.504552841186523,11.347532272338867,0.42328346208311274,-0.4080390930175781,-0.2055225372314453
adaptive_shard_00016.pt:18,medium,predicted,15.253639165418402,11.912591934204102,11.553054809570312,nan,nan,15.673555427044297,11.505621910095215,11.345784187316895,0.4199162616258949,-0.4069700241088867,-0.20727062225341797
adaptive_shard_00016.pt:18,medium,oracle,15.253639165418402,11.912591934204102,11.553054809570312,nan,nan,15.675247475900198,11.5049409866333,11.346571922302246,0.4216083104817958,-0.4076509475708008,-0.2064828872680664
adaptive_shard_00016.pt:19,heavy,zero,14.3643285988196,13.832884788513184,13.439326286315918,nan,nan,14.597235491856244,12.515905380249023,12.243864059448242,0.23290689303664358,-1.3169794082641602,-1.1954622268676758
adaptive_shard_00016.pt:19,heavy,shuffled,14.3643285988196,13.832884788513184,13.439326286315918,nan,nan,14.598896464113906,12.518427848815918,12.239309310913086,0.23456786529430573,-1.3144569396972656,-1.200016975402832
adaptive_shard_00016.pt:19,heavy,predicted,14.3643285988196,13.832884788513184,13.439326286315918,nan,nan,14.592144942005191,12.548942565917969,12.250225067138672,0.22781634318559085,-1.2839422225952148,-1.189101219177246
adaptive_shard_00016.pt:19,heavy,oracle,14.3643285988196,13.832884788513184,13.439326286315918,nan,nan,14.592411575905512,12.547974586486816,12.24975872039795,0.2280829770859114,-1.2849102020263672,-1.1895675659179688
adaptive_shard_00016.pt:64,clean,zero,24.409004368134696,12.107630729675293,12.565437316894531,nan,nan,24.22064534734158,6.6723504066467285,6.106232643127441,-0.18835902079311495,-5.4352803230285645,-6.45920467376709
adaptive_shard_00016.pt:64,clean,shuffled,24.409004368134696,12.107630729675293,12.565437316894531,nan,nan,24.237166197720587,6.673367500305176,6.108914852142334,-0.17183817041410876,-5.434263229370117,-6.456522464752197
adaptive_shard_00016.pt:64,clean,predicted,24.409004368134696,12.107630729675293,12.565437316894531,nan,nan,24.237006747930046,6.6734819412231445,6.1094279289245605,-0.1719976202046496,-5.434148788452148,-6.456009387969971
adaptive_shard_00016.pt:64,clean,oracle,24.409004368134696,12.107630729675293,12.565437316894531,nan,nan,24.23646020648617,6.674515247344971,6.113252639770508,-0.17254416164852415,-5.433115482330322,-6.452184677124023
adaptive_shard_00016.pt:65,light,zero,23.12207653779545,12.920881271362305,14.978694915771484,nan,nan,23.04148106983398,9.372642517089844,10.360440254211426,-0.08059546796146932,-3.548238754272461,-4.618254661560059
adaptive_shard_00016.pt:65,light,shuffled,23.12207653779545,12.920881271362305,14.978694915771484,nan,nan,23.055203492591172,9.371362686157227,10.359992027282715,-0.06687304520427872,-3.549518585205078,-4.6187028884887695
adaptive_shard_00016.pt:65,light,predicted,23.12207653779545,12.920881271362305,14.978694915771484,nan,nan,23.04246955913026,9.371859550476074,10.364734649658203,-0.07960697866518984,-3.5490217208862305,-4.613960266113281
adaptive_shard_00016.pt:65,light,oracle,23.12207653779545,12.920881271362305,14.978694915771484,nan,nan,23.057608079886226,9.370800018310547,10.360090255737305,-0.06446845790922495,-3.550081253051758,-4.61860466003418
adaptive_shard_00016.pt:66,medium,zero,16.44307774952196,12.931123733520508,13.885977745056152,nan,nan,16.555694251880947,12.890761375427246,14.252786636352539,0.11261650235898557,-0.04036235809326172,0.3668088912963867
adaptive_shard_00016.pt:66,medium,shuffled,16.44307774952196,12.931123733520508,13.885977745056152,nan,nan,16.560539990772153,12.890207290649414,14.252748489379883,0.11746224125019111,-0.04091644287109375,0.36677074432373047
adaptive_shard_00016.pt:66,medium,predicted,16.44307774952196,12.931123733520508,13.885977745056152,nan,nan,16.55912454168788,12.889745712280273,14.250317573547363,0.11604679216591762,-0.041378021240234375,0.36433982849121094
adaptive_shard_00016.pt:66,medium,oracle,16.44307774952196,12.931123733520508,13.885977745056152,nan,nan,16.559470412735784,12.890151977539062,14.251927375793457,0.1163926632138228,-0.04097175598144531,0.3659496307373047
adaptive_shard_00016.pt:67,heavy,zero,14.021207177773524,14.840354919433594,15.50922679901123,nan,nan,14.010218731209525,13.758354187011719,14.668550491333008,-0.010988446563999332,-1.082000732421875,-0.8406763076782227
adaptive_shard_00016.pt:67,heavy,shuffled,14.021207177773524,14.840354919433594,15.50922679901123,nan,nan,14.020232635790013,13.78376293182373,14.675127983093262,-0.0009745419835116564,-1.0565919876098633,-0.8340988159179688
adaptive_shard_00016.pt:67,heavy,predicted,14.021207177773524,14.840354919433594,15.50922679901123,nan,nan,14.020443026081747,13.78458023071289,14.675432205200195,-0.0007641516917775704,-1.0557746887207031,-0.8337945938110352
adaptive_shard_00016.pt:67,heavy,oracle,14.021207177773524,14.840354919433594,15.50922679901123,nan,nan,14.02034039005467,13.7841796875,14.675284385681152,-0.0008667877188539563,-1.0561752319335938,-0.8339424133300781
adaptive_shard_00016.pt:80,clean,zero,19.953586465779047,8.365974426269531,8.731119155883789,nan,nan,20.20340213849331,5.804853916168213,6.192996978759766,0.24981567271426286,-2.5611205101013184,-2.5381221771240234
adaptive_shard_00016.pt:80,clean,shuffled,19.953586465779047,8.365974426269531,8.731119155883789,nan,nan,20.211697066885463,5.804432392120361,6.1929826736450195,0.2581106011064165,-2.56154203414917,-2.5381364822387695
adaptive_shard_00016.pt:80,clean,predicted,19.953586465779047,8.365974426269531,8.731119155883789,nan,nan,20.209989154079512,5.8051652908325195,6.19387149810791,0.2564026883004651,-2.5608091354370117,-2.537247657775879
adaptive_shard_00016.pt:80,clean,oracle,19.953586465779047,8.365974426269531,8.731119155883789,nan,nan,20.210426129656565,5.80647087097168,6.196015357971191,0.25683966387751767,-2.5595035552978516,-2.5351037979125977
adaptive_shard_00016.pt:81,light,zero,17.273927879977904,11.142407417297363,13.064215660095215,nan,nan,17.45386916440242,9.303300857543945,10.860682487487793,0.1799412844245154,-1.839106559753418,-2.203533172607422
adaptive_shard_00016.pt:81,light,shuffled,17.273927879977904,11.142407417297363,13.064215660095215,nan,nan,17.47146657299147,9.270015716552734,10.809391975402832,0.1975386930135663,-1.872391700744629,-2.254823684692383
adaptive_shard_00016.pt:81,light,predicted,17.273927879977904,11.142407417297363,13.064215660095215,nan,nan,17.45440100268931,9.302107810974121,10.859016418457031,0.1804731227114047,-1.8402996063232422,-2.2051992416381836
adaptive_shard_00016.pt:81,light,oracle,17.273927879977904,11.142407417297363,13.064215660095215,nan,nan,17.457799655075963,9.303123474121094,10.86138916015625,0.18387177509805852,-1.8392839431762695,-2.202826499938965
adaptive_shard_00016.pt:82,medium,zero,16.57368839630375,12.841726303100586,14.586177825927734,nan,nan,16.690448695157176,12.8262300491333,14.944649696350098,0.11676029885342487,-0.015496253967285156,0.3584718704223633
adaptive_shard_00016.pt:82,medium,shuffled,16.57368839630375,12.841726303100586,14.586177825927734,nan,nan,16.692848153637758,12.824507713317871,14.941755294799805,0.11915975733400685,-0.017218589782714844,0.3555774688720703
adaptive_shard_00016.pt:82,medium,predicted,16.57368839630375,12.841726303100586,14.586177825927734,nan,nan,16.693181877309726,12.825113296508789,14.943672180175781,0.1194934810059749,-0.016613006591796875,0.3574943542480469
adaptive_shard_00016.pt:82,medium,oracle,16.57368839630375,12.841726303100586,14.586177825927734,nan,nan,16.694316129607905,12.826601028442383,14.947186470031738,0.1206277333041541,-0.015125274658203125,0.3610086441040039
adaptive_shard_00016.pt:83,heavy,zero,14.083637808031868,14.075626373291016,14.991864204406738,nan,nan,14.08961450124112,13.508971214294434,14.432694435119629,0.005976693209252204,-0.566655158996582,-0.5591697692871094
adaptive_shard_00016.pt:83,heavy,shuffled,14.083637808031868,14.075626373291016,14.991864204406738,nan,nan,14.103185357790565,13.508946418762207,14.439395904541016,0.019547549758696547,-0.5666799545288086,-0.5524682998657227
adaptive_shard_00016.pt:83,heavy,predicted,14.083637808031868,14.075626373291016,14.991864204406738,nan,nan,14.103246404925025,13.508959770202637,14.439437866210938,0.01960859689315697,-0.5666666030883789,-0.5524263381958008
adaptive_shard_00016.pt:83,heavy,oracle,14.083637808031868,14.075626373291016,14.991864204406738,nan,nan,14.103149021326791,13.50893497467041,14.439370155334473,0.01951121329492267,-0.5666913986206055,-0.5524940490722656
adaptive_shard_00017.pt:24,clean,zero,18.56835310015951,11.428017616271973,11.041387557983398,nan,nan,18.741905370012187,8.598977088928223,8.367449760437012,0.1735522698526779,-2.82904052734375,-2.6739377975463867
adaptive_shard_00017.pt:24,clean,shuffled,18.56835310015951,11.428017616271973,11.041387557983398,nan,nan,18.748934258837547,8.602771759033203,8.373320579528809,0.18058115867803792,-2.8252458572387695,-2.66806697845459
adaptive_shard_00017.pt:24,clean,predicted,18.56835310015951,11.428017616271973,11.041387557983398,nan,nan,18.74831672738444,8.602521896362305,8.37117862701416,0.1799636272249323,-2.825495719909668,-2.6702089309692383
adaptive_shard_00017.pt:24,clean,oracle,18.56835310015951,11.428017616271973,11.041387557983398,nan,nan,18.74976491108523,8.60425853729248,8.374363899230957,0.18141181092572012,-2.823759078979492,-2.6670236587524414
adaptive_shard_00017.pt:25,light,zero,17.510323007740848,12.767132759094238,13.101461410522461,nan,nan,17.71277262151862,10.295476913452148,10.868437767028809,0.20244961377777315,-2.47165584564209,-2.2330236434936523
adaptive_shard_00017.pt:25,light,shuffled,17.510323007740848,12.767132759094238,13.101461410522461,nan,nan,17.716981126274458,10.303929328918457,10.864109992980957,0.2066581185336105,-2.4632034301757812,-2.237351417541504
adaptive_shard_00017.pt:25,light,predicted,17.510323007740848,12.767132759094238,13.101461410522461,nan,nan,17.714436746364676,10.30109691619873,10.86473560333252,0.2041137386238283,-2.466035842895508,-2.2367258071899414
adaptive_shard_00017.pt:25,light,oracle,17.510323007740848,12.767132759094238,13.101461410522461,nan,nan,17.719521674742076,10.296379089355469,10.872380256652832,0.20919866700122824,-2.4707536697387695,-2.229081153869629
adaptive_shard_00017.pt:26,medium,zero,15.412426448935094,12.550078392028809,12.258541107177734,nan,nan,15.60011369762558,11.378533363342285,12.126315116882324,0.18768724869048725,-1.1715450286865234,-0.13222599029541016
adaptive_shard_00017.pt:26,medium,shuffled,15.412426448935094,12.550078392028809,12.258541107177734,nan,nan,15.595694577720636,11.416902542114258,12.088180541992188,0.18326812878554222,-1.1331758499145508,-0.17036056518554688
adaptive_shard_00017.pt:26,medium,predicted,15.412426448935094,12.550078392028809,12.258541107177734,nan,nan,15.602034083388126,11.38034439086914,12.12392807006836,0.18960763445303286,-1.169734001159668,-0.134613037109375
adaptive_shard_00017.pt:26,medium,oracle,15.412426448935094,12.550078392028809,12.258541107177734,nan,nan,15.602954958300234,11.378947257995605,12.126951217651367,0.19052850936514076,-1.1711311340332031,-0.1315898895263672
adaptive_shard_00017.pt:27,heavy,zero,12.9912548673275,14.951949119567871,15.400310516357422,nan,nan,13.105133889246694,13.34282112121582,14.138486862182617,0.1138790219191943,-1.6091279983520508,-1.2618236541748047
adaptive_shard_00017.pt:27,heavy,shuffled,12.9912548673275,14.951949119567871,15.400310516357422,nan,nan,13.109197879519511,13.345646858215332,14.142560958862305,0.11794301219201131,-1.606302261352539,-1.2577495574951172
adaptive_shard_00017.pt:27,heavy,predicted,12.9912548673275,14.951949119567871,15.400310516357422,nan,nan,13.102396450656968,13.413605690002441,14.196191787719727,0.11114158332946822,-1.5383434295654297,-1.2041187286376953
adaptive_shard_00017.pt:27,heavy,oracle,12.9912548673275,14.951949119567871,15.400310516357422,nan,nan,13.102410511321676,13.413424491882324,14.196038246154785,0.11115564399417543,-1.5385246276855469,-1.2042722702026367
adaptive_shard_00017.pt:36,clean,zero,23.025991712167375,9.076753616333008,9.225040435791016,nan,nan,22.809042612916386,5.677281379699707,4.37244987487793,-0.21694909925098926,-3.399472236633301,-4.852590560913086
adaptive_shard_00017.pt:36,clean,shuffled,23.025991712167375,9.076753616333008,9.225040435791016,nan,nan,22.919431638949778,5.683502674102783,4.390049934387207,-0.1065600732175973,-3.3932509422302246,-4.834990501403809
adaptive_shard_00017.pt:36,clean,predicted,23.025991712167375,9.076753616333008,9.225040435791016,nan,nan,22.81441712461713,5.674227237701416,4.371546745300293,-0.2115745875502455,-3.402526378631592,-4.853493690490723
adaptive_shard_00017.pt:36,clean,oracle,23.025991712167375,9.076753616333008,9.225040435791016,nan,nan,22.810192903172503,5.672533988952637,4.371113300323486,-0.21579880899487236,-3.404219627380371,-4.853927135467529
adaptive_shard_00017.pt:37,light,zero,21.499088787358765,13.144342422485352,14.948123931884766,nan,nan,21.61384455080195,10.096199989318848,10.664514541625977,0.11475576344318483,-3.048142433166504,-4.283609390258789
adaptive_shard_00017.pt:37,light,shuffled,21.499088787358765,13.144342422485352,14.948123931884766,nan,nan,21.624908833234095,10.097890853881836,10.661859512329102,0.12582004587532936,-3.0464515686035156,-4.286264419555664
adaptive_shard_00017.pt:37,light,predicted,21.499088787358765,13.144342422485352,14.948123931884766,nan,nan,21.613043661815535,10.09252643585205,10.66470718383789,0.11395487445676977,-3.051815986633301,-4.283416748046875
adaptive_shard_00017.pt:37,light,oracle,21.499088787358765,13.144342422485352,14.948123931884766,nan,nan,21.615606026789504,10.091391563415527,10.662864685058594,0.11651723943073833,-3.052950859069824,-4.285259246826172
adaptive_shard_00017.pt:38,medium,zero,17.38118748351253,12.42087173461914,14.12612533569336,nan,nan,17.547646404610752,13.238797187805176,14.845852851867676,0.16645892109822213,0.8179254531860352,0.7197275161743164
adaptive_shard_00017.pt:38,medium,shuffled,17.38118748351253,12.42087173461914,14.12612533569336,nan,nan,17.548536206945762,13.236395835876465,14.841941833496094,0.16734872343323204,0.8155241012573242,0.7158164978027344
adaptive_shard_00017.pt:38,medium,predicted,17.38118748351253,12.42087173461914,14.12612533569336,nan,nan,17.548974997230513,13.234265327453613,14.843164443969727,0.1677875137179825,0.8133935928344727,0.7170391082763672
adaptive_shard_00017.pt:38,medium,oracle,17.38118748351253,12.42087173461914,14.12612533569336,nan,nan,17.548801736227876,13.229491233825684,14.842382431030273,0.1676142527153459,0.808619499206543,0.7162570953369141
adaptive_shard_00017.pt:39,heavy,zero,15.00835118582443,13.71275520324707,14.91722297668457,nan,nan,15.056662475507705,14.004179954528809,15.035945892333984,0.048311289683274694,0.2914247512817383,0.11872291564941406
adaptive_shard_00017.pt:39,heavy,shuffled,15.00835118582443,13.71275520324707,14.91722297668457,nan,nan,15.05946468417874,14.00531005859375,15.037727355957031,0.05111349835430978,0.2925548553466797,0.12050437927246094
adaptive_shard_00017.pt:39,heavy,predicted,15.00835118582443,13.71275520324707,14.91722297668457,nan,nan,15.061810110198223,13.954073905944824,15.00106430053711,0.05345892437379263,0.2413187026977539,0.08384132385253906
adaptive_shard_00017.pt:39,heavy,oracle,15.00835118582443,13.71275520324707,14.91722297668457,nan,nan,15.061825994847947,13.9535551071167,15.000638008117676,0.0534748090235162,0.2407999038696289,0.08341503143310547
adaptive_shard_00017.pt:48,clean,zero,14.375153348499147,11.483946800231934,12.062838554382324,nan,nan,14.407901939891694,6.049151420593262,5.873517036437988,0.032748591392547155,-5.434795379638672,-6.189321517944336
adaptive_shard_00017.pt:48,clean,shuffled,14.375153348499147,11.483946800231934,12.062838554382324,nan,nan,14.428673995467525,6.023319244384766,5.779726505279541,0.053520646968378216,-5.460627555847168,-6.283112049102783
adaptive_shard_00017.pt:48,clean,predicted,14.375153348499147,11.483946800231934,12.062838554382324,nan,nan,14.410366011149458,6.05128288269043,5.8782525062561035,0.03521266265031109,-5.432663917541504,-6.184586048126221
adaptive_shard_00017.pt:48,clean,oracle,14.375153348499147,11.483946800231934,12.062838554382324,nan,nan,14.410721313097394,6.053378105163574,5.883452415466309,0.03556796459824696,-5.430568695068359,-6.179386138916016
adaptive_shard_00017.pt:49,light,zero,17.835559451553316,13.401232719421387,14.749739646911621,nan,nan,17.952022120456988,9.709436416625977,10.560433387756348,0.1164626689036723,-3.69179630279541,-4.189306259155273
adaptive_shard_00017.pt:49,light,shuffled,17.835559451553316,13.401232719421387,14.749739646911621,nan,nan,17.97692422579946,9.656583786010742,10.421915054321289,0.14136477424614569,-3.7446489334106445,-4.327824592590332
adaptive_shard_00017.pt:49,light,predicted,17.835559451553316,13.401232719421387,14.749739646911621,nan,nan,17.956094617617488,9.703096389770508,10.544075012207031,0.12053516606417247,-3.698136329650879,-4.20566463470459
adaptive_shard_00017.pt:49,light,oracle,17.835559451553316,13.401232719421387,14.749739646911621,nan,nan,17.952938815088856,9.710423469543457,10.567370414733887,0.1173793635355409,-3.6908092498779297,-4.182369232177734
adaptive_shard_00017.pt:50,medium,zero,15.889523566243266,11.903834342956543,12.815220832824707,nan,nan,16.090547374295582,12.035234451293945,13.31173324584961,0.2010238080523159,0.13140010833740234,0.49651241302490234
adaptive_shard_00017.pt:50,medium,shuffled,15.889523566243266,11.903834342956543,12.815220832824707,nan,nan,16.09178488891779,12.030341148376465,13.301355361938477,0.20226132267452357,0.12650680541992188,0.48613452911376953
adaptive_shard_00017.pt:50,medium,predicted,15.889523566243266,11.903834342956543,12.815220832824707,nan,nan,16.09184320942117,12.03285026550293,13.307493209838867,0.20231964317790485,0.12901592254638672,0.49227237701416016
adaptive_shard_00017.pt:50,medium,oracle,15.889523566243266,11.903834342956543,12.815220832824707,nan,nan,16.091785909633572,12.030328750610352,13.301329612731934,0.2022623433903057,0.1264944076538086,0.48610877990722656
adaptive_shard_00017.pt:51,heavy,zero,14.612183670227079,13.247566223144531,13.876803398132324,nan,nan,14.716423892601338,12.874063491821289,13.64775562286377,0.10424022237425845,-0.3735027313232422,-0.2290477752685547
adaptive_shard_00017.pt:51,heavy,shuffled,14.612183670227079,13.247566223144531,13.876803398132324,nan,nan,14.716786393177898,12.875654220581055,13.650784492492676,0.10460272295081907,-0.37191200256347656,-0.22601890563964844
adaptive_shard_00017.pt:51,heavy,predicted,14.612183670227079,13.247566223144531,13.876803398132324,nan,nan,14.717381318576281,12.856633186340332,13.632545471191406,0.10519764834920231,-0.3909330368041992,-0.24425792694091797
adaptive_shard_00017.pt:51,heavy,oracle,14.612183670227079,13.247566223144531,13.876803398132324,nan,nan,14.71738916889931,12.856642723083496,13.632524490356445,0.10520549867223039,-0.39092350006103516,-0.2442789077758789
adaptive_shard_00017.pt:56,clean,zero,21.49451386195316,10.022768020629883,10.52140998840332,nan,nan,21.18226195861618,6.515820026397705,5.501655578613281,-0.3122519033369784,-3.5069479942321777,-5.019754409790039
adaptive_shard_00017.pt:56,clean,shuffled,21.49451386195316,10.022768020629883,10.52140998840332,nan,nan,21.189597229234025,6.518934726715088,5.511116027832031,-0.3049166327191344,-3.503833293914795,-5.010293960571289
adaptive_shard_00017.pt:56,clean,predicted,21.49451386195316,10.022768020629883,10.52140998840332,nan,nan,21.19151050545499,6.5157904624938965,5.505863189697266,-0.30300335649817,-3.5069775581359863,-5.015546798706055
adaptive_shard_00017.pt:56,clean,oracle,21.49451386195316,10.022768020629883,10.52140998840332,nan,nan,21.191292268487672,6.518122673034668,5.511536121368408,-0.30322159346548716,-3.504645347595215,-5.009873867034912
adaptive_shard_00017.pt:57,light,zero,20.96310590885936,13.556684494018555,14.23962688446045,nan,nan,20.876267327950533,9.861857414245605,9.551529884338379,-0.08683858090882879,-3.694827079772949,-4.68809700012207
adaptive_shard_00017.pt:57,light,shuffled,20.96310590885936,13.556684494018555,14.23962688446045,nan,nan,20.883697933801663,9.862333297729492,9.559605598449707,-0.07940797505769837,-3.6943511962890625,-4.680021286010742
adaptive_shard_00017.pt:57,light,predicted,20.96310590885936,13.556684494018555,14.23962688446045,nan,nan,20.88402124505691,9.860213279724121,9.54884147644043,-0.07908466380245116,-3.6964712142944336,-4.6907854080200195
adaptive_shard_00017.pt:57,light,oracle,20.96310590885936,13.556684494018555,14.23962688446045,nan,nan,20.883697933801663,9.862333297729492,9.559605598449707,-0.07940797505769837,-3.6943511962890625,-4.680021286010742
adaptive_shard_00017.pt:58,medium,zero,18.387745091369624,12.94681167602539,13.363637924194336,nan,nan,18.604567043847723,13.003731727600098,13.235196113586426,0.21682195247809943,0.05692005157470703,-0.12844181060791016
adaptive_shard_00017.pt:58,medium,shuffled,18.387745091369624,12.94681167602539,13.363637924194336,nan,nan,18.609174435332275,13.003443717956543,13.238877296447754,0.2214293439626509,0.056632041931152344,-0.12476062774658203
adaptive_shard_00017.pt:58,medium,predicted,18.387745091369624,12.94681167602539,13.363637924194336,nan,nan,18.608798706810816,13.00094985961914,13.23083209991455,0.22105361544119262,0.05413818359375,-0.13280582427978516
adaptive_shard_00017.pt:58,medium,oracle,18.387745091369624,12.94681167602539,13.363637924194336,nan,nan,18.6095731918226,12.997779846191406,13.22234058380127,0.22182810045297785,0.050968170166015625,-0.1412973403930664
adaptive_shard_00017.pt:59,heavy,zero,16.71365995160818,12.990043640136719,13.396845817565918,nan,nan,16.893400448817978,13.265865325927734,13.512955665588379,0.17974049720979934,0.2758216857910156,0.11610984802246094
adaptive_shard_00017.pt:59,heavy,shuffled,16.71365995160818,12.990043640136719,13.396845817565918,nan,nan,16.89428012380794,13.266626358032227,13.514822006225586,0.18062017219975957,0.2765827178955078,0.11797618865966797
adaptive_shard_00017.pt:59,heavy,predicted,16.71365995160818,12.990043640136719,13.396845817565918,nan,nan,16.89418274475117,13.229535102844238,13.479803085327148,0.18052279314299113,0.23949146270751953,0.08295726776123047
adaptive_shard_00017.pt:59,heavy,oracle,16.71365995160818,12.990043640136719,13.396845817565918,nan,nan,16.893872196964065,13.226625442504883,13.477225303649902,0.18021224535588587,0.23658180236816406,0.08037948608398438
adaptive_shard_00018.pt:20,clean,zero,20.430880923663345,11.09218978881836,11.613136291503906,nan,nan,20.840789325407705,9.428071975708008,8.91501522064209,0.40990840174436016,-1.6641178131103516,-2.6981210708618164
adaptive_shard_00018.pt:20,clean,shuffled,20.430880923663345,11.09218978881836,11.613136291503906,nan,nan,20.851668050716295,9.427972793579102,8.916482925415039,0.4207871270529502,-1.6642169952392578,-2.696653366088867
adaptive_shard_00018.pt:20,clean,predicted,20.430880923663345,11.09218978881836,11.613136291503906,nan,nan,20.853282139451778,9.425561904907227,8.914000511169434,0.42240121578843315,-1.6666278839111328,-2.6991357803344727
adaptive_shard_00018.pt:20,clean,oracle,20.430880923663345,11.09218978881836,11.613136291503906,nan,nan,20.85640284213892,9.427638053894043,8.91729736328125,0.4255219184755745,-1.6645517349243164,-2.6958389282226562
adaptive_shard_00018.pt:21,light,zero,22.006776260488238,15.839658737182617,19.57071304321289,nan,nan,22.51670582326989,13.923312187194824,16.09671401977539,0.5099295627816538,-1.916346549987793,-3.4739990234375
adaptive_shard_00018.pt:21,light,shuffled,22.006776260488238,15.839658737182617,19.57071304321289,nan,nan,22.540060336562814,13.917052268981934,16.090578079223633,0.5332840760745761,-1.9226064682006836,-3.480134963989258
adaptive_shard_00018.pt:21,light,predicted,22.006776260488238,15.839658737182617,19.57071304321289,nan,nan,22.533387040939367,13.920127868652344,16.096311569213867,0.5266107804511293,-1.9195308685302734,-3.4744014739990234
adaptive_shard_00018.pt:21,light,oracle,22.006776260488238,15.839658737182617,19.57071304321289,nan,nan,22.535795047175622,13.918702125549316,16.091886520385742,0.5290187866873843,-1.9209566116333008,-3.4788265228271484
adaptive_shard_00018.pt:22,medium,zero,20.39180051509169,15.380203247070312,18.591381072998047,nan,nan,20.677225536126684,16.319416046142578,19.146862030029297,0.285425021034996,0.9392127990722656,0.55548095703125
adaptive_shard_00018.pt:22,medium,shuffled,20.39180051509169,15.380203247070312,18.591381072998047,nan,nan,20.694798017333582,16.314495086669922,19.142091751098633,0.3029975022418938,0.9342918395996094,0.5507106781005859
adaptive_shard_00018.pt:22,medium,predicted,20.39180051509169,15.380203247070312,18.591381072998047,nan,nan,20.69024368242793,16.315135955810547,19.143817901611328,0.29844316733624154,0.9349327087402344,0.5524368286132812
adaptive_shard_00018.pt:22,medium,oracle,20.39180051509169,15.380203247070312,18.591381072998047,nan,nan,20.688859002301147,16.317047119140625,19.143999099731445,0.2970584872094584,0.9368438720703125,0.5526180267333984
adaptive_shard_00018.pt:23,heavy,zero,13.274951772951994,15.435857772827148,16.043514251708984,nan,nan,13.41411311775935,16.827449798583984,17.220109939575195,0.13916134480735565,1.391592025756836,1.176595687866211
adaptive_shard_00018.pt:23,heavy,shuffled,13.274951772951994,15.435857772827148,16.043514251708984,nan,nan,13.415912454265547,16.827178955078125,17.219375610351562,0.14096068131355288,1.3913211822509766,1.1758613586425781
adaptive_shard_00018.pt:23,heavy,predicted,13.274951772951994,15.435857772827148,16.043514251708984,nan,nan,13.416714584904273,16.725156784057617,17.13951873779297,0.14176281195227958,1.2892990112304688,1.0960044860839844
adaptive_shard_00018.pt:23,heavy,oracle,13.274951772951994,15.435857772827148,16.043514251708984,nan,nan,13.416693900887966,16.723045349121094,17.137826919555664,0.14174212793597185,1.2871875762939453,1.0943126678466797
adaptive_shard_00018.pt:92,clean,zero,18.47010798909213,9.918821334838867,9.70019245147705,nan,nan,18.52221007586921,7.480841159820557,6.756813049316406,0.05210208677707939,-2.4379801750183105,-2.9433794021606445
adaptive_shard_00018.pt:92,clean,shuffled,18.47010798909213,9.918821334838867,9.70019245147705,nan,nan,18.534157336719566,7.489921569824219,6.766519069671631,0.06404934762743508,-2.4288997650146484,-2.93367338180542
adaptive_shard_00018.pt:92,clean,predicted,18.47010798909213,9.918821334838867,9.70019245147705,nan,nan,18.530677390082676,7.479595184326172,6.755943298339844,0.060569400990544864,-2.4392261505126953,-2.944249153137207
adaptive_shard_00018.pt:92,clean,oracle,18.47010798909213,9.918821334838867,9.70019245147705,nan,nan,18.53320993094541,7.4777302742004395,6.754303932189941,0.06310194185327944,-2.4410910606384277,-2.9458885192871094
adaptive_shard_00018.pt:93,light,zero,14.983319971992541,13.955737113952637,16.770118713378906,nan,nan,15.139572163522061,11.846054077148438,13.819055557250977,0.15625219152951964,-2.109683036804199,-2.9510631561279297
adaptive_shard_00018.pt:93,light,shuffled,14.983319971992541,13.955737113952637,16.770118713378906,nan,nan,15.143391382625026,11.838881492614746,13.809792518615723,0.16007141063248476,-2.1168556213378906,-2.9603261947631836
adaptive_shard_00018.pt:93,light,predicted,14.983319971992541,13.955737113952637,16.770118713378906,nan,nan,15.142609135915947,11.843084335327148,13.81530475616455,0.15928916392340575,-2.1126527786254883,-2.9548139572143555
adaptive_shard_00018.pt:93,light,oracle,14.983319971992541,13.955737113952637,16.770118713378906,nan,nan,15.143586510332938,11.841343879699707,13.813082695007324,0.16026653834039628,-2.1143932342529297,-2.957036018371582
adaptive_shard_00018.pt:94,medium,zero,14.25378842470578,13.68004322052002,15.735581398010254,nan,nan,14.398157785596624,13.977882385253906,16.219636917114258,0.14436936089084362,0.2978391647338867,0.4840555191040039
adaptive_shard_00018.pt:94,medium,shuffled,14.25378842470578,13.68004322052002,15.735581398010254,nan,nan,14.400614129737807,13.97608757019043,16.21619987487793,0.1468257050320272,0.29604434967041016,0.4806184768676758
adaptive_shard_00018.pt:94,medium,predicted,14.25378842470578,13.68004322052002,15.735581398010254,nan,nan,14.399964397422417,13.975541114807129,16.2170467376709,0.1461759727166374,0.2954978942871094,0.48146533966064453
adaptive_shard_00018.pt:94,medium,oracle,14.25378842470578,13.68004322052002,15.735581398010254,nan,nan,14.400614129737807,13.97608757019043,16.21619987487793,0.1468257050320272,0.29604434967041016,0.4806184768676758
adaptive_shard_00018.pt:95,heavy,zero,12.214293297312091,13.369766235351562,14.37770938873291,nan,nan,12.32611152338125,13.852644920349121,14.73387622833252,0.11181822606915937,0.4828786849975586,0.3561668395996094
adaptive_shard_00018.pt:95,heavy,shuffled,12.214293297312091,13.369766235351562,14.37770938873291,nan,nan,12.322367634430108,13.797196388244629,14.704608917236328,0.10807433711801728,0.4274301528930664,0.32689952850341797
adaptive_shard_00018.pt:95,heavy,predicted,12.214293297312091,13.369766235351562,14.37770938873291,nan,nan,12.322366437158403,13.797186851501465,14.704604148864746,0.1080731398463115,0.42742061614990234,0.32689476013183594
adaptive_shard_00018.pt:95,heavy,oracle,12.214293297312091,13.369766235351562,14.37770938873291,nan,nan,12.322303277322579,13.79665470123291,14.704333305358887,0.1080099800104879,0.42688846588134766,0.32662391662597656
adaptive_shard_00018.pt:112,clean,zero,22.255311625488048,16.64406394958496,16.838319778442383,nan,nan,22.420461086513175,10.4747896194458,7.844550609588623,0.16514946102512695,-6.16927433013916,-8.99376916885376
adaptive_shard_00018.pt:112,clean,shuffled,22.255311625488048,16.64406394958496,16.838319778442383,nan,nan,22.423884948379218,10.468409538269043,7.841472625732422,0.1685733228911701,-6.175654411315918,-8.996847152709961
adaptive_shard_00018.pt:112,clean,predicted,22.255311625488048,16.64406394958496,16.838319778442383,nan,nan,22.425396070792605,10.470162391662598,7.841899394989014,0.1700844453045569,-6.173901557922363,-8.99642038345337
adaptive_shard_00018.pt:112,clean,oracle,22.255311625488048,16.64406394958496,16.838319778442383,nan,nan,22.42277417303438,10.466896057128906,7.840459823608398,0.16746254754633227,-6.177167892456055,-8.997859954833984
adaptive_shard_00018.pt:113,light,zero,22.83963752013014,16.554967880249023,17.20533561706543,nan,nan,23.050031526852806,12.065712928771973,9.892988204956055,0.21039400672266595,-4.489254951477051,-7.312347412109375
adaptive_shard_00018.pt:113,light,shuffled,22.83963752013014,16.554967880249023,17.20533561706543,nan,nan,23.098733193722005,12.139778137207031,9.980131149291992,0.25909567359186525,-4.415189743041992,-7.2252044677734375
adaptive_shard_00018.pt:113,light,predicted,22.83963752013014,16.554967880249023,17.20533561706543,nan,nan,23.05812444542893,12.073256492614746,9.901646614074707,0.21848692529879088,-4.481711387634277,-7.303689002990723
adaptive_shard_00018.pt:113,light,oracle,22.83963752013014,16.554967880249023,17.20533561706543,nan,nan,23.05487865273706,12.056812286376953,9.885568618774414,0.2152411326069199,-4.49815559387207,-7.319766998291016
adaptive_shard_00018.pt:114,medium,zero,23.07541790595371,12.910494804382324,12.04646110534668,nan,nan,23.105251751408133,13.121769905090332,11.090868949890137,0.029833845454422914,0.2112751007080078,-0.955592155456543
adaptive_shard_00018.pt:114,medium,shuffled,23.07541790595371,12.910494804382324,12.04646110534668,nan,nan,23.115763465211877,13.112009048461914,11.081886291503906,0.040345559258167185,0.20151424407958984,-0.9645748138427734
adaptive_shard_00018.pt:114,medium,predicted,23.07541790595371,12.910494804382324,12.04646110534668,nan,nan,23.129127964205445,13.125614166259766,11.107545852661133,0.053710058251734694,0.2151193618774414,-0.9389152526855469
adaptive_shard_00018.pt:114,medium,oracle,23.07541790595371,12.910494804382324,12.04646110534668,nan,nan,23.125009383901507,13.126124382019043,11.106012344360352,0.04959147794779639,0.21562957763671875,-0.9404487609863281
adaptive_shard_00018.pt:115,heavy,zero,17.99809498450347,12.345046043395996,11.560223579406738,nan,nan,17.97004736790736,12.654603958129883,11.108686447143555,-0.02804761659611188,0.3095579147338867,-0.4515371322631836
adaptive_shard_00018.pt:115,heavy,shuffled,17.99809498450347,12.345046043395996,11.560223579406738,nan,nan,17.991867442694993,12.617766380310059,11.133920669555664,-0.006227541808478065,0.2727203369140625,-0.4263029098510742
adaptive_shard_00018.pt:115,heavy,predicted,17.99809498450347,12.345046043395996,11.560223579406738,nan,nan,17.991871423658257,12.617753982543945,11.133925437927246,-0.006223560845214138,0.2727079391479492,-0.4262981414794922
adaptive_shard_00018.pt:115,heavy,oracle,17.99809498450347,12.345046043395996,11.560223579406738,nan,nan,17.991867442694993,12.617766380310059,11.133920669555664,-0.006227541808478065,0.2727203369140625,-0.4263029098510742
adaptive_shard_00019.pt:12,clean,zero,20.658997524410907,19.64830207824707,20.476144790649414,nan,nan,20.505474873799024,8.0280179977417,6.661187648773193,-0.1535226506118832,-11.620284080505371,-13.81495714187622
adaptive_shard_00019.pt:12,clean,shuffled,20.658997524410907,19.64830207824707,20.476144790649414,nan,nan,20.517043608473994,8.03113842010498,6.67408561706543,-0.14195391593691298,-11.61716365814209,-13.802059173583984
adaptive_shard_00019.pt:12,clean,predicted,20.658997524410907,19.64830207824707,20.476144790649414,nan,nan,20.51623000724483,8.029374122619629,6.6673455238342285,-0.14276751716607805,-11.618927955627441,-13.808799266815186
adaptive_shard_00019.pt:12,clean,oracle,20.658997524410907,19.64830207824707,20.476144790649414,nan,nan,20.519346628603763,8.031208992004395,6.67469596862793,-0.13965089580714363,-11.617093086242676,-13.801448822021484
adaptive_shard_00019.pt:13,light,zero,20.740741391725766,14.9923677444458,15.495255470275879,nan,nan,20.64131165087135,8.665473937988281,7.4637131690979,-0.09942974085441492,-6.3268938064575195,-8.031542301177979
adaptive_shard_00019.pt:13,light,shuffled,20.740741391725766,14.9923677444458,15.495255470275879,nan,nan,20.654738551916534,8.657204627990723,7.436323165893555,-0.08600283980923251,-6.335163116455078,-8.058932304382324
adaptive_shard_00019.pt:13,light,predicted,20.740741391725766,14.9923677444458,15.495255470275879,nan,nan,20.648592454328085,8.659435272216797,7.443199634552002,-0.09214893739768115,-6.332932472229004,-8.052055835723877
adaptive_shard_00019.pt:13,light,oracle,20.740741391725766,14.9923677444458,15.495255470275879,nan,nan,20.653214207656504,8.66819953918457,7.476284503936768,-0.08752718406926263,-6.3241682052612305,-8.018970966339111
adaptive_shard_00019.pt:14,medium,zero,21.57878386319045,10.467212677001953,9.882340431213379,nan,nan,21.53699992754772,9.889616966247559,8.946331977844238,-0.041783935642730086,-0.5775957107543945,-0.9360084533691406
adaptive_shard_00019.pt:14,medium,shuffled,21.57878386319045,10.467212677001953,9.882340431213379,nan,nan,21.543461175281887,9.889893531799316,8.95347785949707,-0.03532268790856108,-0.5773191452026367,-0.9288625717163086
adaptive_shard_00019.pt:14,medium,predicted,21.57878386319045,10.467212677001953,9.882340431213379,nan,nan,21.544888691117613,9.890101432800293,8.94482421875,-0.03389517207283532,-0.5771112442016602,-0.9375162124633789
adaptive_shard_00019.pt:14,medium,oracle,21.57878386319045,10.467212677001953,9.882340431213379,nan,nan,21.548549071990944,9.890810012817383,8.93489933013916,-0.03023479119950423,-0.5764026641845703,-0.9474411010742188
adaptive_shard_00019.pt:15,heavy,zero,18.90476310565318,12.470717430114746,12.239692687988281,nan,nan,19.051839050570422,11.344001770019531,11.00606918334961,0.14707594491724052,-1.1267156600952148,-1.2336235046386719
adaptive_shard_00019.pt:15,heavy,shuffled,18.90476310565318,12.470717430114746,12.239692687988281,nan,nan,19.052484568967657,11.359910011291504,11.019231796264648,0.14772146331447544,-1.1108074188232422,-1.2204608917236328
adaptive_shard_00019.pt:15,heavy,predicted,18.90476310565318,12.470717430114746,12.239692687988281,nan,nan,19.05239815722028,11.36020565032959,11.019636154174805,0.1476350515671001,-1.1105117797851562,-1.2200565338134766
adaptive_shard_00019.pt:15,heavy,oracle,18.90476310565318,12.470717430114746,12.239692687988281,nan,nan,19.0524543094238,11.360010147094727,11.019369125366211,0.14769120377061995,-1.1107072830200195,-1.2203235626220703
adaptive_shard_00019.pt:40,clean,zero,24.962855536020605,8.276185989379883,8.918956756591797,nan,nan,24.17932758715153,6.068618297576904,5.77654504776001,-0.7835279488690752,-2.2075676918029785,-3.142411708831787
adaptive_shard_00019.pt:40,clean,shuffled,24.962855536020605,8.276185989379883,8.918956756591797,nan,nan,24.266591740230112,6.07142972946167,5.783090591430664,-0.6962637957904931,-2.204756259918213,-3.135866165161133
adaptive_shard_00019.pt:40,clean,predicted,24.962855536020605,8.276185989379883,8.918956756591797,nan,nan,24.240363330142934,6.068056106567383,5.777863502502441,-0.7224922058776713,-2.2081298828125,-3.1410932540893555
adaptive_shard_00019.pt:40,clean,oracle,24.962855536020605,8.276185989379883,8.918956756591797,nan,nan,24.266591740230112,6.07142972946167,5.783090591430664,-0.6962637957904931,-2.204756259918213,-3.135866165161133
adaptive_shard_00019.pt:41,light,zero,23.876611650788586,12.9329833984375,14.599902153015137,nan,nan,23.65988075621552,10.77834415435791,11.482050895690918,-0.2167308945730646,-2.15463924407959,-3.1178512573242188
adaptive_shard_00019.pt:41,light,shuffled,23.876611650788586,12.9329833984375,14.599902153015137,nan,nan,23.705016018352637,10.777621269226074,11.485039710998535,-0.17159563243594889,-2.155362129211426,-3.1148624420166016
adaptive_shard_00019.pt:41,light,predicted,23.876611650788586,12.9329833984375,14.599902153015137,nan,nan,23.68870131355699,10.773326873779297,11.471721649169922,-0.187910337231596,-2.159656524658203,-3.128180503845215
adaptive_shard_00019.pt:41,light,oracle,23.876611650788586,12.9329833984375,14.599902153015137,nan,nan,23.705016018352637,10.777621269226074,11.485039710998535,-0.17159563243594889,-2.155362129211426,-3.1148624420166016
adaptive_shard_00019.pt:42,medium,zero,19.49686063219907,12.616354942321777,13.003714561462402,nan,nan,19.491796043215505,13.038241386413574,13.302788734436035,-0.005064588983564988,0.4218864440917969,0.2990741729736328
adaptive_shard_00019.pt:42,medium,shuffled,19.49686063219907,12.616354942321777,13.003714561462402,nan,nan,19.50711267971753,13.037871360778809,13.303628921508789,0.010252047518459761,0.42151641845703125,0.2999143600463867
adaptive_shard_00019.pt:42,medium,predicted,19.49686063219907,12.616354942321777,13.003714561462402,nan,nan,19.50525331536288,13.034719467163086,13.298393249511719,0.008392683163808812,0.4183645248413086,0.2946786880493164
adaptive_shard_00019.pt:42,medium,oracle,19.49686063219907,12.616354942321777,13.003714561462402,nan,nan,19.50876131729338,13.031098365783691,13.292887687683105,0.011900685094310859,0.41474342346191406,0.2891731262207031
adaptive_shard_00019.pt:43,heavy,zero,15.417017217252162,13.538066864013672,13.59774112701416,nan,nan,15.328244174870596,13.647151947021484,13.426791191101074,-0.08877304238156647,0.1090850830078125,-0.17094993591308594
adaptive_shard_00019.pt:43,heavy,shuffled,15.417017217252162,13.538066864013672,13.59774112701416,nan,nan,15.336738169608743,13.640782356262207,13.420764923095703,-0.08027904764341898,0.10271549224853516,-0.17697620391845703
adaptive_shard_00019.pt:43,heavy,predicted,15.417017217252162,13.538066864013672,13.59774112701416,nan,nan,15.36116362551811,13.595993041992188,13.391105651855469,-0.0558535917340528,0.057926177978515625,-0.2066354751586914
adaptive_shard_00019.pt:43,heavy,oracle,15.417017217252162,13.538066864013672,13.59774112701416,nan,nan,15.361621326440321,13.595086097717285,13.390436172485352,-0.05539589081184104,0.05701923370361328,-0.2073049545288086
adaptive_shard_00019.pt:52,clean,zero,18.07060671203783,10.879080772399902,11.281563758850098,nan,nan,18.338672781244185,7.906697750091553,7.693248271942139,0.26806606920635545,-2.9723830223083496,-3.588315486907959
adaptive_shard_00019.pt:52,clean,shuffled,18.07060671203783,10.879080772399902,11.281563758850098,nan,nan,18.34235065141567,7.918776988983154,7.702428340911865,0.271743939377842,-2.960303783416748,-3.5791354179382324
adaptive_shard_00019.pt:52,clean,predicted,18.07060671203783,10.879080772399902,11.281563758850098,nan,nan,18.3438631524728,7.9065117835998535,7.694045543670654,0.2732564404349702,-2.972568988800049,-3.5875182151794434
adaptive_shard_00019.pt:52,clean,oracle,18.07060671203783,10.879080772399902,11.281563758850098,nan,nan,18.345412538003682,7.905864238739014,7.6942925453186035,0.2748058259658528,-2.9732165336608887,-3.587271213531494
adaptive_shard_00019.pt:53,light,zero,17.44145650078077,12.716531753540039,13.219598770141602,nan,nan,17.70616454176019,9.814640998840332,9.625003814697266,0.26470804097942136,-2.901890754699707,-3.594594955444336
adaptive_shard_00019.pt:53,light,shuffled,17.44145650078077,12.716531753540039,13.219598770141602,nan,nan,17.70322760957334,9.916970252990723,9.706534385681152,0.26177110879256915,-2.7995615005493164,-3.513064384460449
adaptive_shard_00019.pt:53,light,predicted,17.44145650078077,12.716531753540039,13.219598770141602,nan,nan,17.70663776044074,9.825105667114258,9.633288383483887,0.2651812596599683,-2.8914260864257812,-3.586310386657715
adaptive_shard_00019.pt:53,light,oracle,17.44145650078077,12.716531753540039,13.219598770141602,nan,nan,17.709738852503,9.810799598693848,9.622511863708496,0.268282351722231,-2.9057321548461914,-3.5970869064331055
adaptive_shard_00019.pt:54,medium,zero,17.80458262652254,11.417086601257324,10.88327693939209,nan,nan,18.20841555066063,10.397791862487793,10.360886573791504,0.40383292413809,-1.0192947387695312,-0.5223903656005859
adaptive_shard_00019.pt:54,medium,shuffled,17.80458262652254,11.417086601257324,10.88327693939209,nan,nan,18.215302434713966,10.395792961120605,10.357260704040527,0.41071980819142695,-1.0212936401367188,-0.5260162353515625
adaptive_shard_00019.pt:54,medium,predicted,17.80458262652254,11.417086601257324,10.88327693939209,nan,nan,18.2112489105848,10.39985466003418,10.361104011535645,0.40666628406226124,-1.0172319412231445,-0.5221729278564453
adaptive_shard_00019.pt:54,medium,oracle,17.80458262652254,11.417086601257324,10.88327693939209,nan,nan,18.209029110127982,10.404407501220703,10.364363670349121,0.4044464836054438,-1.012679100036621,-0.5189132690429688
adaptive_shard_00019.pt:55,heavy,zero,16.089240374586048,13.026203155517578,12.670716285705566,nan,nan,16.292563161955783,11.63379955291748,11.571427345275879,0.20332278736973564,-1.3924036026000977,-1.0992889404296875
adaptive_shard_00019.pt:55,heavy,shuffled,16.089240374586048,13.026203155517578,12.670716285705566,nan,nan,16.296234526452068,11.634310722351074,11.571457862854004,0.2069941518660201,-1.391892433166504,-1.0992584228515625
adaptive_shard_00019.pt:55,heavy,predicted,16.089240374586048,13.026203155517578,12.670716285705566,nan,nan,16.288091001840513,11.684396743774414,11.60551929473877,0.19885062725446545,-1.341806411743164,-1.0651969909667969
adaptive_shard_00019.pt:55,heavy,oracle,16.089240374586048,13.026203155517578,12.670716285705566,nan,nan,16.288056816963447,11.684616088867188,11.605690956115723,0.19881644237739948,-1.3415870666503906,-1.0650253295898438
adaptive_shard_00019.pt:60,clean,zero,14.174837493115247,15.50177001953125,15.314237594604492,nan,nan,14.296983230530687,10.357186317443848,7.687666893005371,0.12214573741544044,-5.144583702087402,-7.626570701599121
adaptive_shard_00019.pt:60,clean,shuffled,14.174837493115247,15.50177001953125,15.314237594604492,nan,nan,14.298620157596789,10.350884437561035,7.683464527130127,0.12378266448154207,-5.150885581970215,-7.630773067474365
adaptive_shard_00019.pt:60,clean,predicted,14.174837493115247,15.50177001953125,15.314237594604492,nan,nan,14.298557208826537,10.354368209838867,7.685827732086182,0.12371971571129059,-5.147401809692383,-7.6284098625183105
adaptive_shard_00019.pt:60,clean,oracle,14.174837493115247,15.50177001953125,15.314237594604492,nan,nan,14.298620157596789,10.350884437561035,7.683464527130127,0.12378266448154207,-5.150885581970215,-7.630773067474365
adaptive_shard_00019.pt:61,light,zero,14.302926443346436,13.891851425170898,13.811373710632324,nan,nan,14.42456548874208,11.490150451660156,9.433627128601074,0.12163904539564463,-2.401700973510742,-4.37774658203125
adaptive_shard_00019.pt:61,light,shuffled,14.302926443346436,13.891851425170898,13.811373710632324,nan,nan,14.425817387222576,11.49461555480957,9.439826011657715,0.12289094387613986,-2.397235870361328,-4.371547698974609
adaptive_shard_00019.pt:61,light,predicted,14.302926443346436,13.891851425170898,13.811373710632324,nan,nan,14.42517221134408,11.494429588317871,9.439043998718262,0.12224576799764364,-2.3974218368530273,-4.3723297119140625
adaptive_shard_00019.pt:61,light,oracle,14.302926443346436,13.891851425170898,13.811373710632324,nan,nan,14.425849913716917,11.485086441040039,9.429140090942383,0.12292347037048046,-2.4067649841308594,-4.382233619689941
adaptive_shard_00019.pt:62,medium,zero,14.947926607447982,12.452066421508789,11.805488586425781,nan,nan,15.188107773885157,12.273238182067871,11.057239532470703,0.2401811664371749,-0.17882823944091797,-0.7482490539550781
adaptive_shard_00019.pt:62,medium,shuffled,14.947926607447982,12.452066421508789,11.805488586425781,nan,nan,15.182911650820765,12.27724838256836,11.109809875488281,0.2349850433727827,-0.1748180389404297,-0.6956787109375
adaptive_shard_00019.pt:62,medium,predicted,14.947926607447982,12.452066421508789,11.805488586425781,nan,nan,15.190532669598067,12.272212028503418,11.057600021362305,0.2426060621500845,-0.1798543930053711,-0.7478885650634766
adaptive_shard_00019.pt:62,medium,oracle,14.947926607447982,12.452066421508789,11.805488586425781,nan,nan,15.189181628501707,12.273335456848145,11.065041542053223,0.24125502105372476,-0.17873096466064453,-0.7404470443725586
adaptive_shard_00019.pt:63,heavy,zero,15.117702892596226,14.289026260375977,12.717530250549316,nan,nan,15.454991618682751,14.18351936340332,11.957954406738281,0.33728872608652516,-0.10550689697265625,-0.7595758438110352
adaptive_shard_00019.pt:63,heavy,shuffled,15.117702892596226,14.289026260375977,12.717530250549316,nan,nan,15.446721628493897,14.17855453491211,12.006962776184082,0.3290187358976713,-0.11047172546386719,-0.7105674743652344
adaptive_shard_00019.pt:63,heavy,predicted,15.117702892596226,14.289026260375977,12.717530250549316,nan,nan,15.44726718579577,14.178606033325195,12.005224227905273,0.32956429319954417,-0.11042022705078125,-0.712306022644043
adaptive_shard_00019.pt:63,heavy,oracle,15.117702892596226,14.289026260375977,12.717530250549316,nan,nan,15.447183083476476,14.178595542907715,12.005489349365234,0.3294801908802505,-0.11043071746826172,-0.712040901184082
adaptive_shard_00020.pt:4,clean,zero,26.130392073163407,9.428437232971191,9.615194320678711,nan,nan,24.96740154406377,5.387185573577881,4.594466209411621,-1.1629905290996376,-4.0412516593933105,-5.02072811126709
adaptive_shard_00020.pt:4,clean,shuffled,26.130392073163407,9.428437232971191,9.615194320678711,nan,nan,24.98203316916671,5.38887882232666,4.602103233337402,-1.148358903996698,-4.039558410644531,-5.013091087341309
adaptive_shard_00020.pt:4,clean,predicted,26.130392073163407,9.428437232971191,9.615194320678711,nan,nan,24.98566484643423,5.386231899261475,4.596681118011475,-1.1447272267291773,-4.042205333709717,-5.018513202667236
adaptive_shard_00020.pt:4,clean,oracle,26.130392073163407,9.428437232971191,9.615194320678711,nan,nan,24.98203316916671,5.38887882232666,4.602103233337402,-1.148358903996698,-4.039558410644531,-5.013091087341309
adaptive_shard_00020.pt:5,light,zero,24.69444697048313,12.83784294128418,14.954133987426758,nan,nan,24.209857397786468,11.004310607910156,12.62441635131836,-0.48458957269666314,-1.8335323333740234,-2.3297176361083984
adaptive_shard_00020.pt:5,light,shuffled,24.69444697048313,12.83784294128418,14.954133987426758,nan,nan,24.225874074987598,11.000798225402832,12.62263298034668,-0.4685728954955337,-1.8370447158813477,-2.331501007080078
adaptive_shard_00020.pt:5,light,predicted,24.69444697048313,12.83784294128418,14.954133987426758,nan,nan,24.20851928292537,11.006644248962402,12.631840705871582,-0.48592768755776206,-1.8311986923217773,-2.322293281555176
adaptive_shard_00020.pt:5,light,oracle,24.69444697048313,12.83784294128418,14.954133987426758,nan,nan,24.218698417894196,11.003297805786133,12.627338409423828,-0.4757485525889358,-1.8345451354980469,-2.3267955780029297
adaptive_shard_00020.pt:6,medium,zero,21.403916010170665,13.055275917053223,14.95799732208252,nan,nan,21.181130373384306,13.720211029052734,15.99970531463623,-0.22278563678635876,0.6649351119995117,1.041707992553711
adaptive_shard_00020.pt:6,medium,shuffled,21.403916010170665,13.055275917053223,14.95799732208252,nan,nan,21.195701565612765,13.709394454956055,15.988621711730957,-0.20821444455789972,0.654118537902832,1.0306243896484375
adaptive_shard_00020.pt:6,medium,predicted,21.403916010170665,13.055275917053223,14.95799732208252,nan,nan,21.1869714593385,13.716373443603516,15.995792388916016,-0.21694455083216369,0.661097526550293,1.037795066833496
adaptive_shard_00020.pt:6,medium,oracle,21.403916010170665,13.055275917053223,14.95799732208252,nan,nan,21.1961421434976,13.709035873413086,15.988251686096191,-0.2077738666730653,0.6537599563598633,1.0302543640136719
adaptive_shard_00020.pt:7,heavy,zero,16.924256482408584,13.104336738586426,14.4705228805542,nan,nan,16.845278011815388,13.38061809539795,14.89826774597168,-0.07897847059319574,0.27628135681152344,0.42774486541748047
adaptive_shard_00020.pt:7,heavy,shuffled,16.924256482408584,13.104336738586426,14.4705228805542,nan,nan,16.875889431238186,13.332988739013672,14.857256889343262,-0.04836705117039841,0.2286520004272461,0.3867340087890625
adaptive_shard_00020.pt:7,heavy,predicted,16.924256482408584,13.104336738586426,14.4705228805542,nan,nan,16.87621050709954,13.332477569580078,14.856922149658203,-0.04804597530904431,0.22814083099365234,0.3863992691040039
adaptive_shard_00020.pt:7,heavy,oracle,16.924256482408584,13.104336738586426,14.4705228805542,nan,nan,16.875889431238186,13.332988739013672,14.857256889343262,-0.04836705117039841,0.2286520004272461,0.3867340087890625
adaptive_shard_00020.pt:44,clean,zero,23.11026942576607,13.208845138549805,13.168627738952637,nan,nan,23.065670310540952,7.396724700927734,6.5998358726501465,-0.04459911522511817,-5.81212043762207,-6.56879186630249
adaptive_shard_00020.pt:44,clean,shuffled,23.11026942576607,13.208845138549805,13.168627738952637,nan,nan,23.15417996848558,7.4083662033081055,6.505979061126709,0.04391054271950878,-5.800478935241699,-6.662648677825928
adaptive_shard_00020.pt:44,clean,predicted,23.11026942576607,13.208845138549805,13.168627738952637,nan,nan,23.07313317377419,7.39761209487915,6.603310585021973,-0.03713625199188186,-5.811233043670654,-6.565317153930664
adaptive_shard_00020.pt:44,clean,oracle,23.11026942576607,13.208845138549805,13.168627738952637,nan,nan,23.07003135607261,7.3980393409729,6.607447147369385,-0.040238069693458556,-5.810805797576904,-6.561180591583252
adaptive_shard_00020.pt:45,light,zero,22.612209115140445,13.757919311523438,14.311781883239746,nan,nan,22.80413563227684,9.313567161560059,9.174880981445312,0.19192651713639464,-4.444352149963379,-5.136900901794434
adaptive_shard_00020.pt:45,light,shuffled,22.612209115140445,13.757919311523438,14.311781883239746,nan,nan,22.80991929308593,9.31416130065918,9.18134593963623,0.19771017794548484,-4.443758010864258,-5.130435943603516
adaptive_shard_00020.pt:45,light,predicted,22.612209115140445,13.757919311523438,14.311781883239746,nan,nan,22.812983846493502,9.315186500549316,9.166386604309082,0.20077473135305723,-4.442732810974121,-5.145395278930664
adaptive_shard_00020.pt:45,light,oracle,22.612209115140445,13.757919311523438,14.311781883239746,nan,nan,22.80991929308593,9.31416130065918,9.18134593963623,0.19771017794548484,-4.443758010864258,-5.130435943603516
adaptive_shard_00020.pt:46,medium,zero,21.89822655467903,11.615354537963867,11.835474014282227,nan,nan,22.341306842951653,11.260554313659668,11.605145454406738,0.4430802882726219,-0.3548002243041992,-0.23032855987548828
adaptive_shard_00020.pt:46,medium,shuffled,21.89822655467903,11.615354537963867,11.835474014282227,nan,nan,22.346032497061582,11.260518074035645,11.608179092407227,0.44780594238255134,-0.35483646392822266,-0.227294921875
adaptive_shard_00020.pt:46,medium,predicted,21.89822655467903,11.615354537963867,11.835474014282227,nan,nan,22.347294109819064,11.260294914245605,11.602970123291016,0.44906755514003294,-0.3550596237182617,-0.23250389099121094
adaptive_shard_00020.pt:46,medium,oracle,21.89822655467903,11.615354537963867,11.835474014282227,nan,nan,22.348316931490146,11.260385513305664,11.599109649658203,0.4500903768111151,-0.3549690246582031,-0.23636436462402344
adaptive_shard_00020.pt:47,heavy,zero,17.378548024286893,13.422313690185547,14.002378463745117,nan,nan,17.345396116462705,12.250039100646973,12.85106372833252,-0.03315190782418753,-1.1722745895385742,-1.1513147354125977
adaptive_shard_00020.pt:47,heavy,shuffled,17.378548024286893,13.422313690185547,14.002378463745117,nan,nan,17.351160114281733,12.255277633666992,12.856858253479004,-0.027387910005160165,-1.1670360565185547,-1.1455202102661133
adaptive_shard_00020.pt:47,heavy,predicted,17.378548024286893,13.422313690185547,14.002378463745117,nan,nan,17.370551131643538,12.28537368774414,12.885234832763672,-0.007996892643355125,-1.1369400024414062,-1.1171436309814453
adaptive_shard_00020.pt:47,heavy,oracle,17.378548024286893,13.422313690185547,14.002378463745117,nan,nan,17.370692411846555,12.285737991333008,12.885624885559082,-0.007855612440337723,-1.136575698852539,-1.1167535781860352
adaptive_shard_00020.pt:48,clean,zero,20.901605374861308,12.150202751159668,12.665314674377441,nan,nan,20.72554181554817,6.139754295349121,5.852928161621094,-0.176063559313139,-6.010448455810547,-6.812386512756348
adaptive_shard_00020.pt:48,clean,shuffled,20.901605374861308,12.150202751159668,12.665314674377441,nan,nan,20.741413673177856,6.142175674438477,5.859275817871094,-0.16019170168345198,-6.008027076721191,-6.806038856506348
adaptive_shard_00020.pt:48,clean,predicted,20.901605374861308,12.150202751159668,12.665314674377441,nan,nan,20.738453024039064,6.139627933502197,5.854864120483398,-0.16315235082224433,-6.010574817657471,-6.810450553894043
adaptive_shard_00020.pt:48,clean,oracle,20.901605374861308,12.150202751159668,12.665314674377441,nan,nan,20.741413673177856,6.142175674438477,5.859275817871094,-0.16019170168345198,-6.008027076721191,-6.806038856506348
adaptive_shard_00020.pt:49,light,zero,20.934987998435744,15.312932014465332,18.41269874572754,nan,nan,20.75810940171994,9.885597229003906,11.430392265319824,-0.17687859671580597,-5.427334785461426,-6.982306480407715
adaptive_shard_00020.pt:49,light,shuffled,20.934987998435744,15.312932014465332,18.41269874572754,nan,nan,20.774302962733376,9.881587982177734,11.427462577819824,-0.16068503570236814,-5.431344032287598,-6.985236167907715
adaptive_shard_00020.pt:49,light,predicted,20.934987998435744,15.312932014465332,18.41269874572754,nan,nan,20.768564889389673,9.883416175842285,11.428829193115234,-0.16642310904607172,-5.429515838623047,-6.983869552612305
adaptive_shard_00020.pt:49,light,oracle,20.934987998435744,15.312932014465332,18.41269874572754,nan,nan,20.77521013883794,9.882172584533691,11.427694320678711,-0.15977785959780277,-5.430759429931641,-6.985004425048828
adaptive_shard_00020.pt:50,medium,zero,20.871160425543174,12.755702018737793,13.238141059875488,nan,nan,20.986959526937994,13.051360130310059,13.540201187133789,0.11579910139482053,0.2956581115722656,0.3020601272583008
adaptive_shard_00020.pt:50,medium,shuffled,20.871160425543174,12.755702018737793,13.238141059875488,nan,nan,21.036050841752424,13.01507568359375,13.51196002960205,0.16489041620924993,0.25937366485595703,0.2738189697265625
adaptive_shard_00020.pt:50,medium,predicted,20.871160425543174,12.755702018737793,13.238141059875488,nan,nan,20.997487987956134,13.048747062683105,13.53783893585205,0.1263275624129605,0.2930450439453125,0.2996978759765625
adaptive_shard_00020.pt:50,medium,oracle,20.871160425543174,12.755702018737793,13.238141059875488,nan,nan,21.000383154087636,13.047158241271973,13.536442756652832,0.12922272854446248,0.2914562225341797,0.29830169677734375
adaptive_shard_00020.pt:51,heavy,zero,16.59212420175137,14.273805618286133,13.708176612854004,nan,nan,16.530505712705065,14.18614673614502,13.51794147491455,-0.061618489046306735,-0.08765888214111328,-0.19023513793945312
adaptive_shard_00020.pt:51,heavy,shuffled,16.59212420175137,14.273805618286133,13.708176612854004,nan,nan,16.53757610486201,14.181485176086426,13.515721321105957,-0.054548096889362796,-0.09232044219970703,-0.19245529174804688
adaptive_shard_00020.pt:51,heavy,predicted,16.59212420175137,14.273805618286133,13.708176612854004,nan,nan,16.558306304959487,14.162575721740723,13.51090145111084,-0.033817896791884294,-0.11122989654541016,-0.19727516174316406
adaptive_shard_00020.pt:51,heavy,oracle,16.59212420175137,14.273805618286133,13.708176612854004,nan,nan,16.55846945849273,14.162447929382324,13.510903358459473,-0.03365474325864071,-0.1113576889038086,-0.19727325439453125
