sample_id,severity,method,base_si_sdr,base_lsd,base_hf_lsd,stoi,estoi,si_sdr,lsd,hf_lsd,delta_si_sdr_vs_base,delta_lsd_vs_base,delta_hf_lsd_vs_base
adaptive_shard_00000.pt:36,clean,zero,27.602043006025628,9.25740909576416,9.6227445602417,nan,nan,26.338920891451846,17.445039749145508,17.59372329711914,-1.2631221145737825,8.187630653381348,7.970978736877441
adaptive_shard_00000.pt:36,clean,shuffled,27.602043006025628,9.25740909576416,9.6227445602417,nan,nan,26.306009791306366,17.396568298339844,17.498544692993164,-1.2960332147192624,8.139159202575684,7.875800132751465
adaptive_shard_00000.pt:36,clean,predicted,27.602043006025628,9.25740909576416,9.6227445602417,nan,nan,26.165741892000376,17.465579986572266,17.485136032104492,-1.4363011140252517,8.208170890808105,7.862391471862793
adaptive_shard_00000.pt:36,clean,oracle,27.602043006025628,9.25740909576416,9.6227445602417,nan,nan,26.19130552560697,17.4882869720459,17.554811477661133,-1.410737480418657,8.230877876281738,7.932066917419434
adaptive_shard_00000.pt:37,light,zero,21.10331335757964,13.981661796569824,16.92120933532715,nan,nan,20.8062152448519,19.072227478027344,20.23729133605957,-0.2970981127277419,5.0905656814575195,3.316082000732422
adaptive_shard_00000.pt:37,light,shuffled,21.10331335757964,13.981661796569824,16.92120933532715,nan,nan,20.80242503925293,19.151826858520508,20.300992965698242,-0.3008883183267095,5.170165061950684,3.3797836303710938
adaptive_shard_00000.pt:37,light,predicted,21.10331335757964,13.981661796569824,16.92120933532715,nan,nan,20.756220304326188,19.129430770874023,20.17995262145996,-0.3470930532534524,5.147768974304199,3.2587432861328125
adaptive_shard_00000.pt:37,light,oracle,21.10331335757964,13.981661796569824,16.92120933532715,nan,nan,20.83304794516313,18.92097282409668,20.133752822875977,-0.27026541241651003,4.9393110275268555,3.212543487548828
adaptive_shard_00000.pt:38,medium,zero,17.322489169842513,14.166529655456543,15.905009269714355,nan,nan,17.21993640463782,20.26655387878418,21.761444091796875,-0.10255276520469181,6.100024223327637,5.8564348220825195
adaptive_shard_00000.pt:38,medium,shuffled,17.322489169842513,14.166529655456543,15.905009269714355,nan,nan,17.23062701203964,20.14655876159668,21.688644409179688,-0.09186215780287199,5.980029106140137,5.783635139465332
adaptive_shard_00000.pt:38,medium,predicted,17.322489169842513,14.166529655456543,15.905009269714355,nan,nan,17.205874205921635,20.29662322998047,21.693204879760742,-0.11661496392087756,6.130093574523926,5.788195610046387
adaptive_shard_00000.pt:38,medium,oracle,17.322489169842513,14.166529655456543,15.905009269714355,nan,nan,17.21640014672818,20.2465763092041,21.709829330444336,-0.10608902311433255,6.080046653747559,5.8048200607299805
adaptive_shard_00000.pt:39,heavy,zero,14.987506080591599,15.342086791992188,16.65317726135254,nan,nan,14.946575076259334,20.468975067138672,21.47024154663086,-0.04093100433226482,5.126888275146484,4.81706428527832
adaptive_shard_00000.pt:39,heavy,shuffled,14.987506080591599,15.342086791992188,16.65317726135254,nan,nan,14.946599453893485,20.35512924194336,21.32018280029297,-0.04090662669811351,5.013042449951172,4.66700553894043
adaptive_shard_00000.pt:39,heavy,predicted,14.987506080591599,15.342086791992188,16.65317726135254,nan,nan,14.946649985774112,20.354820251464844,21.32080841064453,-0.040856094817486976,5.012733459472656,4.667631149291992
adaptive_shard_00000.pt:39,heavy,oracle,14.987506080591599,15.342086791992188,16.65317726135254,nan,nan,14.946599453893485,20.35512924194336,21.32018280029297,-0.04090662669811351,5.013042449951172,4.66700553894043
adaptive_shard_00000.pt:44,clean,zero,27.757568308365403,10.225346565246582,10.672922134399414,nan,nan,26.51819613381301,14.633543014526367,15.657902717590332,-1.2393721745523933,4.408196449279785,4.984980583190918
adaptive_shard_00000.pt:44,clean,shuffled,27.757568308365403,10.225346565246582,10.672922134399414,nan,nan,26.375641573739085,14.678838729858398,15.626845359802246,-1.3819267346263189,4.453492164611816,4.953923225402832
adaptive_shard_00000.pt:44,clean,predicted,27.757568308365403,10.225346565246582,10.672922134399414,nan,nan,26.35019803388368,14.645875930786133,15.543754577636719,-1.4073702744817247,4.420529365539551,4.870832443237305
adaptive_shard_00000.pt:44,clean,oracle,27.757568308365403,10.225346565246582,10.672922134399414,nan,nan,26.375641573739085,14.678838729858398,15.626845359802246,-1.3819267346263189,4.453492164611816,4.953923225402832
adaptive_shard_00000.pt:45,light,zero,24.89023039259019,13.909435272216797,15.211015701293945,nan,nan,24.23080040148839,15.976031303405762,17.891321182250977,-0.6594299911017991,2.066596031188965,2.6803054809570312
adaptive_shard_00000.pt:45,light,shuffled,24.89023039259019,13.909435272216797,15.211015701293945,nan,nan,24.152043958227992,16.0209903717041,17.808338165283203,-0.7381864343621984,2.1115550994873047,2.597322463989258
adaptive_shard_00000.pt:45,light,predicted,24.89023039259019,13.909435272216797,15.211015701293945,nan,nan,24.211276364221256,16.02104949951172,17.886518478393555,-0.6789540283689348,2.111614227294922,2.6755027770996094
adaptive_shard_00000.pt:45,light,oracle,24.89023039259019,13.909435272216797,15.211015701293945,nan,nan,24.222819414662318,16.027280807495117,17.917264938354492,-0.6674109779278723,2.1178455352783203,2.706249237060547
adaptive_shard_00000.pt:46,medium,zero,19.801166194876924,13.736441612243652,15.817634582519531,nan,nan,19.60267762662456,17.532428741455078,20.030517578125,-0.19848856825236538,3.795987129211426,4.212882995605469
adaptive_shard_00000.pt:46,medium,shuffled,19.801166194876924,13.736441612243652,15.817634582519531,nan,nan,19.574911250958504,17.580516815185547,20.021591186523438,-0.22625494391841983,3.8440752029418945,4.203956604003906
adaptive_shard_00000.pt:46,medium,predicted,19.801166194876924,13.736441612243652,15.817634582519531,nan,nan,19.57763877608812,17.542259216308594,19.93794059753418,-0.22352741878880522,3.8058176040649414,4.120306015014648
adaptive_shard_00000.pt:46,medium,oracle,19.801166194876924,13.736441612243652,15.817634582519531,nan,nan,19.576330256607996,17.560028076171875,19.929834365844727,-0.224835938268928,3.8235864639282227,4.112199783325195
adaptive_shard_00000.pt:47,heavy,zero,15.121345352608193,13.426857948303223,14.577459335327148,nan,nan,15.068631697024044,17.90436553955078,19.657470703125,-0.05271365558414942,4.477507591247559,5.080011367797852
adaptive_shard_00000.pt:47,heavy,shuffled,15.121345352608193,13.426857948303223,14.577459335327148,nan,nan,15.06867450636464,17.775569915771484,19.497058868408203,-0.05267084624355256,4.348711967468262,4.919599533081055
adaptive_shard_00000.pt:47,heavy,predicted,15.121345352608193,13.426857948303223,14.577459335327148,nan,nan,15.06853722826184,17.77538299560547,19.494604110717773,-0.052808124346352514,4.348525047302246,4.917144775390625
adaptive_shard_00000.pt:47,heavy,oracle,15.121345352608193,13.426857948303223,14.577459335327148,nan,nan,15.06867450636464,17.775569915771484,19.497058868408203,-0.05267084624355256,4.348711967468262,4.919599533081055
adaptive_shard_00001.pt:40,clean,zero,17.08252374094135,12.059354782104492,12.742051124572754,nan,nan,16.990330459178125,15.061424255371094,15.148930549621582,-0.09219328176322605,3.0020694732666016,2.406879425048828
adaptive_shard_00001.pt:40,clean,shuffled,17.08252374094135,12.059354782104492,12.742051124572754,nan,nan,16.99031231239681,14.859624862670898,14.865616798400879,-0.09221142854454101,2.8002700805664062,2.123565673828125
adaptive_shard_00001.pt:40,clean,predicted,17.08252374094135,12.059354782104492,12.742051124572754,nan,nan,16.973329190657974,15.079545021057129,15.032394409179688,-0.10919455028337666,3.0201902389526367,2.2903432846069336
adaptive_shard_00001.pt:40,clean,oracle,17.08252374094135,12.059354782104492,12.742051124572754,nan,nan,16.97590914318053,15.1053466796875,15.108477592468262,-0.10661459776082083,3.045991897583008,2.366426467895508
adaptive_shard_00001.pt:41,light,zero,17.79030621006661,16.004426956176758,19.343908309936523,nan,nan,17.664693104338685,15.99969482421875,16.76200294494629,-0.1256131057279255,-0.0047321319580078125,-2.5819053649902344
adaptive_shard_00001.pt:41,light,shuffled,17.79030621006661,16.004426956176758,19.343908309936523,nan,nan,17.664968990807534,15.830084800720215,16.535823822021484,-0.1253372192590767,-0.17434215545654297,-2.808084487915039
adaptive_shard_00001.pt:41,light,predicted,17.79030621006661,16.004426956176758,19.343908309936523,nan,nan,17.67517331228649,15.858800888061523,16.64883041381836,-0.11513289778012137,-0.14562606811523438,-2.695077896118164
adaptive_shard_00001.pt:41,light,oracle,17.79030621006661,16.004426956176758,19.343908309936523,nan,nan,17.676410872541126,15.840387344360352,16.64170265197754,-0.11389533752548431,-0.16403961181640625,-2.7022056579589844
adaptive_shard_00001.pt:42,medium,zero,18.85289667003542,12.885488510131836,13.519089698791504,nan,nan,18.69217712152796,16.652936935424805,17.593294143676758,-0.16071954850746195,3.7674484252929688,4.074204444885254
adaptive_shard_00001.pt:42,medium,shuffled,18.85289667003542,12.885488510131836,13.519089698791504,nan,nan,18.687184289095875,16.62123680114746,17.51797103881836,-0.16571238093954577,3.735748291015625,3.9988813400268555
adaptive_shard_00001.pt:42,medium,predicted,18.85289667003542,12.885488510131836,13.519089698791504,nan,nan,18.672458000171574,16.669538497924805,17.487886428833008,-0.1804386698638467,3.7840499877929688,3.968796730041504
adaptive_shard_00001.pt:42,medium,oracle,18.85289667003542,12.885488510131836,13.519089698791504,nan,nan,18.67137200706821,16.7060489654541,17.504911422729492,-0.1815246629672096,3.8205604553222656,3.9858217239379883
adaptive_shard_00001.pt:43,heavy,zero,15.884150872133267,13.697944641113281,13.906518936157227,nan,nan,15.80964574386259,17.236894607543945,17.76119041442871,-0.07450512827067612,3.538949966430664,3.8546714782714844
adaptive_shard_00001.pt:43,heavy,shuffled,15.884150872133267,13.697944641113281,13.906518936157227,nan,nan,15.798393061192154,17.284761428833008,17.734209060668945,-0.08575781094111257,3.5868167877197266,3.8276901245117188
adaptive_shard_00001.pt:43,heavy,predicted,15.884150872133267,13.697944641113281,13.906518936157227,nan,nan,15.809648281782822,17.102523803710938,17.570528030395508,-0.07450259035044482,3.4045791625976562,3.6640090942382812
adaptive_shard_00001.pt:43,heavy,oracle,15.884150872133267,13.697944641113281,13.906518936157227,nan,nan,15.809783372565654,17.102214813232422,17.572101593017578,-0.07436749956761268,3.4042701721191406,3.6655826568603516
adaptive_shard_00001.pt:84,clean,zero,19.66548960604583,11.8839750289917,12.351991653442383,nan,nan,19.440227168840952,19.267972946166992,19.68284034729004,-0.22526243720487926,7.383997917175293,7.330848693847656
adaptive_shard_00001.pt:84,clean,shuffled,19.66548960604583,11.8839750289917,12.351991653442383,nan,nan,19.44068685169471,19.060117721557617,19.39976692199707,-0.22480275435112063,7.176142692565918,7.0477752685546875
adaptive_shard_00001.pt:84,clean,predicted,19.66548960604583,11.8839750289917,12.351991653442383,nan,nan,19.40636073476845,19.286571502685547,19.563365936279297,-0.2591288712773796,7.402596473693848,7.211374282836914
adaptive_shard_00001.pt:84,clean,oracle,19.66548960604583,11.8839750289917,12.351991653442383,nan,nan,19.41146549781131,19.315502166748047,19.645206451416016,-0.25402410823452115,7.431527137756348,7.293214797973633
adaptive_shard_00001.pt:85,light,zero,19.671317672326815,13.424459457397461,14.266913414001465,nan,nan,19.448958889459796,19.080739974975586,19.321269989013672,-0.22235878286701904,5.656280517578125,5.054356575012207
adaptive_shard_00001.pt:85,light,shuffled,19.671317672326815,13.424459457397461,14.266913414001465,nan,nan,19.420366908864185,19.128902435302734,19.283126831054688,-0.25095076346262957,5.704442977905273,5.016213417053223
adaptive_shard_00001.pt:85,light,predicted,19.671317672326815,13.424459457397461,14.266913414001465,nan,nan,19.448799698449797,19.024980545043945,19.220060348510742,-0.222517973877018,5.600521087646484,4.953146934509277
adaptive_shard_00001.pt:85,light,oracle,19.671317672326815,13.424459457397461,14.266913414001465,nan,nan,19.467893437216294,18.914880752563477,19.19860076904297,-0.20342423511052132,5.490421295166016,4.931687355041504
adaptive_shard_00001.pt:86,medium,zero,19.809597035017195,11.908068656921387,12.17731761932373,nan,nan,19.61740829309315,18.877450942993164,19.126737594604492,-0.19218874192404556,6.969382286071777,6.949419975280762
adaptive_shard_00001.pt:86,medium,shuffled,19.809597035017195,11.908068656921387,12.17731761932373,nan,nan,19.635354294096874,18.720029830932617,19.013582229614258,-0.17424274092032022,6.8119611740112305,6.836264610290527
adaptive_shard_00001.pt:86,medium,predicted,19.809597035017195,11.908068656921387,12.17731761932373,nan,nan,19.594211398878294,18.868303298950195,18.983993530273438,-0.21538563613890105,6.960234642028809,6.806675910949707
adaptive_shard_00001.pt:86,medium,oracle,19.809597035017195,11.908068656921387,12.17731761932373,nan,nan,19.611486470506474,18.831445693969727,19.031757354736328,-0.19811056451072062,6.92337703704834,6.854439735412598
adaptive_shard_00001.pt:87,heavy,zero,15.47175603347364,13.488886833190918,13.236479759216309,nan,nan,15.379138773479381,19.38253402709961,19.4499568939209,-0.09261725999425963,5.893647193908691,6.21347713470459
adaptive_shard_00001.pt:87,heavy,shuffled,15.47175603347364,13.488886833190918,13.236479759216309,nan,nan,15.386918706485673,19.238418579101562,19.344619750976562,-0.08483732698796764,5.7495317459106445,6.108139991760254
adaptive_shard_00001.pt:87,heavy,predicted,15.47175603347364,13.488886833190918,13.236479759216309,nan,nan,15.379131466369083,19.20479965209961,19.200836181640625,-0.0926245671045578,5.715912818908691,5.964356422424316
adaptive_shard_00001.pt:87,heavy,oracle,15.47175603347364,13.488886833190918,13.236479759216309,nan,nan,15.379195011953101,19.20484733581543,19.201993942260742,-0.09256102152053991,5.715960502624512,5.965514183044434
adaptive_shard_00001.pt:92,clean,zero,26.41331357003057,12.11064624786377,12.402706146240234,nan,nan,25.575005345302433,21.22209930419922,21.779577255249023,-0.8383082247281379,9.11145305633545,9.376871109008789
adaptive_shard_00001.pt:92,clean,shuffled,26.41331357003057,12.11064624786377,12.402706146240234,nan,nan,25.644228128886454,21.03636932373047,21.63802146911621,-0.7690854411441173,8.9257230758667,9.235315322875977
adaptive_shard_00001.pt:92,clean,predicted,26.41331357003057,12.11064624786377,12.402706146240234,nan,nan,25.453485962330554,21.244789123535156,21.653789520263672,-0.9598276077000172,9.134142875671387,9.251083374023438
adaptive_shard_00001.pt:92,clean,oracle,26.41331357003057,12.11064624786377,12.402706146240234,nan,nan,25.471664231673316,21.273099899291992,21.736652374267578,-0.9416493383572551,9.162453651428223,9.333946228027344
adaptive_shard_00001.pt:93,light,zero,24.430419458638557,14.444050788879395,15.853589057922363,nan,nan,23.880256247062487,21.53147315979004,22.32923126220703,-0.55016321157607,7.0874223709106445,6.475642204284668
adaptive_shard_00001.pt:93,light,shuffled,24.430419458638557,14.444050788879395,15.853589057922363,nan,nan,23.86453626223251,21.48895835876465,22.24064064025879,-0.5658831964060482,7.044907569885254,6.387051582336426
adaptive_shard_00001.pt:93,light,predicted,24.430419458638557,14.444050788879395,15.853589057922363,nan,nan,23.87060339001437,21.599246978759766,22.35746955871582,-0.5598160686241869,7.155196189880371,6.503880500793457
adaptive_shard_00001.pt:93,light,oracle,24.430419458638557,14.444050788879395,15.853589057922363,nan,nan,23.92703225542347,21.349973678588867,22.197734832763672,-0.5033872032150875,6.905922889709473,6.344145774841309
adaptive_shard_00001.pt:94,medium,zero,22.586670327345782,12.514188766479492,12.872649192810059,nan,nan,22.243435411627615,21.873031616210938,22.89236831665039,-0.3432349157181669,9.358842849731445,10.019719123840332
adaptive_shard_00001.pt:94,medium,shuffled,22.586670327345782,12.514188766479492,12.872649192810059,nan,nan,22.196782587588103,21.92685317993164,22.856670379638672,-0.389887739757679,9.412664413452148,9.984021186828613
adaptive_shard_00001.pt:94,medium,predicted,22.586670327345782,12.514188766479492,12.872649192810059,nan,nan,22.20262880772892,21.88254165649414,22.769868850708008,-0.3840415196168614,9.368352890014648,9.89721965789795
adaptive_shard_00001.pt:94,medium,oracle,22.586670327345782,12.514188766479492,12.872649192810059,nan,nan,22.233031851708933,21.831926345825195,22.80537223815918,-0.35363847563684914,9.317737579345703,9.932723045349121
adaptive_shard_00001.pt:95,heavy,zero,16.764891368140173,16.339994430541992,17.036136627197266,nan,nan,16.652543650694152,22.255430221557617,22.94674301147461,-0.11234771744602057,5.915435791015625,5.910606384277344
adaptive_shard_00001.pt:95,heavy,shuffled,16.764891368140173,16.339994430541992,17.036136627197266,nan,nan,16.63931722616202,22.29171371459961,22.841171264648438,-0.1255741419781522,5.951719284057617,5.805034637451172
adaptive_shard_00001.pt:95,heavy,predicted,16.764891368140173,16.339994430541992,17.036136627197266,nan,nan,16.652655730932423,22.079044342041016,22.715484619140625,-0.11223563720774976,5.739049911499023,5.679347991943359
adaptive_shard_00001.pt:95,heavy,oracle,16.764891368140173,16.339994430541992,17.036136627197266,nan,nan,16.652775858669763,22.07891082763672,22.716869354248047,-0.11211550947041005,5.738916397094727,5.680732727050781
adaptive_shard_00002.pt:4,clean,zero,26.016798676759443,16.192007064819336,16.588640213012695,nan,nan,25.173183168039166,13.766242027282715,13.908853530883789,-0.8436155087202764,-2.425765037536621,-2.6797866821289062
adaptive_shard_00002.pt:4,clean,shuffled,26.016798676759443,16.192007064819336,16.588640213012695,nan,nan,25.171583253107144,13.595532417297363,13.645797729492188,-0.8452154236522986,-2.5964746475219727,-2.942842483520508
adaptive_shard_00002.pt:4,clean,predicted,26.016798676759443,16.192007064819336,16.588640213012695,nan,nan,25.051881864217634,13.776018142700195,13.800735473632812,-0.9649168125418086,-2.4159889221191406,-2.787904739379883
adaptive_shard_00002.pt:4,clean,oracle,26.016798676759443,16.192007064819336,16.588640213012695,nan,nan,25.070029767052976,13.802770614624023,13.872488021850586,-0.9467689097064671,-2.3892364501953125,-2.7161521911621094
adaptive_shard_00002.pt:5,light,zero,25.37279540072271,18.21994972229004,20.114173889160156,nan,nan,24.62822993176221,14.669551849365234,15.374873161315918,-0.7445654689604986,-3.5503978729248047,-4.739300727844238
adaptive_shard_00002.pt:5,light,shuffled,25.37279540072271,18.21994972229004,20.114173889160156,nan,nan,24.542781536710017,14.72500228881836,15.323173522949219,-0.8300138640126917,-3.4949474334716797,-4.7910003662109375
adaptive_shard_00002.pt:5,light,predicted,25.37279540072271,18.21994972229004,20.114173889160156,nan,nan,24.61051642075423,14.732780456542969,15.418283462524414,-0.7622789799684782,-3.4871692657470703,-4.695890426635742
adaptive_shard_00002.pt:5,light,oracle,25.37279540072271,18.21994972229004,20.114173889160156,nan,nan,24.619861660834385,14.720100402832031,15.417702674865723,-0.7529337398883236,-3.499849319458008,-4.696471214294434
adaptive_shard_00002.pt:6,medium,zero,25.571714214688512,15.133769989013672,15.586050033569336,nan,nan,24.760160275969653,15.02698802947998,15.786624908447266,-0.8115539387188591,-0.1067819595336914,0.2005748748779297
adaptive_shard_00002.pt:6,medium,shuffled,25.571714214688512,15.133769989013672,15.586050033569336,nan,nan,24.824778557962123,14.920602798461914,15.70067024230957,-0.7469356567263894,-0.2131671905517578,0.11462020874023438
adaptive_shard_00002.pt:6,medium,predicted,25.571714214688512,15.133769989013672,15.586050033569336,nan,nan,24.67229539973232,15.03320026397705,15.685105323791504,-0.8994188149561921,-0.1005697250366211,0.09905529022216797
adaptive_shard_00002.pt:6,medium,oracle,25.571714214688512,15.133769989013672,15.586050033569336,nan,nan,24.670073540634206,15.056074142456055,15.700218200683594,-0.9016406740543061,-0.07769584655761719,0.11416816711425781
adaptive_shard_00002.pt:7,heavy,zero,20.095693822678072,14.340049743652344,13.826431274414062,nan,nan,19.85277003268792,15.282441139221191,15.736989974975586,-0.24292378999015085,0.9423913955688477,1.9105587005615234
adaptive_shard_00002.pt:7,heavy,shuffled,20.095693822678072,14.340049743652344,13.826431274414062,nan,nan,19.851996833193763,15.158127784729004,15.540278434753418,-0.2436969894843095,0.8180780410766602,1.7138471603393555
adaptive_shard_00002.pt:7,heavy,predicted,20.095693822678072,14.340049743652344,13.826431274414062,nan,nan,19.852312903315912,15.158364295959473,15.542153358459473,-0.2433809193621599,0.8183145523071289,1.7157220840454102
adaptive_shard_00002.pt:7,heavy,oracle,20.095693822678072,14.340049743652344,13.826431274414062,nan,nan,19.851779903176112,15.157955169677734,15.538960456848145,-0.24391391950195995,0.8179054260253906,1.712529182434082
adaptive_shard_00002.pt:40,clean,zero,23.715407886533054,10.648387908935547,10.350049018859863,nan,nan,23.123926683475446,17.60613250732422,17.521724700927734,-0.591481203057608,6.957744598388672,7.171675682067871
adaptive_shard_00002.pt:40,clean,shuffled,23.715407886533054,10.648387908935547,10.350049018859863,nan,nan,23.17557768074785,17.45655632019043,17.39829444885254,-0.5398302057852042,6.808168411254883,7.048245429992676
adaptive_shard_00002.pt:40,clean,predicted,23.715407886533054,10.648387908935547,10.350049018859863,nan,nan,23.0324727583093,17.62263298034668,17.411394119262695,-0.6829351282237539,6.974245071411133,7.061345100402832
adaptive_shard_00002.pt:40,clean,oracle,23.715407886533054,10.648387908935547,10.350049018859863,nan,nan,23.04620182960666,17.647098541259766,17.483850479125977,-0.6692060569263951,6.998710632324219,7.133801460266113
adaptive_shard_00002.pt:41,light,zero,21.052123412872202,11.801362991333008,12.67045783996582,nan,nan,20.750096346335592,17.709552764892578,17.85536766052246,-0.3020270665366098,5.90818977355957,5.184909820556641
adaptive_shard_00002.pt:41,light,shuffled,21.052123412872202,11.801362991333008,12.67045783996582,nan,nan,20.709685744875333,17.75255012512207,17.767602920532227,-0.3424376679968688,5.9511871337890625,5.097145080566406
adaptive_shard_00002.pt:41,light,predicted,21.052123412872202,11.801362991333008,12.67045783996582,nan,nan,20.698837659771968,17.838212966918945,17.88996124267578,-0.35328575310023425,6.0368499755859375,5.219503402709961
adaptive_shard_00002.pt:41,light,oracle,21.052123412872202,11.801362991333008,12.67045783996582,nan,nan,20.74611189963264,17.767763137817383,17.899600982666016,-0.3060115132395609,5.966400146484375,5.229143142700195
adaptive_shard_00002.pt:42,medium,zero,19.083901453848686,13.060620307922363,13.679698944091797,nan,nan,18.89980866820135,18.104333877563477,18.323719024658203,-0.1840927856473371,5.043713569641113,4.644020080566406
adaptive_shard_00002.pt:42,medium,shuffled,19.083901453848686,13.060620307922363,13.679698944091797,nan,nan,18.894091035412913,18.075511932373047,18.261844635009766,-0.18981041843577273,5.014891624450684,4.582145690917969
adaptive_shard_00002.pt:42,medium,predicted,19.083901453848686,13.060620307922363,13.679698944091797,nan,nan,18.87510954739715,18.117605209350586,18.235389709472656,-0.208791906451534,5.056984901428223,4.555690765380859
adaptive_shard_00002.pt:42,medium,oracle,19.083901453848686,13.060620307922363,13.679698944091797,nan,nan,18.893610705096574,18.07552146911621,18.257688522338867,-0.19029074875211194,5.014901161193848,4.57798957824707
adaptive_shard_00002.pt:43,heavy,zero,14.963406543655944,14.365139961242676,14.817743301391602,nan,nan,14.875599961275565,18.489294052124023,18.957931518554688,-0.08780658238037908,4.124154090881348,4.140188217163086
adaptive_shard_00002.pt:43,heavy,shuffled,14.963406543655944,14.365139961242676,14.817743301391602,nan,nan,14.863362717603133,18.523115158081055,18.931495666503906,-0.10004382605281137,4.157975196838379,4.113752365112305
adaptive_shard_00002.pt:43,heavy,predicted,14.963406543655944,14.365139961242676,14.817743301391602,nan,nan,14.875384991253402,18.365158081054688,18.78057098388672,-0.08802155240254272,4.000018119812012,3.962827682495117
adaptive_shard_00002.pt:43,heavy,oracle,14.963406543655944,14.365139961242676,14.817743301391602,nan,nan,14.875413823654632,18.365135192871094,18.780895233154297,-0.08799272000131175,3.999995231628418,3.9631519317626953
adaptive_shard_00002.pt:72,clean,zero,23.46623859436687,9.511873245239258,9.480996131896973,nan,nan,22.927527889923958,13.737435340881348,14.364697456359863,-0.5387107044429129,4.22556209564209,4.883701324462891
adaptive_shard_00002.pt:72,clean,shuffled,23.46623859436687,9.511873245239258,9.480996131896973,nan,nan,22.920226668480566,13.775004386901855,14.381720542907715,-0.5460119258863045,4.263131141662598,4.900724411010742
adaptive_shard_00002.pt:72,clean,predicted,23.46623859436687,9.511873245239258,9.480996131896973,nan,nan,22.854365464152608,13.74305248260498,14.266376495361328,-0.6118731302142635,4.231179237365723,4.7853803634643555
adaptive_shard_00002.pt:72,clean,oracle,23.46623859436687,9.511873245239258,9.480996131896973,nan,nan,22.865509980588435,13.769474983215332,14.333406448364258,-0.6007286137784362,4.257601737976074,4.852410316467285
adaptive_shard_00002.pt:73,light,zero,16.049502161203787,13.320977210998535,15.991722106933594,nan,nan,15.974225306168382,14.740873336791992,15.96173095703125,-0.07527685503540482,1.419896125793457,-0.02999114990234375
adaptive_shard_00002.pt:73,light,shuffled,16.049502161203787,13.320977210998535,15.991722106933594,nan,nan,15.974983682467741,14.60567569732666,15.777030944824219,-0.07451847873604578,1.284698486328125,-0.214691162109375
adaptive_shard_00002.pt:73,light,predicted,16.049502161203787,13.320977210998535,15.991722106933594,nan,nan,15.976422165002848,14.680408477783203,15.885469436645508,-0.07307999620093852,1.359431266784668,-0.10625267028808594
adaptive_shard_00002.pt:73,light,oracle,16.049502161203787,13.320977210998535,15.991722106933594,nan,nan,15.981575980071337,14.616220474243164,15.859619140625,-0.06792618113244941,1.295243263244629,-0.13210296630859375
adaptive_shard_00002.pt:74,medium,zero,7.045112222745726,14.036253929138184,15.39621353149414,nan,nan,7.094590694879558,15.795369148254395,17.4417667388916,0.049478472133831275,1.759115219116211,2.045553207397461
adaptive_shard_00002.pt:74,medium,shuffled,7.045112222745726,14.036253929138184,15.39621353149414,nan,nan,7.096812090111228,15.808431625366211,17.358978271484375,0.05169986736550136,1.7721776962280273,1.9627647399902344
adaptive_shard_00002.pt:74,medium,predicted,7.045112222745726,14.036253929138184,15.39621353149414,nan,nan,7.096935627711936,15.791372299194336,17.35456657409668,0.05182340496620963,1.7551183700561523,1.958353042602539
adaptive_shard_00002.pt:74,medium,oracle,7.045112222745726,14.036253929138184,15.39621353149414,nan,nan,7.096812090111228,15.808431625366211,17.358978271484375,0.05169986736550136,1.7721776962280273,1.9627647399902344
adaptive_shard_00002.pt:75,heavy,zero,7.4919275472114695,13.624129295349121,14.167668342590332,nan,nan,7.502634528467825,15.656301498413086,16.875003814697266,0.010706981256355164,2.032172203063965,2.7073354721069336
adaptive_shard_00002.pt:75,heavy,shuffled,7.4919275472114695,13.624129295349121,14.167668342590332,nan,nan,7.502358377989823,15.68626594543457,16.855398178100586,0.010430830778353162,2.062136650085449,2.687729835510254
adaptive_shard_00002.pt:75,heavy,predicted,7.4919275472114695,13.624129295349121,14.167668342590332,nan,nan,7.502743873462024,15.546910285949707,16.72257423400879,0.01081632625055473,1.922780990600586,2.554905891418457
adaptive_shard_00002.pt:75,heavy,oracle,7.4919275472114695,13.624129295349121,14.167668342590332,nan,nan,7.502742007374476,15.546860694885254,16.72174835205078,0.010814460163006245,1.9227313995361328,2.554080009460449
adaptive_shard_00002.pt:88,clean,zero,16.733401614298895,11.190496444702148,11.26935863494873,nan,nan,16.60447971235587,19.492481231689453,20.064306259155273,-0.12892190194302344,8.301984786987305,8.794947624206543
adaptive_shard_00002.pt:88,clean,shuffled,16.733401614298895,11.190496444702148,11.26935863494873,nan,nan,16.58834417713883,19.5454044342041,20.024843215942383,-0.14505743716006592,8.354907989501953,8.755484580993652
adaptive_shard_00002.pt:88,clean,predicted,16.733401614298895,11.190496444702148,11.26935863494873,nan,nan,16.58436933021893,19.51796531677246,19.92232894897461,-0.14903228407996494,8.327468872070312,8.652970314025879
adaptive_shard_00002.pt:88,clean,oracle,16.733401614298895,11.190496444702148,11.26935863494873,nan,nan,16.58834417713883,19.5454044342041,20.024843215942383,-0.14505743716006592,8.354907989501953,8.755484580993652
adaptive_shard_00002.pt:89,light,zero,17.012601538500512,13.1619234085083,13.110099792480469,nan,nan,16.87208418439953,19.239896774291992,19.445255279541016,-0.14051735410098232,6.077973365783691,6.335155487060547
adaptive_shard_00002.pt:89,light,shuffled,17.012601538500512,13.1619234085083,13.110099792480469,nan,nan,16.87154069055464,19.011993408203125,19.127840042114258,-0.14106084794587304,5.850069999694824,6.017740249633789
adaptive_shard_00002.pt:89,light,predicted,17.012601538500512,13.1619234085083,13.110099792480469,nan,nan,16.871062836125084,19.181049346923828,19.319528579711914,-0.14153870237542776,6.019125938415527,6.209428787231445
adaptive_shard_00002.pt:89,light,oracle,17.012601538500512,13.1619234085083,13.110099792480469,nan,nan,16.883562215667443,19.054828643798828,19.308116912841797,-0.1290393228330693,5.892905235290527,6.198017120361328
adaptive_shard_00002.pt:90,medium,zero,20.065732362560354,12.704573631286621,11.791486740112305,nan,nan,19.822610352389486,19.35947608947754,19.37596321105957,-0.2431220101708682,6.654902458190918,7.584476470947266
adaptive_shard_00002.pt:90,medium,shuffled,20.065732362560354,12.704573631286621,11.791486740112305,nan,nan,19.819691770252245,19.409711837768555,19.393657684326172,-0.24604059230810904,6.705138206481934,7.602170944213867
adaptive_shard_00002.pt:90,medium,predicted,20.065732362560354,12.704573631286621,11.791486740112305,nan,nan,19.79743214675758,19.341388702392578,19.22673797607422,-0.26830021580277474,6.636815071105957,7.435251235961914
adaptive_shard_00002.pt:90,medium,oracle,20.065732362560354,12.704573631286621,11.791486740112305,nan,nan,19.816104432306897,19.309812545776367,19.27802276611328,-0.24962793025345675,6.605238914489746,7.486536026000977
adaptive_shard_00002.pt:91,heavy,zero,16.39190800080852,14.090165138244629,14.036624908447266,nan,nan,16.261481905704596,19.666841506958008,20.01335906982422,-0.13042609510392467,5.576676368713379,5.976734161376953
adaptive_shard_00002.pt:91,heavy,shuffled,16.39190800080852,14.090165138244629,14.036624908447266,nan,nan,16.24587665099622,19.716724395751953,19.980083465576172,-0.1460313498123007,5.626559257507324,5.943458557128906
adaptive_shard_00002.pt:91,heavy,predicted,16.39190800080852,14.090165138244629,14.036624908447266,nan,nan,16.261252456905744,19.4785213470459,19.747791290283203,-0.13065554390277612,5.3883562088012695,5.7111663818359375
adaptive_shard_00002.pt:91,heavy,oracle,16.39190800080852,14.090165138244629,14.036624908447266,nan,nan,16.261154629980254,19.478404998779297,19.74628448486328,-0.1307533708282662,5.388239860534668,5.709659576416016
adaptive_shard_00002.pt:100,clean,zero,24.006297616594257,9.294772148132324,9.296223640441895,nan,nan,23.509555720300263,10.855445861816406,11.04738998413086,-0.4967418962939938,1.560673713684082,1.7511663436889648
adaptive_shard_00002.pt:100,clean,shuffled,24.006297616594257,9.294772148132324,9.296223640441895,nan,nan,23.494623069620793,10.818016052246094,10.965839385986328,-0.5116745469734632,1.5232439041137695,1.6696157455444336
adaptive_shard_00002.pt:100,clean,predicted,24.006297616594257,9.294772148132324,9.296223640441895,nan,nan,23.429354542445363,10.874412536621094,10.955257415771484,-0.5769430741488932,1.5796403884887695,1.6590337753295898
adaptive_shard_00002.pt:100,clean,oracle,24.006297616594257,9.294772148132324,9.296223640441895,nan,nan,23.442323903460213,10.902161598205566,11.024852752685547,-0.5639737131340432,1.6073894500732422,1.7286291122436523
adaptive_shard_00002.pt:101,light,zero,21.62360930875853,17.964210510253906,22.455137252807617,nan,nan,21.3057830607099,12.789204597473145,14.479077339172363,-0.31782624804863246,-5.175005912780762,-7.976059913635254
adaptive_shard_00002.pt:101,light,shuffled,21.62360930875853,17.964210510253906,22.455137252807617,nan,nan,21.263559144799856,12.826714515686035,14.456781387329102,-0.3600501639586753,-5.137495994567871,-7.998355865478516
adaptive_shard_00002.pt:101,light,predicted,21.62360930875853,17.964210510253906,22.455137252807617,nan,nan,21.333090468290305,12.700545310974121,14.419794082641602,-0.29051884046822707,-5.263665199279785,-8.035343170166016
adaptive_shard_00002.pt:101,light,oracle,21.62360930875853,17.964210510253906,22.455137252807617,nan,nan,21.333851193093743,12.694906234741211,14.417152404785156,-0.2897581156647888,-5.269304275512695,-8.037984848022461
adaptive_shard_00002.pt:102,medium,zero,18.11135999827384,18.425094604492188,21.743907928466797,nan,nan,17.98305402453736,15.1310453414917,17.330965042114258,-0.1283059737364809,-3.2940492630004883,-4.412942886352539
adaptive_shard_00002.pt:102,medium,shuffled,18.11135999827384,18.425094604492188,21.743907928466797,nan,nan,17.995379742996494,15.114286422729492,17.3497314453125,-0.11598025527734634,-3.3108081817626953,-4.394176483154297
adaptive_shard_00002.pt:102,medium,predicted,18.11135999827384,18.425094604492188,21.743907928466797,nan,nan,17.96534298614921,15.166460037231445,17.300220489501953,-0.1460170121246307,-3.258634567260742,-4.443687438964844
adaptive_shard_00002.pt:102,medium,oracle,18.11135999827384,18.425094604492188,21.743907928466797,nan,nan,17.965561406505863,15.158446311950684,17.285703659057617,-0.14579859176797783,-3.266648292541504,-4.45820426940918
adaptive_shard_00002.pt:103,heavy,zero,15.477031342141414,16.385452270507812,18.0355167388916,nan,nan,15.406164263375963,15.662859916687012,17.3480224609375,-0.07086707876545084,-0.7225923538208008,-0.6874942779541016
adaptive_shard_00002.pt:103,heavy,shuffled,15.477031342141414,16.385452270507812,18.0355167388916,nan,nan,15.405894681197243,15.657991409301758,17.33140754699707,-0.07113666094417148,-0.7274608612060547,-0.7041091918945312
adaptive_shard_00002.pt:103,heavy,predicted,15.477031342141414,16.385452270507812,18.0355167388916,nan,nan,15.405880037880728,15.658000946044922,17.331321716308594,-0.07115130426068639,-0.7274513244628906,-0.7041950225830078
adaptive_shard_00002.pt:103,heavy,oracle,15.477031342141414,16.385452270507812,18.0355167388916,nan,nan,15.405894681197243,15.657991409301758,17.33140754699707,-0.07113666094417148,-0.7274608612060547,-0.7041091918945312
adaptive_shard_00004.pt:0,clean,zero,25.854181858658546,12.487080574035645,12.849419593811035,nan,nan,24.950141452651437,20.110694885253906,20.519269943237305,-0.904040406007109,7.623614311218262,7.6698503494262695
adaptive_shard_00004.pt:0,clean,shuffled,25.854181858658546,12.487080574035645,12.849419593811035,nan,nan,24.947761794310146,19.862821578979492,20.17085838317871,-0.9064200643483993,7.375741004943848,7.321438789367676
adaptive_shard_00004.pt:0,clean,predicted,25.854181858658546,12.487080574035645,12.849419593811035,nan,nan,24.83135918364683,20.133813858032227,20.37797737121582,-1.0228226750117173,7.646733283996582,7.528557777404785
adaptive_shard_00004.pt:0,clean,oracle,25.854181858658546,12.487080574035645,12.849419593811035,nan,nan,24.849235716054107,20.168479919433594,20.472484588623047,-1.0049461426044388,7.681399345397949,7.623064994812012
adaptive_shard_00004.pt:1,light,zero,23.183607338464917,14.778179168701172,15.792244911193848,nan,nan,22.737305852957302,20.616933822631836,21.40393829345703,-0.4463014855076146,5.838754653930664,5.611693382263184
adaptive_shard_00004.pt:1,light,shuffled,23.183607338464917,14.778179168701172,15.792244911193848,nan,nan,22.72508427370953,20.565553665161133,21.297584533691406,-0.4585230647553864,5.787374496459961,5.505339622497559
adaptive_shard_00004.pt:1,light,predicted,23.183607338464917,14.778179168701172,15.792244911193848,nan,nan,22.73036930593471,20.69532012939453,21.437681198120117,-0.45323803253020856,5.917140960693359,5.6454362869262695
adaptive_shard_00004.pt:1,light,oracle,23.183607338464917,14.778179168701172,15.792244911193848,nan,nan,22.73185058660024,20.69095802307129,21.447965621948242,-0.45175675186467856,5.912778854370117,5.6557207107543945
adaptive_shard_00004.pt:2,medium,zero,14.263605271369244,11.903316497802734,12.634258270263672,nan,nan,14.197347991190664,21.346704483032227,22.319557189941406,-0.06625728017857924,9.443387985229492,9.685298919677734
adaptive_shard_00004.pt:2,medium,shuffled,14.263605271369244,11.903316497802734,12.634258270263672,nan,nan,14.188858543947534,21.40646743774414,22.28247833251953,-0.07474672742170974,9.503150939941406,9.64822006225586
adaptive_shard_00004.pt:2,medium,predicted,14.263605271369244,11.903316497802734,12.634258270263672,nan,nan,14.19019853330467,21.350175857543945,22.179332733154297,-0.07340673806457332,9.446859359741211,9.545074462890625
adaptive_shard_00004.pt:2,medium,oracle,14.263605271369244,11.903316497802734,12.634258270263672,nan,nan,14.189423821560991,21.391122817993164,22.180679321289062,-0.07418144980825225,9.48780632019043,9.54642105102539
adaptive_shard_00004.pt:3,heavy,zero,13.311169942081522,13.16478443145752,13.858634948730469,nan,nan,13.24721443913127,21.662242889404297,22.47658348083496,-0.0639555029502521,8.497458457946777,8.617948532104492
adaptive_shard_00004.pt:3,heavy,shuffled,13.311169942081522,13.16478443145752,13.858634948730469,nan,nan,13.247006930328045,21.46585464477539,22.205263137817383,-0.06416301175347705,8.301070213317871,8.346628189086914
adaptive_shard_00004.pt:3,heavy,predicted,13.311169942081522,13.16478443145752,13.858634948730469,nan,nan,13.247188663637086,21.465606689453125,22.210676193237305,-0.06398127844443557,8.300822257995605,8.352041244506836
adaptive_shard_00004.pt:3,heavy,oracle,13.311169942081522,13.16478443145752,13.858634948730469,nan,nan,13.24703047563027,21.4658260345459,22.205984115600586,-0.06413946645125179,8.301041603088379,8.347349166870117
adaptive_shard_00004.pt:52,clean,zero,23.38176558715609,11.575600624084473,11.663564682006836,nan,nan,22.861195757968428,18.85624122619629,19.331085205078125,-0.5205698291876608,7.280640602111816,7.667520523071289
adaptive_shard_00004.pt:52,clean,shuffled,23.38176558715609,11.575600624084473,11.663564682006836,nan,nan,22.79381417575386,18.913780212402344,19.292558670043945,-0.58795141140223,7.338179588317871,7.628993988037109
adaptive_shard_00004.pt:52,clean,predicted,23.38176558715609,11.575600624084473,11.663564682006836,nan,nan,22.7817326301099,18.882041931152344,19.20450782775879,-0.6000329570461886,7.306441307067871,7.540943145751953
adaptive_shard_00004.pt:52,clean,oracle,23.38176558715609,11.575600624084473,11.663564682006836,nan,nan,22.79381417575386,18.913780212402344,19.292558670043945,-0.58795141140223,7.338179588317871,7.628993988037109
adaptive_shard_00004.pt:53,light,zero,16.733259529183997,14.136152267456055,14.847942352294922,nan,nan,16.63018119058789,19.7537899017334,20.861791610717773,-0.10307833859610582,5.617637634277344,6.013849258422852
adaptive_shard_00004.pt:53,light,shuffled,16.733259529183997,14.136152267456055,14.847942352294922,nan,nan,16.61627621611228,19.794042587280273,20.735485076904297,-0.11698331307171728,5.657890319824219,5.887542724609375
adaptive_shard_00004.pt:53,light,predicted,16.733259529183997,14.136152267456055,14.847942352294922,nan,nan,16.62840862373223,19.815521240234375,20.88312339782715,-0.1048509054517659,5.67936897277832,6.035181045532227
adaptive_shard_00004.pt:53,light,oracle,16.733259529183997,14.136152267456055,14.847942352294922,nan,nan,16.62883095959868,19.813377380371094,20.895219802856445,-0.10442856958531621,5.677225112915039,6.047277450561523
adaptive_shard_00004.pt:54,medium,zero,15.652200295301293,15.128652572631836,16.466705322265625,nan,nan,15.565292241252536,20.55750274658203,22.097055435180664,-0.08690805404875768,5.428850173950195,5.630350112915039
adaptive_shard_00004.pt:54,medium,shuffled,15.652200295301293,15.128652572631836,16.466705322265625,nan,nan,15.553703210777073,20.60470962524414,21.984546661376953,-0.09849708452422057,5.476057052612305,5.517841339111328
adaptive_shard_00004.pt:54,medium,predicted,15.652200295301293,15.128652572631836,16.466705322265625,nan,nan,15.554114831474559,20.571630477905273,21.972503662109375,-0.09808546382673455,5.4429779052734375,5.50579833984375
adaptive_shard_00004.pt:54,medium,oracle,15.652200295301293,15.128652572631836,16.466705322265625,nan,nan,15.55366019075912,20.605154037475586,21.98419761657715,-0.09854010454217388,5.47650146484375,5.517492294311523
adaptive_shard_00004.pt:55,heavy,zero,14.269455144956659,14.620511054992676,15.574187278747559,nan,nan,14.197214222270855,20.686342239379883,22.093082427978516,-0.07224092268580407,6.065831184387207,6.518895149230957
adaptive_shard_00004.pt:55,heavy,shuffled,14.269455144956659,14.620511054992676,15.574187278747559,nan,nan,14.1874703634638,20.742889404296875,22.06241226196289,-0.08198478149285826,6.122378349304199,6.488224983215332
adaptive_shard_00004.pt:55,heavy,predicted,14.269455144956659,14.620511054992676,15.574187278747559,nan,nan,14.196978861271983,20.516592025756836,21.856246948242188,-0.07247628368467574,5.89608097076416,6.282059669494629
adaptive_shard_00004.pt:55,heavy,oracle,14.269455144956659,14.620511054992676,15.574187278747559,nan,nan,14.196902019483877,20.516565322875977,21.854473114013672,-0.07255312547278159,5.896054267883301,6.280285835266113
adaptive_shard_00004.pt:104,clean,zero,18.848633724776978,11.004125595092773,11.477302551269531,nan,nan,18.680463725916347,16.583765029907227,17.030189514160156,-0.16816999886063044,5.579639434814453,5.552886962890625
adaptive_shard_00004.pt:104,clean,shuffled,18.848633724776978,11.004125595092773,11.477302551269531,nan,nan,18.69572638702629,16.424392700195312,16.912776947021484,-0.15290733775068688,5.420267105102539,5.435474395751953
adaptive_shard_00004.pt:104,clean,predicted,18.848633724776978,11.004125595092773,11.477302551269531,nan,nan,18.65321950255923,16.617568969726562,16.913612365722656,-0.19541422221774596,5.613443374633789,5.436309814453125
adaptive_shard_00004.pt:104,clean,oracle,18.848633724776978,11.004125595092773,11.477302551269531,nan,nan,18.657369867064467,16.647226333618164,16.997831344604492,-0.1912638577125101,5.643100738525391,5.520528793334961
adaptive_shard_00004.pt:105,light,zero,18.61227943445471,12.220516204833984,14.028646469116211,nan,nan,18.450207991541486,16.764205932617188,17.3198299407959,-0.1620714429132235,4.543689727783203,3.2911834716796875
adaptive_shard_00004.pt:105,light,shuffled,18.61227943445471,12.220516204833984,14.028646469116211,nan,nan,18.448134056847884,16.81018829345703,17.341716766357422,-0.16414537760682535,4.589672088623047,3.313070297241211
adaptive_shard_00004.pt:105,light,predicted,18.61227943445471,12.220516204833984,14.028646469116211,nan,nan,18.45287461697617,16.673751831054688,17.19649314880371,-0.15940481747853852,4.453235626220703,3.1678466796875
adaptive_shard_00004.pt:105,light,oracle,18.61227943445471,12.220516204833984,14.028646469116211,nan,nan,18.464821880409133,16.60857582092285,17.207746505737305,-0.1474575540455767,4.388059616088867,3.1791000366210938
adaptive_shard_00004.pt:106,medium,zero,18.486195381721725,14.00589656829834,14.55781078338623,nan,nan,18.346468358373812,17.06077003479004,17.76338005065918,-0.13972702334791265,3.054873466491699,3.205569267272949
adaptive_shard_00004.pt:106,medium,shuffled,18.486195381721725,14.00589656829834,14.55781078338623,nan,nan,18.34450341296886,17.097658157348633,17.773691177368164,-0.14169196875286616,3.091761589050293,3.2158803939819336
adaptive_shard_00004.pt:106,medium,predicted,18.486195381721725,14.00589656829834,14.55781078338623,nan,nan,18.328526170477694,17.061813354492188,17.628339767456055,-0.15766921124403055,3.0559167861938477,3.070528984069824
adaptive_shard_00004.pt:106,medium,oracle,18.486195381721725,14.00589656829834,14.55781078338623,nan,nan,18.341999791807023,17.02932357788086,17.686893463134766,-0.14419558991470183,3.0234270095825195,3.129082679748535
adaptive_shard_00004.pt:107,heavy,zero,14.962728687810268,13.955985069274902,13.876787185668945,nan,nan,14.881701130631393,17.482772827148438,17.992259979248047,-0.08102755717887433,3.526787757873535,4.115472793579102
adaptive_shard_00004.pt:107,heavy,shuffled,14.962728687810268,13.955985069274902,13.876787185668945,nan,nan,14.881716025501703,17.34819984436035,17.797693252563477,-0.08101266230856474,3.392214775085449,3.9209060668945312
adaptive_shard_00004.pt:107,heavy,predicted,14.962728687810268,13.955985069274902,13.876787185668945,nan,nan,14.881546169679652,17.34807586669922,17.794750213623047,-0.08118251813061583,3.3920907974243164,3.9179630279541016
adaptive_shard_00004.pt:107,heavy,oracle,14.962728687810268,13.955985069274902,13.876787185668945,nan,nan,14.881716025501703,17.34819984436035,17.797693252563477,-0.08101266230856474,3.392214775085449,3.9209060668945312
adaptive_shard_00005.pt:40,clean,zero,22.659368946827193,13.769529342651367,13.993318557739258,nan,nan,22.184136797833595,14.390864372253418,14.4706449508667,-0.475232148993598,0.6213350296020508,0.4773263931274414
adaptive_shard_00005.pt:40,clean,shuffled,22.659368946827193,13.769529342651367,13.993318557739258,nan,nan,22.17870461723186,14.433557510375977,14.477027893066406,-0.480664329595335,0.6640281677246094,0.48370933532714844
adaptive_shard_00005.pt:40,clean,predicted,22.659368946827193,13.769529342651367,13.993318557739258,nan,nan,22.117885077974755,14.426305770874023,14.347702980041504,-0.5414838688524384,0.6567764282226562,0.3543844223022461
adaptive_shard_00005.pt:40,clean,oracle,22.659368946827193,13.769529342651367,13.993318557739258,nan,nan,22.12805248208403,14.455931663513184,14.437561988830566,-0.5313164647431634,0.6864023208618164,0.4442434310913086
adaptive_shard_00005.pt:41,light,zero,22.3215111697205,17.49944305419922,20.381620407104492,nan,nan,21.88909899036334,14.970487594604492,15.570775985717773,-0.43241217935716136,-2.5289554595947266,-4.810844421386719
adaptive_shard_00005.pt:41,light,shuffled,22.3215111697205,17.49944305419922,20.381620407104492,nan,nan,21.837199875266133,15.035263061523438,15.537225723266602,-0.4843112944543684,-2.4641799926757812,-4.844394683837891
adaptive_shard_00005.pt:41,light,predicted,22.3215111697205,17.49944305419922,20.381620407104492,nan,nan,21.89107760624414,14.909801483154297,15.467411041259766,-0.4304335634763632,-2.589641571044922,-4.914209365844727
adaptive_shard_00005.pt:41,light,oracle,22.3215111697205,17.49944305419922,20.381620407104492,nan,nan,21.923944970760964,14.802733421325684,15.46006965637207,-0.39756619895953804,-2.696709632873535,-4.921550750732422
adaptive_shard_00005.pt:42,medium,zero,15.486427186882466,14.489904403686523,16.47258186340332,nan,nan,15.392950526349452,15.996639251708984,16.763872146606445,-0.09347666053301396,1.506734848022461,0.291290283203125
adaptive_shard_00005.pt:42,medium,shuffled,15.486427186882466,14.489904403686523,16.47258186340332,nan,nan,15.393316194608218,15.863418579101562,16.57663917541504,-0.0931109922742479,1.373514175415039,0.10405731201171875
adaptive_shard_00005.pt:42,medium,predicted,15.486427186882466,14.489904403686523,16.47258186340332,nan,nan,15.382258829635973,16.008544921875,16.628435134887695,-0.10416835724649331,1.5186405181884766,0.155853271484375
adaptive_shard_00005.pt:42,medium,oracle,15.486427186882466,14.489904403686523,16.47258186340332,nan,nan,15.390415960860516,15.96960163116455,16.692461013793945,-0.09601122602195034,1.4796972274780273,0.219879150390625
adaptive_shard_00005.pt:43,heavy,zero,13.403021171471662,12.111455917358398,12.7537202835083,nan,nan,13.343779160083349,16.444185256958008,16.80631446838379,-0.05924201138831364,4.332729339599609,4.052594184875488
adaptive_shard_00005.pt:43,heavy,shuffled,13.403021171471662,12.111455917358398,12.7537202835083,nan,nan,13.348798304857407,16.313575744628906,16.722549438476562,-0.05422286661425524,4.202119827270508,3.9688291549682617
adaptive_shard_00005.pt:43,heavy,predicted,13.403021171471662,12.111455917358398,12.7537202835083,nan,nan,13.343588798410194,16.301664352416992,16.605573654174805,-0.05943237306146898,4.190208435058594,3.851853370666504
adaptive_shard_00005.pt:43,heavy,oracle,13.403021171471662,12.111455917358398,12.7537202835083,nan,nan,13.343751317359443,16.301410675048828,16.60954475402832,-0.05926985411221963,4.18995475769043,3.8558244705200195
adaptive_shard_00005.pt:52,clean,zero,-5.522455471124578,8.45405387878418,9.672224044799805,nan,nan,-5.515020138112181,26.277721405029297,25.39628028869629,0.007435333012397294,17.823667526245117,15.724056243896484
adaptive_shard_00005.pt:52,clean,shuffled,-5.522455471124578,8.45405387878418,9.672224044799805,nan,nan,-5.515017500068423,25.964712142944336,24.97184181213379,0.007437971056154957,17.510658264160156,15.299617767333984
adaptive_shard_00005.pt:52,clean,predicted,-5.522455471124578,8.45405387878418,9.672224044799805,nan,nan,-5.514819939350195,26.33561134338379,25.200483322143555,0.007635531774383253,17.88155746459961,15.52825927734375
adaptive_shard_00005.pt:52,clean,oracle,-5.522455471124578,8.45405387878418,9.672224044799805,nan,nan,-5.514850835530334,26.36969757080078,25.338871002197266,0.007604635594244513,17.9156436920166,15.666646957397461
adaptive_shard_00005.pt:53,light,zero,-5.948755524979563,10.173477172851562,10.291996002197266,nan,nan,-5.942727115940846,26.3581485748291,25.443979263305664,0.006028409038717264,16.18467140197754,15.151983261108398
adaptive_shard_00005.pt:53,light,shuffled,-5.948755524979563,10.173477172851562,10.291996002197266,nan,nan,-5.942624619344644,26.44928550720215,25.386592864990234,0.006130905634918804,16.275808334350586,15.094596862792969
adaptive_shard_00005.pt:53,light,predicted,-5.948755524979563,10.173477172851562,10.291996002197266,nan,nan,-5.942703719061237,26.277069091796875,25.236976623535156,0.006051805918326103,16.103591918945312,14.94498062133789
adaptive_shard_00005.pt:53,light,oracle,-5.948755524979563,10.173477172851562,10.291996002197266,nan,nan,-5.94280494036762,26.083036422729492,25.251306533813477,0.005950584611943199,15.90955924987793,14.959310531616211
adaptive_shard_00005.pt:54,medium,zero,-4.16900831887684,10.217909812927246,9.51679801940918,nan,nan,-4.155743943247634,26.39515495300293,25.549686431884766,0.013264375629206349,16.177245140075684,16.032888412475586
adaptive_shard_00005.pt:54,medium,shuffled,-4.16900831887684,10.217909812927246,9.51679801940918,nan,nan,-4.1557143620548045,26.088716506958008,25.12615203857422,0.013293956822035824,15.870806694030762,15.609354019165039
adaptive_shard_00005.pt:54,medium,predicted,-4.16900831887684,10.217909812927246,9.51679801940918,nan,nan,-4.1553170016800935,26.39063835144043,25.341367721557617,0.013691317196746766,16.172728538513184,15.824569702148438
adaptive_shard_00005.pt:54,medium,oracle,-4.16900831887684,10.217909812927246,9.51679801940918,nan,nan,-4.155268176154046,26.451887130737305,25.342409133911133,0.013740142722793891,16.23397731781006,15.825611114501953
adaptive_shard_00005.pt:55,heavy,zero,-2.5459663099922407,12.41128158569336,11.656725883483887,nan,nan,-2.5536717290016444,26.32874870300293,25.48849868774414,-0.007705419009403691,13.91746711730957,13.831772804260254
adaptive_shard_00005.pt:55,heavy,shuffled,-2.5459663099922407,12.41128158569336,11.656725883483887,nan,nan,-2.5531243276694227,26.058530807495117,25.299692153930664,-0.007158017677181938,13.647249221801758,13.642966270446777
adaptive_shard_00005.pt:55,heavy,predicted,-2.5459663099922407,12.41128158569336,11.656725883483887,nan,nan,-2.5537045662985585,26.02593231201172,25.060386657714844,-0.007738256306317748,13.61465072631836,13.403660774230957
adaptive_shard_00005.pt:55,heavy,oracle,-2.5459663099922407,12.41128158569336,11.656725883483887,nan,nan,-2.5536895246447884,26.02532386779785,25.06689453125,-0.007723214652547661,13.614042282104492,13.410168647766113
adaptive_shard_00005.pt:124,clean,zero,22.80727507005695,11.454667091369629,11.644760131835938,nan,nan,22.345468317152523,15.433571815490723,16.22467803955078,-0.4618067529044261,3.9789047241210938,4.579917907714844
adaptive_shard_00005.pt:124,clean,shuffled,22.80727507005695,11.454667091369629,11.644760131835938,nan,nan,22.332940637650665,15.385422706604004,16.13081932067871,-0.4743344324062839,3.930755615234375,4.486059188842773
adaptive_shard_00005.pt:124,clean,predicted,22.80727507005695,11.454667091369629,11.644760131835938,nan,nan,22.278306473200114,15.436418533325195,16.11253547668457,-0.528968596856835,3.9817514419555664,4.467775344848633
adaptive_shard_00005.pt:124,clean,oracle,22.80727507005695,11.454667091369629,11.644760131835938,nan,nan,22.288560497632297,15.476428031921387,16.20355987548828,-0.5187145724246527,4.021760940551758,4.558799743652344
adaptive_shard_00005.pt:125,light,zero,21.892756570212303,12.816526412963867,13.791234970092773,nan,nan,21.524094235353743,15.793460845947266,16.834644317626953,-0.36866233485855915,2.9769344329833984,3.0434093475341797
adaptive_shard_00005.pt:125,light,shuffled,21.892756570212303,12.816526412963867,13.791234970092773,nan,nan,21.51437864847314,15.757369041442871,16.761016845703125,-0.37837792173916185,2.940842628479004,2.9697818756103516
adaptive_shard_00005.pt:125,light,predicted,21.892756570212303,12.816526412963867,13.791234970092773,nan,nan,21.515710586863666,15.798881530761719,16.792150497436523,-0.37704598334863704,2.9823551177978516,3.00091552734375
adaptive_shard_00005.pt:125,light,oracle,21.892756570212303,12.816526412963867,13.791234970092773,nan,nan,21.519704275911305,15.810541152954102,16.82518768310547,-0.3730522943009973,2.9940147399902344,3.0339527130126953
adaptive_shard_00005.pt:126,medium,zero,17.937282475103203,14.491254806518555,15.414246559143066,nan,nan,17.807987748886106,16.98996353149414,18.310556411743164,-0.12929472621709692,2.498708724975586,2.8963098526000977
adaptive_shard_00005.pt:126,medium,shuffled,17.937282475103203,14.491254806518555,15.414246559143066,nan,nan,17.78965506532492,17.029773712158203,18.30030059814453,-0.14762740977828415,2.5385189056396484,2.886054039001465
adaptive_shard_00005.pt:126,medium,predicted,17.937282475103203,14.491254806518555,15.414246559143066,nan,nan,17.792792457917265,16.97278594970703,18.207319259643555,-0.14449001718593735,2.4815311431884766,2.7930727005004883
adaptive_shard_00005.pt:126,medium,oracle,17.937282475103203,14.491254806518555,15.414246559143066,nan,nan,17.804193735787067,16.965526580810547,18.257211685180664,-0.13308873931613618,2.474271774291992,2.8429651260375977
adaptive_shard_00005.pt:127,heavy,zero,14.467455421600132,15.634847640991211,16.306962966918945,nan,nan,14.424272201716866,17.684507369995117,18.894489288330078,-0.04318321988326623,2.0496597290039062,2.587526321411133
adaptive_shard_00005.pt:127,heavy,shuffled,14.467455421600132,15.634847640991211,16.306962966918945,nan,nan,14.41777330271001,17.673809051513672,18.79241371154785,-0.04968211889012153,2.038961410522461,2.4854507446289062
adaptive_shard_00005.pt:127,heavy,predicted,14.467455421600132,15.634847640991211,16.306962966918945,nan,nan,14.424235756756758,17.587175369262695,18.748106002807617,-0.043219664843373806,1.9523277282714844,2.441143035888672
adaptive_shard_00005.pt:127,heavy,oracle,14.467455421600132,15.634847640991211,16.306962966918945,nan,nan,14.424383625838992,17.587848663330078,18.7513427734375,-0.04307179576113995,1.9530010223388672,2.4443798065185547
adaptive_shard_00006.pt:36,clean,zero,19.4574515180908,9.595833778381348,9.931639671325684,nan,nan,19.202472093031396,18.572507858276367,18.80842399597168,-0.2549794250594033,8.97667407989502,8.876784324645996
adaptive_shard_00006.pt:36,clean,shuffled,19.4574515180908,9.595833778381348,9.931639671325684,nan,nan,19.17281374273702,18.62752342224121,18.775758743286133,-0.28463777535377943,9.031689643859863,8.84411907196045
adaptive_shard_00006.pt:36,clean,predicted,19.4574515180908,9.595833778381348,9.931639671325684,nan,nan,19.167418281772587,18.599401473999023,18.69245147705078,-0.2900332363182123,9.003567695617676,8.760811805725098
adaptive_shard_00006.pt:36,clean,oracle,19.4574515180908,9.595833778381348,9.931639671325684,nan,nan,19.17281374273702,18.62752342224121,18.775758743286133,-0.28463777535377943,9.031689643859863,8.84411907196045
adaptive_shard_00006.pt:37,light,zero,17.513675430361445,12.656329154968262,13.885393142700195,nan,nan,17.339924723125403,18.711210250854492,18.926963806152344,-0.17375070723604225,6.0548810958862305,5.041570663452148
adaptive_shard_00006.pt:37,light,shuffled,17.513675430361445,12.656329154968262,13.885393142700195,nan,nan,17.3401895783583,18.52327537536621,18.681177139282227,-0.1734858520031466,5.866946220397949,4.795783996582031
adaptive_shard_00006.pt:37,light,predicted,17.513675430361445,12.656329154968262,13.885393142700195,nan,nan,17.34955028877255,18.57377815246582,18.80933380126953,-0.1641251415888938,5.917448997497559,4.923940658569336
adaptive_shard_00006.pt:37,light,oracle,17.513675430361445,12.656329154968262,13.885393142700195,nan,nan,17.353201461763035,18.5465087890625,18.814760208129883,-0.16047396859841,5.890179634094238,4.9293670654296875
adaptive_shard_00006.pt:38,medium,zero,16.904126029378258,13.772476196289062,13.52605152130127,nan,nan,16.753984733484522,18.936176300048828,19.25824546813965,-0.15014129589373582,5.163700103759766,5.732193946838379
adaptive_shard_00006.pt:38,medium,shuffled,16.904126029378258,13.772476196289062,13.52605152130127,nan,nan,16.738470848456465,18.95627784729004,19.11702537536621,-0.16565518092179232,5.183801651000977,5.590973854064941
adaptive_shard_00006.pt:38,medium,predicted,16.904126029378258,13.772476196289062,13.52605152130127,nan,nan,16.750050557030754,18.80455207824707,19.043489456176758,-0.15407547234750396,5.032075881958008,5.517437934875488
adaptive_shard_00006.pt:38,medium,oracle,16.904126029378258,13.772476196289062,13.52605152130127,nan,nan,16.738672716850072,18.955583572387695,19.119253158569336,-0.16545331252818585,5.183107376098633,5.593201637268066
adaptive_shard_00006.pt:39,heavy,zero,14.486165056661491,15.548810958862305,15.677610397338867,nan,nan,14.39606159936191,19.301647186279297,19.649002075195312,-0.09010345729958047,3.752836227416992,3.9713916778564453
adaptive_shard_00006.pt:39,heavy,shuffled,14.486165056661491,15.548810958862305,15.677610397338867,nan,nan,14.385639002035917,19.353052139282227,19.625951766967773,-0.10052605462557374,3.804241180419922,3.9483413696289062
adaptive_shard_00006.pt:39,heavy,predicted,14.486165056661491,15.548810958862305,15.677610397338867,nan,nan,14.396084470405695,19.15656089782715,19.451921463012695,-0.09008058625579629,3.6077499389648438,3.774311065673828
adaptive_shard_00006.pt:39,heavy,oracle,14.486165056661491,15.548810958862305,15.677610397338867,nan,nan,14.396174854599588,19.156526565551758,19.453510284423828,-0.08999020206190345,3.607715606689453,3.775899887084961
adaptive_shard_00006.pt:56,clean,zero,32.31270275833557,7.1346964836120605,7.258840084075928,nan,nan,29.22279389525214,12.579463958740234,13.285361289978027,-3.08990886308343,5.444767475128174,6.0265212059021
adaptive_shard_00006.pt:56,clean,shuffled,32.31270275833557,7.1346964836120605,7.258840084075928,nan,nan,29.229691660740272,12.426252365112305,13.062379837036133,-3.0830110975952962,5.291555881500244,5.803539752960205
adaptive_shard_00006.pt:56,clean,predicted,32.31270275833557,7.1346964836120605,7.258840084075928,nan,nan,28.892432757805835,12.569966316223145,13.179312705993652,-3.420270000529733,5.435269832611084,5.920472621917725
adaptive_shard_00006.pt:56,clean,oracle,32.31270275833557,7.1346964836120605,7.258840084075928,nan,nan,28.943155112410082,12.610584259033203,13.266345977783203,-3.3695476459254863,5.475887775421143,6.007505893707275
adaptive_shard_00006.pt:57,light,zero,32.97137070148704,10.080580711364746,12.610167503356934,nan,nan,29.61105195774013,12.61538028717041,13.566241264343262,-3.360318743746909,2.534799575805664,0.9560737609863281
adaptive_shard_00006.pt:57,light,shuffled,32.97137070148704,10.080580711364746,12.610167503356934,nan,nan,29.343186824616687,12.603805541992188,13.446375846862793,-3.6281838768703523,2.5232248306274414,0.8362083435058594
adaptive_shard_00006.pt:57,light,predicted,32.97137070148704,10.080580711364746,12.610167503356934,nan,nan,29.79741404874168,12.51312255859375,13.475509643554688,-3.1739566527453604,2.432541847229004,0.8653421401977539
adaptive_shard_00006.pt:57,light,oracle,32.97137070148704,10.080580711364746,12.610167503356934,nan,nan,29.823197180482715,12.510469436645508,13.484460830688477,-3.148173521004324,2.4298887252807617,0.874293327331543
adaptive_shard_00006.pt:58,medium,zero,15.131503042938776,14.969009399414062,15.663208961486816,nan,nan,15.073562639543391,15.488990783691406,16.712966918945312,-0.057940403395384976,0.5199813842773438,1.049757957458496
adaptive_shard_00006.pt:58,medium,shuffled,15.131503042938776,14.969009399414062,15.663208961486816,nan,nan,15.064188678704776,15.518592834472656,16.708749771118164,-0.06731436423400083,0.5495834350585938,1.0455408096313477
adaptive_shard_00006.pt:58,medium,predicted,15.131503042938776,14.969009399414062,15.663208961486816,nan,nan,15.065481331112531,15.465231895446777,16.613664627075195,-0.06602171182624517,0.49622249603271484,0.9504556655883789
adaptive_shard_00006.pt:58,medium,oracle,15.131503042938776,14.969009399414062,15.663208961486816,nan,nan,15.06513866771475,15.455632209777832,16.58562469482422,-0.06636437522402616,0.48662281036376953,0.9224157333374023
adaptive_shard_00006.pt:59,heavy,zero,12.549334584060395,15.508585929870605,15.800416946411133,nan,nan,12.512828158481948,16.360532760620117,17.231584548950195,-0.03650642557844641,0.8519468307495117,1.4311676025390625
adaptive_shard_00006.pt:59,heavy,shuffled,12.549334584060395,15.508585929870605,15.800416946411133,nan,nan,12.50718945195343,16.383983612060547,17.22622299194336,-0.04214513210696502,0.8753976821899414,1.4258060455322266
adaptive_shard_00006.pt:59,heavy,predicted,12.549334584060395,15.508585929870605,15.800416946411133,nan,nan,12.512860754326216,16.301998138427734,17.13066291809082,-0.03647382973417912,0.7934122085571289,1.3302459716796875
adaptive_shard_00006.pt:59,heavy,oracle,12.549334584060395,15.508585929870605,15.800416946411133,nan,nan,12.512884406562213,16.30217170715332,17.13127899169922,-0.0364501774981818,0.7935857772827148,1.330862045288086
adaptive_shard_00006.pt:80,clean,zero,24.828390595978917,12.1735258102417,12.298296928405762,nan,nan,24.04972134841774,16.67774772644043,17.502283096313477,-0.7786692475611758,4.5042219161987305,5.203986167907715
adaptive_shard_00006.pt:80,clean,shuffled,24.828390595978917,12.1735258102417,12.298296928405762,nan,nan,24.040943512836243,16.735857009887695,17.538179397583008,-0.7874470831426734,4.562331199645996,5.239882469177246
adaptive_shard_00006.pt:80,clean,predicted,24.828390595978917,12.1735258102417,12.298296928405762,nan,nan,23.937526993498075,16.684978485107422,17.372957229614258,-0.8908636024808416,4.511452674865723,5.074660301208496
adaptive_shard_00006.pt:80,clean,oracle,24.828390595978917,12.1735258102417,12.298296928405762,nan,nan,23.954429858703065,16.71666717529297,17.456729888916016,-0.8739607372758513,4.5431413650512695,5.158432960510254
adaptive_shard_00006.pt:81,light,zero,21.540838643221058,14.98255729675293,17.544527053833008,nan,nan,21.195334300638393,16.970815658569336,18.00885581970215,-0.3455043425826645,1.9882583618164062,0.4643287658691406
adaptive_shard_00006.pt:81,light,shuffled,21.540838643221058,14.98255729675293,17.544527053833008,nan,nan,21.148531825902165,17.012348175048828,17.96225929260254,-0.39230681731889305,2.0297908782958984,0.41773223876953125
adaptive_shard_00006.pt:81,light,predicted,21.540838643221058,14.98255729675293,17.544527053833008,nan,nan,21.221139952593347,16.825641632080078,17.877479553222656,-0.3196986906277104,1.8430843353271484,0.33295249938964844
adaptive_shard_00006.pt:81,light,oracle,21.540838643221058,14.98255729675293,17.544527053833008,nan,nan,21.226363642458423,16.801286697387695,17.869171142578125,-0.31447500076263424,1.8187294006347656,0.3246440887451172
adaptive_shard_00006.pt:82,medium,zero,17.673027473435912,11.164389610290527,12.444735527038574,nan,nan,17.509836690809514,17.825305938720703,19.069320678710938,-0.16319078262639763,6.660916328430176,6.624585151672363
adaptive_shard_00006.pt:82,medium,shuffled,17.673027473435912,11.164389610290527,12.444735527038574,nan,nan,17.510044419988823,17.65974235534668,18.8399600982666,-0.16298305344708908,6.495352745056152,6.395224571228027
adaptive_shard_00006.pt:82,medium,predicted,17.673027473435912,11.164389610290527,12.444735527038574,nan,nan,17.491362060356572,17.82209014892578,18.95224380493164,-0.18166541307934025,6.657700538635254,6.507508277893066
adaptive_shard_00006.pt:82,medium,oracle,17.673027473435912,11.164389610290527,12.444735527038574,nan,nan,17.505392303001567,17.786733627319336,18.992095947265625,-0.16763517043434462,6.622344017028809,6.547360420227051
adaptive_shard_00006.pt:83,heavy,zero,14.317587710740352,13.133159637451172,13.947081565856934,nan,nan,14.263429320121347,18.297021865844727,19.198436737060547,-0.05415839061900485,5.163862228393555,5.251355171203613
adaptive_shard_00006.pt:83,heavy,shuffled,14.317587710740352,13.133159637451172,13.947081565856934,nan,nan,14.26340560139016,18.141164779663086,18.973602294921875,-0.054182109350191965,5.008005142211914,5.026520729064941
adaptive_shard_00006.pt:83,heavy,predicted,14.317587710740352,13.133159637451172,13.947081565856934,nan,nan,14.263355500283112,18.141197204589844,18.972675323486328,-0.054232210457239916,5.008037567138672,5.0255937576293945
adaptive_shard_00006.pt:83,heavy,oracle,14.317587710740352,13.133159637451172,13.947081565856934,nan,nan,14.263523174295967,18.14108657836914,18.975746154785156,-0.05406453644438436,5.007926940917969,5.028664588928223
adaptive_shard_00006.pt:100,clean,zero,18.11257349594141,9.016910552978516,8.920125007629395,nan,nan,17.963298401511302,14.832961082458496,15.297607421875,-0.14927509443010933,5.8160505294799805,6.3774824142456055
adaptive_shard_00006.pt:100,clean,shuffled,18.11257349594141,9.016910552978516,8.920125007629395,nan,nan,17.96298842203124,14.655950546264648,15.03994369506836,-0.1495850739101705,5.639039993286133,6.119818687438965
adaptive_shard_00006.pt:100,clean,predicted,18.11257349594141,9.016910552978516,8.920125007629395,nan,nan,17.939161104519666,14.84444808959961,15.191991806030273,-0.17341239142174558,5.827537536621094,6.271866798400879
adaptive_shard_00006.pt:100,clean,oracle,18.11257349594141,9.016910552978516,8.920125007629395,nan,nan,17.94281118814209,14.873984336853027,15.267587661743164,-0.16976230779932067,5.857073783874512,6.3474626541137695
adaptive_shard_00006.pt:101,light,zero,18.95199033153393,11.371987342834473,12.502601623535156,nan,nan,18.77192649201938,15.395927429199219,16.15984535217285,-0.18006383951455263,4.023940086364746,3.6572437286376953
adaptive_shard_00006.pt:101,light,shuffled,18.95199033153393,11.371987342834473,12.502601623535156,nan,nan,18.788105628873513,15.272618293762207,16.063243865966797,-0.1638847026604182,3.9006309509277344,3.5606422424316406
adaptive_shard_00006.pt:101,light,predicted,18.95199033153393,11.371987342834473,12.502601623535156,nan,nan,18.76904296278068,15.441034317016602,16.17853355407715,-0.18294736875325057,4.069046974182129,3.675931930541992
adaptive_shard_00006.pt:101,light,oracle,18.95199033153393,11.371987342834473,12.502601623535156,nan,nan,18.769701527127236,15.441157341003418,16.185728073120117,-0.1822888044066957,4.069169998168945,3.683126449584961
adaptive_shard_00006.pt:102,medium,zero,18.970814277356368,13.273837089538574,13.609404563903809,nan,nan,18.78417435008503,16.132843017578125,16.951391220092773,-0.1866399272713366,2.859005928039551,3.341986656188965
adaptive_shard_00006.pt:102,medium,shuffled,18.970814277356368,13.273837089538574,13.609404563903809,nan,nan,18.800632486609366,16.036680221557617,16.88102149963379,-0.17018179074700157,2.762843132019043,3.2716169357299805
adaptive_shard_00006.pt:102,medium,predicted,18.970814277356368,13.273837089538574,13.609404563903809,nan,nan,18.763899871986172,16.13228416442871,16.867385864257812,-0.20691440537019545,2.8584470748901367,3.257981300354004
adaptive_shard_00006.pt:102,medium,oracle,18.970814277356368,13.273837089538574,13.609404563903809,nan,nan,18.76208900086717,16.146928787231445,16.863391876220703,-0.20872527648919714,2.873091697692871,3.2539873123168945
adaptive_shard_00006.pt:103,heavy,zero,16.25900422413945,13.767644882202148,13.945585250854492,nan,nan,16.13001003351346,16.60823631286621,17.254493713378906,-0.12899419062598838,2.8405914306640625,3.308908462524414
adaptive_shard_00006.pt:103,heavy,shuffled,16.25900422413945,13.767644882202148,13.945585250854492,nan,nan,16.115706895384044,16.610225677490234,17.15757942199707,-0.14329732875540557,2.842580795288086,3.211994171142578
adaptive_shard_00006.pt:103,heavy,predicted,16.25900422413945,13.767644882202148,13.945585250854492,nan,nan,16.129994047978638,16.50104522705078,17.096601486206055,-0.12901017616081134,2.733400344848633,3.1510162353515625
adaptive_shard_00006.pt:103,heavy,oracle,16.25900422413945,13.767644882202148,13.945585250854492,nan,nan,16.130208522886473,16.501266479492188,17.098642349243164,-0.1287957012529759,2.733621597290039,3.153057098388672
adaptive_shard_00006.pt:108,clean,zero,8.093353698448663,11.617891311645508,12.372512817382812,nan,nan,8.118993228041754,23.901384353637695,23.617088317871094,0.025639529593091126,12.283493041992188,11.244575500488281
adaptive_shard_00006.pt:108,clean,shuffled,8.093353698448663,11.617891311645508,12.372512817382812,nan,nan,8.119389217796812,23.936126708984375,23.41266441345215,0.02603551934814874,12.318235397338867,11.040151596069336
adaptive_shard_00006.pt:108,clean,predicted,8.093353698448663,11.617891311645508,12.372512817382812,nan,nan,8.11949855622045,23.94325828552246,23.453216552734375,0.026144857771786434,12.325366973876953,11.080703735351562
adaptive_shard_00006.pt:108,clean,oracle,8.093353698448663,11.617891311645508,12.372512817382812,nan,nan,8.119434743510558,23.977882385253906,23.56459617614746,0.026081045061895125,12.359991073608398,11.192083358764648
adaptive_shard_00006.pt:109,light,zero,7.059694277640879,11.154749870300293,11.37356185913086,nan,nan,7.0811224445607435,23.896827697753906,23.647851943969727,0.02142816691986482,12.742077827453613,12.274290084838867
adaptive_shard_00006.pt:109,light,shuffled,7.059694277640879,11.154749870300293,11.37356185913086,nan,nan,7.081215262099478,23.831615447998047,23.518461227416992,0.021520984458599735,12.676865577697754,12.144899368286133
adaptive_shard_00006.pt:109,light,predicted,7.059694277640879,11.154749870300293,11.37356185913086,nan,nan,7.081586742296226,23.953943252563477,23.483407974243164,0.021892464655347332,12.799193382263184,12.109846115112305
adaptive_shard_00006.pt:109,light,oracle,7.059694277640879,11.154749870300293,11.37356185913086,nan,nan,7.081162701908496,23.978837966918945,23.680042266845703,0.02146842426761708,12.824088096618652,12.306480407714844
adaptive_shard_00006.pt:110,medium,zero,15.099796036311714,10.794870376586914,10.174174308776855,nan,nan,15.10970138964602,23.939842224121094,23.743558883666992,0.009905353334305644,13.14497184753418,13.569384574890137
adaptive_shard_00006.pt:110,medium,shuffled,15.099796036311714,10.794870376586914,10.174174308776855,nan,nan,15.109290446980337,24.0208797454834,23.77657127380371,0.009494410668622777,13.226009368896484,13.602396965026855
adaptive_shard_00006.pt:110,medium,predicted,15.099796036311714,10.794870376586914,10.174174308776855,nan,nan,15.106057769548634,23.927736282348633,23.550310134887695,0.006261733236920364,13.132865905761719,13.37613582611084
adaptive_shard_00006.pt:110,medium,oracle,15.099796036311714,10.794870376586914,10.174174308776855,nan,nan,15.105341007721218,23.984088897705078,23.536062240600586,0.0055449714095043845,13.189218521118164,13.36188793182373
adaptive_shard_00006.pt:111,heavy,zero,16.15830059450398,13.698582649230957,13.341064453125,nan,nan,16.141396737425943,23.998659133911133,23.757671356201172,-0.016903857078037987,10.300076484680176,10.416606903076172
adaptive_shard_00006.pt:111,heavy,shuffled,16.15830059450398,13.698582649230957,13.341064453125,nan,nan,16.146301337693277,23.761005401611328,23.587364196777344,-0.011999256810703685,10.062422752380371,10.246299743652344
adaptive_shard_00006.pt:111,heavy,predicted,16.15830059450398,13.698582649230957,13.341064453125,nan,nan,16.141309772473335,23.72230339050293,23.379375457763672,-0.016990822030646058,10.023720741271973,10.038311004638672
adaptive_shard_00006.pt:111,heavy,oracle,16.15830059450398,13.698582649230957,13.341064453125,nan,nan,16.141273808969835,23.722352981567383,23.37790298461914,-0.017026785534145716,10.023770332336426,10.03683853149414
adaptive_shard_00007.pt:60,clean,zero,22.413175692813812,13.852766990661621,14.165827751159668,nan,nan,22.07168159919641,18.299081802368164,17.770462036132812,-0.3414940936174027,4.446314811706543,3.6046342849731445
adaptive_shard_00007.pt:60,clean,shuffled,22.413175692813812,13.852766990661621,14.165827751159668,nan,nan,22.072559604764685,18.089542388916016,17.48764991760254,-0.3406160880491278,4.2367753982543945,3.321822166442871
adaptive_shard_00007.pt:60,clean,predicted,22.413175692813812,13.852766990661621,14.165827751159668,nan,nan,22.01648066508433,18.338054656982422,17.652803421020508,-0.39669502772948206,4.485287666320801,3.48697566986084
adaptive_shard_00007.pt:60,clean,oracle,22.413175692813812,13.852766990661621,14.165827751159668,nan,nan,22.024820505292737,18.359899520874023,17.730295181274414,-0.3883551875210749,4.507132530212402,3.564467430114746
adaptive_shard_00007.pt:61,light,zero,19.93593364437059,15.702777862548828,18.614656448364258,nan,nan,19.76705208182053,19.227270126342773,19.35704803466797,-0.16888156255005882,3.5244922637939453,0.7423915863037109
adaptive_shard_00007.pt:61,light,shuffled,19.93593364437059,15.702777862548828,18.614656448364258,nan,nan,19.766441139349535,19.066883087158203,19.14013671875,-0.16949250502105428,3.364105224609375,0.5254802703857422
adaptive_shard_00007.pt:61,light,predicted,19.93593364437059,15.702777862548828,18.614656448364258,nan,nan,19.78143673194468,19.079599380493164,19.247650146484375,-0.15449691242590902,3.376821517944336,0.6329936981201172
adaptive_shard_00007.pt:61,light,oracle,19.93593364437059,15.702777862548828,18.614656448364258,nan,nan,19.783979764927878,19.05669403076172,19.241413116455078,-0.15195387944271133,3.3539161682128906,0.6267566680908203
adaptive_shard_00007.pt:62,medium,zero,17.51858009272833,12.805220603942871,14.422791481018066,nan,nan,17.40911172532349,20.468280792236328,21.045896530151367,-0.10946836740484045,7.663060188293457,6.623105049133301
adaptive_shard_00007.pt:62,medium,shuffled,17.51858009272833,12.805220603942871,14.422791481018066,nan,nan,17.393291188370377,20.53154754638672,21.021272659301758,-0.12528890435795503,7.726326942443848,6.598481178283691
adaptive_shard_00007.pt:62,medium,predicted,17.51858009272833,12.805220603942871,14.422791481018066,nan,nan,17.39609889243913,20.5003662109375,20.964990615844727,-0.12248120028920084,7.695145606994629,6.54219913482666
adaptive_shard_00007.pt:62,medium,oracle,17.51858009272833,12.805220603942871,14.422791481018066,nan,nan,17.405739603636693,20.44676971435547,20.988134384155273,-0.11284048909163857,7.641549110412598,6.565342903137207
adaptive_shard_00007.pt:63,heavy,zero,15.863556372312935,13.167413711547852,14.178698539733887,nan,nan,15.792393009713887,20.471189498901367,20.73948860168457,-0.07116336259904799,7.303775787353516,6.560790061950684
adaptive_shard_00007.pt:63,heavy,shuffled,15.863556372312935,13.167413711547852,14.178698539733887,nan,nan,15.781649231201918,20.53384017944336,20.712926864624023,-0.08190714111101727,7.366426467895508,6.534228324890137
adaptive_shard_00007.pt:63,heavy,predicted,15.863556372312935,13.167413711547852,14.178698539733887,nan,nan,15.7921735411154,20.327505111694336,20.545196533203125,-0.07138283119753552,7.160091400146484,6.366497993469238
adaptive_shard_00007.pt:63,heavy,oracle,15.863556372312935,13.167413711547852,14.178698539733887,nan,nan,15.792065082934814,20.328004837036133,20.54359245300293,-0.07149128937812144,7.160591125488281,6.364893913269043
adaptive_shard_00007.pt:124,clean,zero,13.231152040454557,11.271974563598633,11.104032516479492,nan,nan,13.179770112933365,20.93744659423828,21.103294372558594,-0.05138192752119153,9.665472030639648,9.999261856079102
adaptive_shard_00007.pt:124,clean,shuffled,13.231152040454557,11.271974563598633,11.104032516479492,nan,nan,13.178241841411698,20.88640785217285,21.001623153686523,-0.05291019904285932,9.614433288574219,9.897590637207031
adaptive_shard_00007.pt:124,clean,predicted,13.231152040454557,11.271974563598633,11.104032516479492,nan,nan,13.171344814936838,20.9518985748291,20.982385635375977,-0.05980722551771933,9.679924011230469,9.878353118896484
adaptive_shard_00007.pt:124,clean,oracle,13.231152040454557,11.271974563598633,11.104032516479492,nan,nan,13.172636449899358,20.97960090637207,21.062650680541992,-0.05851559055519928,9.707626342773438,9.9586181640625
adaptive_shard_00007.pt:125,light,zero,13.632855194735175,12.997060775756836,12.518278121948242,nan,nan,13.581977250375793,20.665040969848633,20.634550094604492,-0.050877944359381644,7.667980194091797,8.11627197265625
adaptive_shard_00007.pt:125,light,shuffled,13.632855194735175,12.997060775756836,12.518278121948242,nan,nan,13.581305981619899,20.71901512145996,20.66211700439453,-0.05154921311527616,7.721954345703125,8.143838882446289
adaptive_shard_00007.pt:125,light,predicted,13.632855194735175,12.997060775756836,12.518278121948242,nan,nan,13.58098412804524,20.717912673950195,20.644245147705078,-0.051871066689935574,7.720851898193359,8.125967025756836
adaptive_shard_00007.pt:125,light,oracle,13.632855194735175,12.997060775756836,12.518278121948242,nan,nan,13.581305981619899,20.71901512145996,20.66211700439453,-0.05154921311527616,7.721954345703125,8.143838882446289
adaptive_shard_00007.pt:126,medium,zero,13.539257560240657,12.759236335754395,12.110578536987305,nan,nan,13.490394813542911,20.361473083496094,20.359825134277344,-0.04886274669774515,7.602236747741699,8.249246597290039
adaptive_shard_00007.pt:126,medium,shuffled,13.539257560240657,12.759236335754395,12.110578536987305,nan,nan,13.483991546245704,20.377317428588867,20.223125457763672,-0.055266013994952345,7.618081092834473,8.112546920776367
adaptive_shard_00007.pt:126,medium,predicted,13.539257560240657,12.759236335754395,12.110578536987305,nan,nan,13.484934594999736,20.346067428588867,20.230525970458984,-0.05432296524092095,7.586831092834473,8.11994743347168
adaptive_shard_00007.pt:126,medium,oracle,13.539257560240657,12.759236335754395,12.110578536987305,nan,nan,13.483991546245704,20.377317428588867,20.223125457763672,-0.055266013994952345,7.618081092834473,8.112546920776367
adaptive_shard_00007.pt:127,heavy,zero,11.64313783233139,15.473194122314453,15.873422622680664,nan,nan,11.622942031371313,20.257404327392578,20.703981399536133,-0.020195800960078003,4.784210205078125,4.830558776855469
adaptive_shard_00007.pt:127,heavy,shuffled,11.64313783233139,15.473194122314453,15.873422622680664,nan,nan,11.625498940460243,20.122121810913086,20.596799850463867,-0.017638891871147422,4.648927688598633,4.723377227783203
adaptive_shard_00007.pt:127,heavy,predicted,11.64313783233139,15.473194122314453,15.873422622680664,nan,nan,11.622919335153476,20.09598159790039,20.471843719482422,-0.020218497177914685,4.6227874755859375,4.598421096801758
adaptive_shard_00007.pt:127,heavy,oracle,11.64313783233139,15.473194122314453,15.873422622680664,nan,nan,11.622989851668244,20.095951080322266,20.475065231323242,-0.020147980663146825,4.6227569580078125,4.601642608642578
adaptive_shard_00008.pt:4,clean,zero,21.951502097344743,13.068406105041504,13.20580005645752,nan,nan,21.620716260217826,16.38717269897461,16.282894134521484,-0.33078583712691767,3.3187665939331055,3.077094078063965
adaptive_shard_00008.pt:4,clean,shuffled,21.951502097344743,13.068406105041504,13.20580005645752,nan,nan,21.622164677822138,16.17911148071289,15.997757911682129,-0.32933741952260576,3.1107053756713867,2.7919578552246094
adaptive_shard_00008.pt:4,clean,predicted,21.951502097344743,13.068406105041504,13.20580005645752,nan,nan,21.57049853324704,16.40833854675293,16.16043472290039,-0.3810035640977034,3.339932441711426,2.954634666442871
adaptive_shard_00008.pt:4,clean,oracle,21.951502097344743,13.068406105041504,13.20580005645752,nan,nan,21.578058518017077,16.43930435180664,16.245908737182617,-0.3734435793276667,3.3708982467651367,3.0401086807250977
adaptive_shard_00008.pt:5,light,zero,19.304593450750648,17.21479606628418,20.787498474121094,nan,nan,19.1192649924859,17.061677932739258,17.439285278320312,-0.18532845826474897,-0.15311813354492188,-3.3482131958007812
adaptive_shard_00008.pt:5,light,shuffled,19.304593450750648,17.21479606628418,20.787498474121094,nan,nan,19.119600211005565,16.8878116607666,17.203807830810547,-0.18499323974508286,-0.3269844055175781,-3.583690643310547
adaptive_shard_00008.pt:5,light,predicted,19.304593450750648,17.21479606628418,20.787498474121094,nan,nan,19.13514954584286,16.90755844116211,17.32074737548828,-0.16944390490778716,-0.3072376251220703,-3.4667510986328125
adaptive_shard_00008.pt:5,light,oracle,19.304593450750648,17.21479606628418,20.787498474121094,nan,nan,19.13562447231756,16.902843475341797,17.324670791625977,-0.16896897843308878,-0.3119525909423828,-3.462827682495117
adaptive_shard_00008.pt:6,medium,zero,14.49573545554576,13.083061218261719,14.55545425415039,nan,nan,14.449540825850299,18.669225692749023,19.407773971557617,-0.046194629695460065,5.586164474487305,4.852319717407227
adaptive_shard_00008.pt:6,medium,shuffled,14.49573545554576,13.083061218261719,14.55545425415039,nan,nan,14.449773181321117,18.53963279724121,19.235755920410156,-0.045962274224642385,5.456571578979492,4.680301666259766
adaptive_shard_00008.pt:6,medium,predicted,14.49573545554576,13.083061218261719,14.55545425415039,nan,nan,14.443511132952908,18.684335708618164,19.31344223022461,-0.052224322592850925,5.601274490356445,4.757987976074219
adaptive_shard_00008.pt:6,medium,oracle,14.49573545554576,13.083061218261719,14.55545425415039,nan,nan,14.44815621368987,18.643531799316406,19.35065269470215,-0.04757924185588891,5.5604705810546875,4.795198440551758
adaptive_shard_00008.pt:7,heavy,zero,11.951123668765256,13.020365715026855,13.583643913269043,nan,nan,11.938168748248616,18.9588680267334,19.34416389465332,-0.01295492051663949,5.938502311706543,5.760519981384277
adaptive_shard_00008.pt:7,heavy,shuffled,11.951123668765256,13.020365715026855,13.583643913269043,nan,nan,11.934664191770711,19.00440216064453,19.315380096435547,-0.01645947699454453,5.984036445617676,5.731736183166504
adaptive_shard_00008.pt:7,heavy,predicted,11.951123668765256,13.020365715026855,13.583643913269043,nan,nan,11.938069862328318,18.80982208251953,19.13615608215332,-0.013053806436937876,5.789456367492676,5.552512168884277
adaptive_shard_00008.pt:7,heavy,oracle,11.951123668765256,13.020365715026855,13.583643913269043,nan,nan,11.93818782042295,18.80899429321289,19.141468048095703,-0.012935848342305434,5.788628578186035,5.55782413482666
adaptive_shard_00008.pt:40,clean,zero,20.360085979914725,11.540376663208008,12.134389877319336,nan,nan,20.116508551266218,15.115400314331055,15.230039596557617,-0.24357742864850707,3.575023651123047,3.0956497192382812
adaptive_shard_00008.pt:40,clean,shuffled,20.360085979914725,11.540376663208008,12.134389877319336,nan,nan,20.08283736316605,15.162864685058594,15.1893310546875,-0.2772486167486754,3.622488021850586,3.054941177368164
adaptive_shard_00008.pt:40,clean,predicted,20.360085979914725,11.540376663208008,12.134389877319336,nan,nan,20.07688339953264,15.13248062133789,15.105224609375,-0.2832025803820848,3.592103958129883,2.970834732055664
adaptive_shard_00008.pt:40,clean,oracle,20.360085979914725,11.540376663208008,12.134389877319336,nan,nan,20.08283736316605,15.162864685058594,15.1893310546875,-0.2772486167486754,3.622488021850586,3.054941177368164
adaptive_shard_00008.pt:41,light,zero,17.779559030485295,16.409847259521484,18.600841522216797,nan,nan,17.650600627526746,17.122129440307617,18.37657356262207,-0.1289584029585491,0.7122821807861328,-0.22426795959472656
adaptive_shard_00008.pt:41,light,shuffled,17.779559030485295,16.409847259521484,18.600841522216797,nan,nan,17.64888578927714,17.200992584228516,18.436609268188477,-0.1306732412081537,0.7911453247070312,-0.1642322540283203
adaptive_shard_00008.pt:41,light,predicted,17.779559030485295,16.409847259521484,18.600841522216797,nan,nan,17.64859669251284,17.21179962158203,18.439743041992188,-0.1309623379724556,0.8019523620605469,-0.16109848022460938
adaptive_shard_00008.pt:41,light,oracle,17.779559030485295,16.409847259521484,18.600841522216797,nan,nan,17.64888578927714,17.200992584228516,18.436609268188477,-0.1306732412081537,0.7911453247070312,-0.1642322540283203
adaptive_shard_00008.pt:42,medium,zero,17.401625712610922,13.654346466064453,14.83073902130127,nan,nan,17.279061540458873,18.39165496826172,19.69448471069336,-0.12256417215204962,4.737308502197266,4.86374568939209
adaptive_shard_00008.pt:42,medium,shuffled,17.401625712610922,13.654346466064453,14.83073902130127,nan,nan,17.27547970244806,18.367061614990234,19.642602920532227,-0.12614601016286286,4.712715148925781,4.811863899230957
adaptive_shard_00008.pt:42,medium,predicted,17.401625712610922,13.654346466064453,14.83073902130127,nan,nan,17.264530350590775,18.41326141357422,19.626230239868164,-0.1370953620201476,4.758914947509766,4.7954912185668945
adaptive_shard_00008.pt:42,medium,oracle,17.401625712610922,13.654346466064453,14.83073902130127,nan,nan,17.27547970244806,18.367061614990234,19.642602920532227,-0.12614601016286286,4.712715148925781,4.811863899230957
adaptive_shard_00008.pt:43,heavy,zero,14.876010494381063,12.897345542907715,13.468387603759766,nan,nan,14.842117576183796,18.621475219726562,19.5639705657959,-0.03389291819726736,5.724129676818848,6.095582962036133
adaptive_shard_00008.pt:43,heavy,shuffled,14.876010494381063,12.897345542907715,13.468387603759766,nan,nan,14.847119523910736,18.491682052612305,19.47420883178711,-0.02889097047032685,5.59433650970459,6.005821228027344
adaptive_shard_00008.pt:43,heavy,predicted,14.876010494381063,12.897345542907715,13.468387603759766,nan,nan,14.842033198520612,18.475797653198242,19.378812789916992,-0.03397729586045095,5.578452110290527,5.910425186157227
adaptive_shard_00008.pt:43,heavy,oracle,14.876010494381063,12.897345542907715,13.468387603759766,nan,nan,14.842124539568909,18.475439071655273,19.380231857299805,-0.033885954812154395,5.578093528747559,5.911844253540039
adaptive_shard_00008.pt:72,clean,zero,14.872306596156788,12.398847579956055,12.678567886352539,nan,nan,14.784427409776805,17.022886276245117,17.286108016967773,-0.0878791863799826,4.6240386962890625,4.607540130615234
adaptive_shard_00008.pt:72,clean,shuffled,14.872306596156788,12.398847579956055,12.678567886352539,nan,nan,14.783409890566473,17.074920654296875,17.30430030822754,-0.08889670559031515,4.67607307434082,4.625732421875
adaptive_shard_00008.pt:72,clean,predicted,14.872306596156788,12.398847579956055,12.678567886352539,nan,nan,14.771206512675587,17.055217742919922,17.15082550048828,-0.10110008348120125,4.656370162963867,4.472257614135742
adaptive_shard_00008.pt:72,clean,oracle,14.872306596156788,12.398847579956055,12.678567886352539,nan,nan,14.773215852312397,17.08711051940918,17.245012283325195,-0.09909074384439087,4.688262939453125,4.566444396972656
adaptive_shard_00008.pt:73,light,zero,14.738725983082958,13.848379135131836,14.807418823242188,nan,nan,14.661598930413186,17.314651489257812,17.83494758605957,-0.0771270526697716,3.4662723541259766,3.027528762817383
adaptive_shard_00008.pt:73,light,shuffled,14.738725983082958,13.848379135131836,14.807418823242188,nan,nan,14.659627125111275,17.271053314208984,17.745662689208984,-0.07909885797168315,3.4226741790771484,2.938243865966797
adaptive_shard_00008.pt:73,light,predicted,14.738725983082958,13.848379135131836,14.807418823242188,nan,nan,14.660233019591718,17.36057472229004,17.831815719604492,-0.07849296349123946,3.512195587158203,3.0243968963623047
adaptive_shard_00008.pt:73,light,oracle,14.738725983082958,13.848379135131836,14.807418823242188,nan,nan,14.660619041873463,17.370595932006836,17.860523223876953,-0.07810694120949435,3.522216796875,3.0531044006347656
adaptive_shard_00008.pt:74,medium,zero,13.776763529870678,11.394094467163086,11.921064376831055,nan,nan,13.723104015207849,17.710845947265625,18.344837188720703,-0.053659514662829366,6.316751480102539,6.423772811889648
adaptive_shard_00008.pt:74,medium,shuffled,13.776763529870678,11.394094467163086,11.921064376831055,nan,nan,13.715343534600496,17.770965576171875,18.308874130249023,-0.061419995270181715,6.376871109008789,6.387809753417969
adaptive_shard_00008.pt:74,medium,predicted,13.776763529870678,11.394094467163086,11.921064376831055,nan,nan,13.716623765616127,17.709514617919922,18.205448150634766,-0.0601397642545507,6.315420150756836,6.284383773803711
adaptive_shard_00008.pt:74,medium,oracle,13.776763529870678,11.394094467163086,11.921064376831055,nan,nan,13.721594072418595,17.669416427612305,18.258337020874023,-0.05516945745208268,6.275321960449219,6.337272644042969
adaptive_shard_00008.pt:75,heavy,zero,12.656645110609244,11.383635520935059,11.935969352722168,nan,nan,12.607656076540223,17.852575302124023,18.448246002197266,-0.04898903406902022,6.468939781188965,6.512276649475098
adaptive_shard_00008.pt:75,heavy,shuffled,12.656645110609244,11.383635520935059,11.935969352722168,nan,nan,12.606364507360674,17.813949584960938,18.365766525268555,-0.05028060324857009,6.430314064025879,6.429797172546387
adaptive_shard_00008.pt:75,heavy,predicted,12.656645110609244,11.383635520935059,11.935969352722168,nan,nan,12.607638652750667,17.677867889404297,18.200265884399414,-0.04900645785857627,6.294232368469238,6.264296531677246
adaptive_shard_00008.pt:75,heavy,oracle,12.656645110609244,11.383635520935059,11.935969352722168,nan,nan,12.607664508511183,17.677738189697266,18.200942993164062,-0.048980602098060544,6.294102668762207,6.2649736404418945
adaptive_shard_00009.pt:12,clean,zero,30.79764202997614,10.971083641052246,11.458223342895508,nan,nan,28.600015581727227,14.303668975830078,15.01305866241455,-2.1976264482489114,3.332585334777832,3.554835319519043
adaptive_shard_00009.pt:12,clean,shuffled,30.79764202997614,10.971083641052246,11.458223342895508,nan,nan,28.577366125869478,14.333701133728027,15.012791633605957,-2.2202759041066606,3.3626174926757812,3.554568290710449
adaptive_shard_00009.pt:12,clean,predicted,30.79764202997614,10.971083641052246,11.458223342895508,nan,nan,28.33500890203213,14.318289756774902,14.895853042602539,-2.4626331279440095,3.3472061157226562,3.4376296997070312
adaptive_shard_00009.pt:12,clean,oracle,30.79764202997614,10.971083641052246,11.458223342895508,nan,nan,28.374837348124217,14.35421085357666,14.983723640441895,-2.4228046818519218,3.383127212524414,3.5255002975463867
adaptive_shard_00009.pt:13,light,zero,26.381991769945977,15.158019065856934,16.925535202026367,nan,nan,25.468900203256716,15.711837768554688,17.317127227783203,-0.9130915666892605,0.5538187026977539,0.39159202575683594
adaptive_shard_00009.pt:13,light,shuffled,26.381991769945977,15.158019065856934,16.925535202026367,nan,nan,25.44606505764643,15.682411193847656,17.250263214111328,-0.9359267122995476,0.5243921279907227,0.32472801208496094
adaptive_shard_00009.pt:13,light,predicted,26.381991769945977,15.158019065856934,16.925535202026367,nan,nan,25.45599403165471,15.756485939025879,17.33217430114746,-0.9259977382912652,0.5984668731689453,0.40663909912109375
adaptive_shard_00009.pt:13,light,oracle,26.381991769945977,15.158019065856934,16.925535202026367,nan,nan,25.457932374665116,15.755484580993652,17.340618133544922,-0.9240593952808602,0.5974655151367188,0.4150829315185547
adaptive_shard_00009.pt:14,medium,zero,15.564347875751029,15.11462116241455,16.427936553955078,nan,nan,15.485278037730406,17.88785743713379,19.706132888793945,-0.07906983802062229,2.7732362747192383,3.278196334838867
adaptive_shard_00009.pt:14,medium,shuffled,15.564347875751029,15.11462116241455,16.427936553955078,nan,nan,15.485182041660206,17.79872703552246,19.57162094116211,-0.07916583409082278,2.68410587310791,3.1436843872070312
adaptive_shard_00009.pt:14,medium,predicted,15.564347875751029,15.11462116241455,16.427936553955078,nan,nan,15.475558153533784,17.888851165771484,19.607664108276367,-0.08878972221724446,2.7742300033569336,3.179727554321289
adaptive_shard_00009.pt:14,medium,oracle,15.564347875751029,15.11462116241455,16.427936553955078,nan,nan,15.482980195315918,17.87123680114746,19.660402297973633,-0.08136768043511111,2.75661563873291,3.2324657440185547
adaptive_shard_00009.pt:15,heavy,zero,14.01013360010202,14.321158409118652,15.004568099975586,nan,nan,13.940318517044952,18.204179763793945,19.560205459594727,-0.06981508305706718,3.883021354675293,4.555637359619141
adaptive_shard_00009.pt:15,heavy,shuffled,14.01013360010202,14.321158409118652,15.004568099975586,nan,nan,13.93841003734082,18.18070411682129,19.50406837463379,-0.07172356276119984,3.8595457077026367,4.499500274658203
adaptive_shard_00009.pt:15,heavy,predicted,14.01013360010202,14.321158409118652,15.004568099975586,nan,nan,13.9401711132669,18.101539611816406,19.411771774291992,-0.06996248683512007,3.780381202697754,4.407203674316406
adaptive_shard_00009.pt:15,heavy,oracle,14.01013360010202,14.321158409118652,15.004568099975586,nan,nan,13.9401899131164,18.101593017578125,19.412155151367188,-0.06994368698561892,3.7804346084594727,4.407587051391602
adaptive_shard_00009.pt:16,clean,zero,21.310355518163533,11.378710746765137,11.780308723449707,nan,nan,21.0259563919415,18.295352935791016,18.9294376373291,-0.2843991262220342,6.916642189025879,7.1491289138793945
adaptive_shard_00009.pt:16,clean,shuffled,21.310355518163533,11.378710746765137,11.780308723449707,nan,nan,21.02522180409903,18.05573081970215,18.589292526245117,-0.2851337140645036,6.677020072937012,6.80898380279541
adaptive_shard_00009.pt:16,clean,predicted,21.310355518163533,11.378710746765137,11.780308723449707,nan,nan,20.98422315519052,18.307403564453125,18.78823471069336,-0.32613236297301285,6.928692817687988,7.007925987243652
adaptive_shard_00009.pt:16,clean,oracle,21.310355518163533,11.378710746765137,11.780308723449707,nan,nan,20.99056150079064,18.345966339111328,18.887622833251953,-0.31979401737289237,6.967255592346191,7.107314109802246
adaptive_shard_00009.pt:17,light,zero,21.664795599423922,12.93472671508789,14.79776668548584,nan,nan,21.35802457298758,18.538938522338867,19.371641159057617,-0.3067710264363406,5.604211807250977,4.573874473571777
adaptive_shard_00009.pt:17,light,shuffled,21.664795599423922,12.93472671508789,14.79776668548584,nan,nan,21.35749065667096,18.310916900634766,19.049896240234375,-0.3073049427529604,5.376190185546875,4.252129554748535
adaptive_shard_00009.pt:17,light,predicted,21.664795599423922,12.93472671508789,14.79776668548584,nan,nan,21.382903072143176,18.356666564941406,19.2175350189209,-0.2818925272807462,5.421939849853516,4.419768333435059
adaptive_shard_00009.pt:17,light,oracle,21.664795599423922,12.93472671508789,14.79776668548584,nan,nan,21.383369033533143,18.35572052001953,19.22719955444336,-0.2814265658907793,5.420993804931641,4.4294328689575195
adaptive_shard_00009.pt:18,medium,zero,21.50082303971084,12.798457145690918,12.808996200561523,nan,nan,21.194437233526212,19.311811447143555,20.267066955566406,-0.30638580618462896,6.513354301452637,7.458070755004883
adaptive_shard_00009.pt:18,medium,shuffled,21.50082303971084,12.798457145690918,12.808996200561523,nan,nan,21.194348253514995,19.11472511291504,19.989757537841797,-0.3064747861958459,6.316267967224121,7.180761337280273
adaptive_shard_00009.pt:18,medium,predicted,21.50082303971084,12.798457145690918,12.808996200561523,nan,nan,21.16168208438988,19.290260314941406,20.103466033935547,-0.33914095532096056,6.491803169250488,7.294469833374023
adaptive_shard_00009.pt:18,medium,oracle,21.50082303971084,12.798457145690918,12.808996200561523,nan,nan,21.18630834617516,19.262725830078125,20.168088912963867,-0.3145146935356813,6.464268684387207,7.359092712402344
adaptive_shard_00009.pt:19,heavy,zero,17.17757147403866,13.294356346130371,13.319437026977539,nan,nan,17.0452310909942,19.600313186645508,20.29269027709961,-0.13234038304446116,6.305956840515137,6.97325325012207
adaptive_shard_00009.pt:19,heavy,shuffled,17.17757147403866,13.294356346130371,13.319437026977539,nan,nan,17.02964055907183,19.64317512512207,20.25606918334961,-0.14793091496683175,6.348818778991699,6.93663215637207
adaptive_shard_00009.pt:19,heavy,predicted,17.17757147403866,13.294356346130371,13.319437026977539,nan,nan,17.044976587474167,19.403120040893555,20.008445739746094,-0.13259488656449392,6.108763694763184,6.689008712768555
adaptive_shard_00009.pt:19,heavy,oracle,17.17757147403866,13.294356346130371,13.319437026977539,nan,nan,17.04498464247695,19.403120040893555,20.008546829223633,-0.13258683156171003,6.108763694763184,6.689109802246094
adaptive_shard_00009.pt:32,clean,zero,21.876440730549064,11.697347640991211,11.856528282165527,nan,nan,21.496985698719214,15.070549011230469,15.372110366821289,-0.3794550318298491,3.373201370239258,3.5155820846557617
adaptive_shard_00009.pt:32,clean,shuffled,21.876440730549064,11.697347640991211,11.856528282165527,nan,nan,21.450338000712126,15.108499526977539,15.334806442260742,-0.42610272983693775,3.411151885986328,3.478278160095215
adaptive_shard_00009.pt:32,clean,predicted,21.876440730549064,11.697347640991211,11.856528282165527,nan,nan,21.44207525825187,15.08257007598877,15.263612747192383,-0.4343654722971948,3.3852224349975586,3.4070844650268555
adaptive_shard_00009.pt:32,clean,oracle,21.876440730549064,11.697347640991211,11.856528282165527,nan,nan,21.450338000712126,15.108499526977539,15.334806442260742,-0.42610272983693775,3.411151885986328,3.478278160095215
adaptive_shard_00009.pt:33,light,zero,17.121689994044477,15.420896530151367,18.59652328491211,nan,nan,17.047074725540188,16.73249626159668,18.02486801147461,-0.07461526850428868,1.3115997314453125,-0.5716552734375
adaptive_shard_00009.pt:33,light,shuffled,17.121689994044477,15.420896530151367,18.59652328491211,nan,nan,17.04783866990747,16.580720901489258,17.816062927246094,-0.07385132413700646,1.1598243713378906,-0.7804603576660156
adaptive_shard_00009.pt:33,light,predicted,17.121689994044477,15.420896530151367,18.59652328491211,nan,nan,17.053289078162003,16.62093734741211,17.92375946044922,-0.06840091588247432,1.2000408172607422,-0.6727638244628906
adaptive_shard_00009.pt:33,light,oracle,17.121689994044477,15.420896530151367,18.59652328491211,nan,nan,17.05573190970835,16.588773727416992,17.913068771362305,-0.0659580843361276,1.167877197265625,-0.6834545135498047
adaptive_shard_00009.pt:34,medium,zero,11.912948475642091,13.480829238891602,15.506587028503418,nan,nan,11.879481238292428,18.109619140625,19.92299461364746,-0.03346723734966339,4.628789901733398,4.416407585144043
adaptive_shard_00009.pt:34,medium,shuffled,11.912948475642091,13.480829238891602,15.506587028503418,nan,nan,11.874724883559605,18.15082550048828,19.8956356048584,-0.03822359208248649,4.66999626159668,4.3890485763549805
adaptive_shard_00009.pt:34,medium,predicted,11.912948475642091,13.480829238891602,15.506587028503418,nan,nan,11.8754706998348,18.11455726623535,19.827661514282227,-0.03747777580729128,4.63372802734375,4.321074485778809
adaptive_shard_00009.pt:34,medium,oracle,11.912948475642091,13.480829238891602,15.506587028503418,nan,nan,11.878463717287513,18.079307556152344,19.854543685913086,-0.034484758354578204,4.598478317260742,4.347956657409668
adaptive_shard_00009.pt:35,heavy,zero,11.180420984001165,14.432536125183105,16.024585723876953,nan,nan,11.153661700814556,18.435049057006836,19.803913116455078,-0.026759283186608585,4.0025129318237305,3.779327392578125
adaptive_shard_00009.pt:35,heavy,shuffled,11.180420984001165,14.432536125183105,16.024585723876953,nan,nan,11.156326841330808,18.33363914489746,19.728408813476562,-0.024094142670357144,3.9011030197143555,3.7038230895996094
adaptive_shard_00009.pt:35,heavy,predicted,11.180420984001165,14.432536125183105,16.024585723876953,nan,nan,11.153896239510397,18.31439971923828,19.62417221069336,-0.026524744490767915,3.881863594055176,3.5995864868164062
adaptive_shard_00009.pt:35,heavy,oracle,11.180420984001165,14.432536125183105,16.024585723876953,nan,nan,11.15384306231116,18.314472198486328,19.622329711914062,-0.026577921690003947,3.8819360733032227,3.5977439880371094
adaptive_shard_00009.pt:40,clean,zero,20.17019237499464,9.899765014648438,9.931123733520508,nan,nan,19.96126042893376,15.575390815734863,15.278578758239746,-0.20893194606088272,5.675625801086426,5.347455024719238
adaptive_shard_00009.pt:40,clean,shuffled,20.17019237499464,9.899765014648438,9.931123733520508,nan,nan,19.960965915617738,15.405261039733887,15.037392616271973,-0.20922645937690376,5.505496025085449,5.106268882751465
adaptive_shard_00009.pt:40,clean,predicted,20.17019237499464,9.899765014648438,9.931123733520508,nan,nan,19.927894267025238,15.61001968383789,15.178373336791992,-0.242298107969404,5.710254669189453,5.247249603271484
adaptive_shard_00009.pt:40,clean,oracle,20.17019237499464,9.899765014648438,9.931123733520508,nan,nan,19.932924387133845,15.632497787475586,15.24976634979248,-0.23726798786079684,5.732732772827148,5.318642616271973
adaptive_shard_00009.pt:41,light,zero,12.58000418652168,14.749692916870117,16.98531723022461,nan,nan,12.54232071027988,18.131942749023438,19.593387603759766,-0.03768347624180102,3.3822498321533203,2.6080703735351562
adaptive_shard_00009.pt:41,light,shuffled,12.58000418652168,14.749692916870117,16.98531723022461,nan,nan,12.545893498575388,18.002647399902344,19.514158248901367,-0.03411068794629202,3.2529544830322266,2.528841018676758
adaptive_shard_00009.pt:41,light,predicted,12.58000418652168,14.749692916870117,16.98531723022461,nan,nan,12.541615358177458,18.20248031616211,19.636266708374023,-0.03838882834422286,3.452787399291992,2.650949478149414
adaptive_shard_00009.pt:41,light,oracle,12.58000418652168,14.749692916870117,16.98531723022461,nan,nan,12.541788776535546,18.19404411315918,19.63637351989746,-0.03821540998613493,3.4443511962890625,2.6510562896728516
adaptive_shard_00009.pt:42,medium,zero,11.554673303932866,15.255610466003418,17.29618263244629,nan,nan,11.531703420645645,19.538972854614258,21.337482452392578,-0.022969883287220938,4.28336238861084,4.041299819946289
adaptive_shard_00009.pt:42,medium,shuffled,11.554673303932866,15.255610466003418,17.29618263244629,nan,nan,11.531282724569872,19.577314376831055,21.347970962524414,-0.023390579362994046,4.321703910827637,4.051788330078125
adaptive_shard_00009.pt:42,medium,predicted,11.554673303932866,15.255610466003418,17.29618263244629,nan,nan,11.528648382711907,19.57685089111328,21.289813995361328,-0.026024921220958674,4.321240425109863,3.993631362915039
adaptive_shard_00009.pt:42,medium,oracle,11.554673303932866,15.255610466003418,17.29618263244629,nan,nan,11.528383516037852,19.59918975830078,21.288679122924805,-0.02628978789501346,4.343579292297363,3.9924964904785156
adaptive_shard_00009.pt:43,heavy,zero,10.936382035010286,15.17151165008545,16.453716278076172,nan,nan,10.917458444681962,19.500192642211914,20.888229370117188,-0.018923590328324025,4.328680992126465,4.434513092041016
adaptive_shard_00009.pt:43,heavy,shuffled,10.936382035010286,15.17151165008545,16.453716278076172,nan,nan,10.914242628694417,19.550783157348633,20.87535285949707,-0.02213940631586908,4.379271507263184,4.421636581420898
adaptive_shard_00009.pt:43,heavy,predicted,10.936382035010286,15.17151165008545,16.453716278076172,nan,nan,10.917483320890206,19.398094177246094,20.75090217590332,-0.018898714120080484,4.2265825271606445,4.297185897827148
adaptive_shard_00009.pt:43,heavy,oracle,10.936382035010286,15.17151165008545,16.453716278076172,nan,nan,10.917490385000288,19.397991180419922,20.751129150390625,-0.018891650009997818,4.226479530334473,4.297412872314453
adaptive_shard_00009.pt:80,clean,zero,20.853435328511157,13.693268775939941,13.807731628417969,nan,nan,20.551218425651577,17.294313430786133,18.12649154663086,-0.30221690285958047,3.6010446548461914,4.318759918212891
adaptive_shard_00009.pt:80,clean,shuffled,20.853435328511157,13.693268775939941,13.807731628417969,nan,nan,20.547766913648374,17.355192184448242,18.16914939880371,-0.30566841486278307,3.661923408508301,4.361417770385742
adaptive_shard_00009.pt:80,clean,predicted,20.853435328511157,13.693268775939941,13.807731628417969,nan,nan,20.507059702921605,17.29979705810547,18.005884170532227,-0.3463756255895518,3.6065282821655273,4.198152542114258
adaptive_shard_00009.pt:80,clean,oracle,20.853435328511157,13.693268775939941,13.807731628417969,nan,nan,20.513705856148086,17.327600479125977,18.080839157104492,-0.3397294723630715,3.634331703186035,4.273107528686523
adaptive_shard_00009.pt:81,light,zero,19.942793581178755,15.09400463104248,16.81667137145996,nan,nan,19.710512802032405,17.575511932373047,18.69368553161621,-0.23228077914635037,2.4815073013305664,1.87701416015625
adaptive_shard_00009.pt:81,light,shuffled,19.942793581178755,15.09400463104248,16.81667137145996,nan,nan,19.68255490184871,17.6389102935791,18.638864517211914,-0.26023867933004396,2.544905662536621,1.8221931457519531
adaptive_shard_00009.pt:81,light,predicted,19.942793581178755,15.09400463104248,16.81667137145996,nan,nan,19.713283279908392,17.509885787963867,18.60003089904785,-0.22951030127036276,2.4158811569213867,1.7833595275878906
adaptive_shard_00009.pt:81,light,oracle,19.942793581178755,15.09400463104248,16.81667137145996,nan,nan,19.730339404166763,17.413808822631836,18.557567596435547,-0.21245417701199187,2.3198041915893555,1.740896224975586
adaptive_shard_00009.pt:82,medium,zero,20.257087334742746,12.198431968688965,12.76048469543457,nan,nan,20.02936181782586,17.7883358001709,19.082252502441406,-0.22772551691688747,5.589903831481934,6.321767807006836
adaptive_shard_00009.pt:82,medium,shuffled,20.257087334742746,12.198431968688965,12.76048469543457,nan,nan,20.022564874472195,17.746240615844727,18.997413635253906,-0.23452246027055068,5.547808647155762,6.236928939819336
adaptive_shard_00009.pt:82,medium,predicted,20.257087334742746,12.198431968688965,12.76048469543457,nan,nan,20.003150816456234,17.785221099853516,18.96718978881836,-0.25393651828651187,5.586789131164551,6.206705093383789
adaptive_shard_00009.pt:82,medium,oracle,20.257087334742746,12.198431968688965,12.76048469543457,nan,nan,20.022531014348885,17.746109008789062,18.996776580810547,-0.23455632039386032,5.547677040100098,6.236291885375977
adaptive_shard_00009.pt:83,heavy,zero,15.500976005637463,13.399828910827637,14.204164505004883,nan,nan,15.380454137442426,18.069278717041016,19.32389259338379,-0.12052186819503774,4.669449806213379,5.119728088378906
adaptive_shard_00009.pt:83,heavy,shuffled,15.500976005637463,13.399828910827637,14.204164505004883,nan,nan,15.37746379043891,18.030580520629883,19.244766235351562,-0.12351221519855393,4.630751609802246,5.04060173034668
adaptive_shard_00009.pt:83,heavy,predicted,15.500976005637463,13.399828910827637,14.204164505004883,nan,nan,15.380372473145428,17.91280174255371,19.105030059814453,-0.12060353249203537,4.512972831726074,4.90086555480957
adaptive_shard_00009.pt:83,heavy,oracle,15.500976005637463,13.399828910827637,14.204164505004883,nan,nan,15.380414295266442,17.912771224975586,19.1054744720459,-0.12056171037102104,4.512942314147949,4.901309967041016
adaptive_shard_00009.pt:84,clean,zero,27.82189538759266,9.101568222045898,9.430968284606934,nan,nan,26.610945651535758,10.036511421203613,10.926795959472656,-1.2109497360569037,0.9349431991577148,1.4958276748657227
adaptive_shard_00009.pt:84,clean,shuffled,27.82189538759266,9.101568222045898,9.430968284606934,nan,nan,26.465286107953272,10.073423385620117,10.906599998474121,-1.3566092796393896,0.9718551635742188,1.4756317138671875
adaptive_shard_00009.pt:84,clean,predicted,27.82189538759266,9.101568222045898,9.430968284606934,nan,nan,26.438888805895818,10.045426368713379,10.836155891418457,-1.3830065816968435,0.9438581466674805,1.4051876068115234
adaptive_shard_00009.pt:84,clean,oracle,27.82189538759266,9.101568222045898,9.430968284606934,nan,nan,26.465286107953272,10.073423385620117,10.906599998474121,-1.3566092796393896,0.9718551635742188,1.4756317138671875
adaptive_shard_00009.pt:85,light,zero,21.635057596904325,13.968470573425293,16.950462341308594,nan,nan,21.313008898368786,11.75434398651123,13.665943145751953,-0.3220486985355393,-2.2141265869140625,-3.2845191955566406
adaptive_shard_00009.pt:85,light,shuffled,21.635057596904325,13.968470573425293,16.950462341308594,nan,nan,21.309051503542946,11.784469604492188,13.675063133239746,-0.32600609336137865,-2.1840009689331055,-3.2753992080688477
adaptive_shard_00009.pt:85,light,predicted,21.635057596904325,13.968470573425293,16.950462341308594,nan,nan,21.306692281589616,11.767431259155273,13.647753715515137,-0.32836531531470925,-2.2010393142700195,-3.302708625793457
adaptive_shard_00009.pt:85,light,oracle,21.635057596904325,13.968470573425293,16.950462341308594,nan,nan,21.309051503542946,11.784469604492188,13.675063133239746,-0.32600609336137865,-2.1840009689331055,-3.2753992080688477
adaptive_shard_00009.pt:86,medium,zero,20.473651356336152,13.717645645141602,16.287084579467773,nan,nan,20.23576981155657,14.153980255126953,15.996376991271973,-0.237881544779583,0.43633460998535156,-0.2907075881958008
adaptive_shard_00009.pt:86,medium,shuffled,20.473651356336152,13.717645645141602,16.287084579467773,nan,nan,20.202429408731142,14.193254470825195,16.002521514892578,-0.27122194760501017,0.47560882568359375,-0.2845630645751953
adaptive_shard_00009.pt:86,medium,predicted,20.473651356336152,13.717645645141602,16.287084579467773,nan,nan,20.2061717812219,14.168604850769043,15.951871871948242,-0.26747957511425113,0.4509592056274414,-0.33521270751953125
adaptive_shard_00009.pt:86,medium,oracle,20.473651356336152,13.717645645141602,16.287084579467773,nan,nan,20.2283790096034,14.152606010437012,15.981832504272461,-0.2452723467327509,0.43496036529541016,-0.3052520751953125
adaptive_shard_00009.pt:87,heavy,zero,16.632834920689106,13.161191940307617,14.756280899047852,nan,nan,16.529833396660827,14.900750160217285,16.122838973999023,-0.10300152402827933,1.739558219909668,1.3665580749511719
adaptive_shard_00009.pt:87,heavy,shuffled,16.632834920689106,13.161191940307617,14.756280899047852,nan,nan,16.529436905900937,14.871479034423828,16.094863891601562,-0.10339801478816923,1.710287094116211,1.338582992553711
adaptive_shard_00009.pt:87,heavy,predicted,16.632834920689106,13.161191940307617,14.756280899047852,nan,nan,16.529419333180016,14.871477127075195,16.094749450683594,-0.1034155875090903,1.7102851867675781,1.3384685516357422
adaptive_shard_00009.pt:87,heavy,oracle,16.632834920689106,13.161191940307617,14.756280899047852,nan,nan,16.529436905900937,14.871479034423828,16.094863891601562,-0.10339801478816923,1.710287094116211,1.338582992553711
adaptive_shard_00009.pt:88,clean,zero,18.277436863831834,7.462319374084473,7.8044610023498535,nan,nan,18.239267237455334,13.992460250854492,14.396120071411133,-0.03816962637650079,6.5301408767700195,6.591659069061279
adaptive_shard_00009.pt:88,clean,shuffled,18.277436863831834,7.462319374084473,7.8044610023498535,nan,nan,18.238225396851245,13.944413185119629,14.294300079345703,-0.039211466980589194,6.482093811035156,6.48983907699585
adaptive_shard_00009.pt:88,clean,predicted,18.277436863831834,7.462319374084473,7.8044610023498535,nan,nan,18.22960459538797,14.017390251159668,14.277643203735352,-0.0478322684438659,6.555070877075195,6.473182201385498
adaptive_shard_00009.pt:88,clean,oracle,18.277436863831834,7.462319374084473,7.8044610023498535,nan,nan,18.231250571906298,14.055391311645508,14.371514320373535,-0.04618629192553669,6.593071937561035,6.567053318023682
adaptive_shard_00009.pt:89,light,zero,18.16769548975722,11.814447402954102,14.427637100219727,nan,nan,18.09088228513773,15.815059661865234,17.559003829956055,-0.0768132046194907,4.000612258911133,3.131366729736328
adaptive_shard_00009.pt:89,light,shuffled,18.16769548975722,11.814447402954102,14.427637100219727,nan,nan,18.0999291986193,15.690185546875,17.474124908447266,-0.06776629113792154,3.8757381439208984,3.046487808227539
adaptive_shard_00009.pt:89,light,predicted,18.16769548975722,11.814447402954102,14.427637100219727,nan,nan,18.088536767993205,15.81666374206543,17.52120590209961,-0.07915872176401706,4.002216339111328,3.093568801879883
adaptive_shard_00009.pt:89,light,oracle,18.16769548975722,11.814447402954102,14.427637100219727,nan,nan,18.08822880277779,15.854843139648438,17.58213233947754,-0.07946668697942982,4.040395736694336,3.1544952392578125
adaptive_shard_00009.pt:90,medium,zero,10.795991891590422,14.916128158569336,17.9272403717041,nan,nan,10.814951211459007,17.804912567138672,19.976898193359375,0.018959319868585567,2.888784408569336,2.0496578216552734
adaptive_shard_00009.pt:90,medium,shuffled,10.795991891590422,14.916128158569336,17.9272403717041,nan,nan,10.815320548523658,17.85663414001465,19.96833610534668,0.019328656933236488,2.9405059814453125,2.041095733642578
adaptive_shard_00009.pt:90,medium,predicted,10.795991891590422,14.916128158569336,17.9272403717041,nan,nan,10.815179614237032,17.817527770996094,19.89547348022461,0.01918772264660973,2.901399612426758,1.9682331085205078
adaptive_shard_00009.pt:90,medium,oracle,10.795991891590422,14.916128158569336,17.9272403717041,nan,nan,10.814847292704465,17.826704025268555,19.88550567626953,0.018855401114043602,2.9105758666992188,1.9582653045654297
adaptive_shard_00009.pt:91,heavy,zero,5.648675287942419,15.326621055603027,17.012313842773438,nan,nan,5.686006504857362,18.38014030456543,20.043018341064453,0.0373312169149429,3.0535192489624023,3.0307044982910156
adaptive_shard_00009.pt:91,heavy,shuffled,5.648675287942419,15.326621055603027,17.012313842773438,nan,nan,5.6878707446366725,18.393404006958008,19.962261199951172,0.039195456694253394,3.0667829513549805,2.9499473571777344
adaptive_shard_00009.pt:91,heavy,predicted,5.648675287942419,15.326621055603027,17.012313842773438,nan,nan,5.68653751872184,18.302820205688477,19.924774169921875,0.03786223077942097,2.976199150085449,2.9124603271484375
adaptive_shard_00009.pt:91,heavy,oracle,5.648675287942419,15.326621055603027,17.012313842773438,nan,nan,5.686507631963549,18.302888870239258,19.926727294921875,0.03783234402112967,2.9762678146362305,2.9144134521484375
adaptive_shard_00010.pt:36,clean,zero,17.949487600764577,9.065902709960938,9.201974868774414,nan,nan,17.801352394460118,13.861881256103516,13.825902938842773,-0.14813520630445964,4.795978546142578,4.623928070068359
adaptive_shard_00010.pt:36,clean,shuffled,17.949487600764577,9.065902709960938,9.201974868774414,nan,nan,17.781985480585035,13.874780654907227,13.681587219238281,-0.1675021201795417,4.808877944946289,4.479612350463867
adaptive_shard_00010.pt:36,clean,predicted,17.949487600764577,9.065902709960938,9.201974868774414,nan,nan,17.776552524268496,13.8927640914917,13.732619285583496,-0.1729350764960813,4.826861381530762,4.530644416809082
adaptive_shard_00010.pt:36,clean,oracle,17.949487600764577,9.065902709960938,9.201974868774414,nan,nan,17.780524926072815,13.914544105529785,13.801020622253418,-0.16896267469176252,4.848641395568848,4.599045753479004
adaptive_shard_00010.pt:37,light,zero,15.078581292130977,14.19619369506836,16.257963180541992,nan,nan,15.008422090795436,15.947272300720215,17.335668563842773,-0.07015920133554054,1.7510786056518555,1.0777053833007812
adaptive_shard_00010.pt:37,light,shuffled,15.078581292130977,14.19619369506836,16.257963180541992,nan,nan,15.008493170071473,15.833499908447266,17.186235427856445,-0.07008812205950399,1.6373062133789062,0.9282722473144531
adaptive_shard_00010.pt:37,light,predicted,15.078581292130977,14.19619369506836,16.257963180541992,nan,nan,15.007041666365229,16.008636474609375,17.37059211730957,-0.07153962576574813,1.8124427795410156,1.1126289367675781
adaptive_shard_00010.pt:37,light,oracle,15.078581292130977,14.19619369506836,16.257963180541992,nan,nan,15.007393461424039,16.002365112304688,17.372974395751953,-0.07118783070693802,1.8061714172363281,1.115011215209961
adaptive_shard_00010.pt:38,medium,zero,14.783334450154442,15.014223098754883,17.079439163208008,nan,nan,14.713518908669496,17.266563415527344,19.100643157958984,-0.06981554148494595,2.252340316772461,2.0212039947509766
adaptive_shard_00010.pt:38,medium,shuffled,14.783334450154442,15.014223098754883,17.079439163208008,nan,nan,14.703434724021449,17.31709861755371,19.086671829223633,-0.07989972613299301,2.302875518798828,2.007232666015625
adaptive_shard_00010.pt:38,medium,predicted,14.783334450154442,15.014223098754883,17.079439163208008,nan,nan,14.705018400384047,17.296091079711914,19.042661666870117,-0.07831604977039497,2.2818679809570312,1.9632225036621094
adaptive_shard_00010.pt:38,medium,oracle,14.783334450154442,15.014223098754883,17.079439163208008,nan,nan,14.704133050670176,17.31941795349121,19.03862762451172,-0.07920139948426552,2.305194854736328,1.959188461303711
adaptive_shard_00010.pt:39,heavy,zero,12.974445025604135,13.993035316467285,15.101658821105957,nan,nan,12.934476380941426,17.129589080810547,18.416149139404297,-0.039968644662708996,3.1365537643432617,3.31449031829834
adaptive_shard_00010.pt:39,heavy,shuffled,12.974445025604135,13.993035316467285,15.101658821105957,nan,nan,12.93866973838618,17.030147552490234,18.359277725219727,-0.03577528721795531,3.037112236022949,3.2576189041137695
adaptive_shard_00010.pt:39,heavy,predicted,12.974445025604135,13.993035316467285,15.101658821105957,nan,nan,12.93443829239987,17.029661178588867,18.288114547729492,-0.04000673320426529,3.036625862121582,3.186455726623535
adaptive_shard_00010.pt:39,heavy,oracle,12.974445025604135,13.993035316467285,15.101658821105957,nan,nan,12.934440433403818,17.02964973449707,18.288150787353516,-0.040004592200316935,3.036614418029785,3.1864919662475586
adaptive_shard_00010.pt:40,clean,zero,17.863573683874897,9.518129348754883,9.791936874389648,nan,nan,17.719450772738604,18.798444747924805,19.391069412231445,-0.14412291113629294,9.280315399169922,9.599132537841797
adaptive_shard_00010.pt:40,clean,shuffled,17.863573683874897,9.518129348754883,9.791936874389648,nan,nan,17.70026035441956,18.845991134643555,19.350305557250977,-0.16331332945533816,9.327861785888672,9.558368682861328
adaptive_shard_00010.pt:40,clean,predicted,17.863573683874897,9.518129348754883,9.791936874389648,nan,nan,17.69684010301031,18.814674377441406,19.26416015625,-0.16673358086458734,9.296545028686523,9.472223281860352
adaptive_shard_00010.pt:40,clean,oracle,17.863573683874897,9.518129348754883,9.791936874389648,nan,nan,17.70026035441956,18.845991134643555,19.350305557250977,-0.16331332945533816,9.327861785888672,9.558368682861328
adaptive_shard_00010.pt:41,light,zero,17.63793186347233,13.178567886352539,14.696757316589355,nan,nan,17.50497313338117,18.854753494262695,19.44453239440918,-0.13295873009115766,5.676185607910156,4.747775077819824
adaptive_shard_00010.pt:41,light,shuffled,17.63793186347233,13.178567886352539,14.696757316589355,nan,nan,17.501073833475186,18.80594825744629,19.348012924194336,-0.1368580299971427,5.62738037109375,4.6512556076049805
adaptive_shard_00010.pt:41,light,predicted,17.63793186347233,13.178567886352539,14.696757316589355,nan,nan,17.516176364799023,18.68743133544922,19.307056427001953,-0.1217554986733056,5.50886344909668,4.610299110412598
adaptive_shard_00010.pt:41,light,oracle,17.63793186347233,13.178567886352539,14.696757316589355,nan,nan,17.516886951934637,18.679960250854492,19.3109130859375,-0.12104491153769104,5.501392364501953,4.6141557693481445
adaptive_shard_00010.pt:42,medium,zero,17.03563582029866,12.054577827453613,11.647398948669434,nan,nan,16.94288089517964,19.119626998901367,19.894224166870117,-0.09275492511901717,7.065049171447754,8.246825218200684
adaptive_shard_00010.pt:42,medium,shuffled,17.03563582029866,12.054577827453613,11.647398948669434,nan,nan,16.941534452428936,19.17050552368164,19.91841697692871,-0.09410136786972245,7.115927696228027,8.271018028259277
adaptive_shard_00010.pt:42,medium,predicted,17.03563582029866,12.054577827453613,11.647398948669434,nan,nan,16.930309770902806,19.11018180847168,19.752098083496094,-0.10532604939585255,7.055603981018066,8.10469913482666
adaptive_shard_00010.pt:42,medium,oracle,17.03563582029866,12.054577827453613,11.647398948669434,nan,nan,16.939783905775275,19.07561492919922,19.804534912109375,-0.09585191452338293,7.0210371017456055,8.157135963439941
adaptive_shard_00010.pt:43,heavy,zero,13.440126732912102,14.108384132385254,14.440546989440918,nan,nan,13.39355382442504,19.523897171020508,20.324560165405273,-0.04657290848706275,5.415513038635254,5.8840131759643555
adaptive_shard_00010.pt:43,heavy,shuffled,13.440126732912102,14.108384132385254,14.440546989440918,nan,nan,13.392960902415867,19.572134017944336,20.349773406982422,-0.04716583049623502,5.463749885559082,5.909226417541504
adaptive_shard_00010.pt:43,heavy,predicted,13.440126732912102,14.108384132385254,14.440546989440918,nan,nan,13.393436313230634,19.357271194458008,20.094694137573242,-0.04669041968146814,5.248887062072754,5.654147148132324
adaptive_shard_00010.pt:43,heavy,oracle,13.440126732912102,14.108384132385254,14.440546989440918,nan,nan,13.393593128051393,19.357131958007812,20.0986328125,-0.04653360486070923,5.248747825622559,5.658085823059082
adaptive_shard_00010.pt:68,clean,zero,23.324077696892147,9.476798057556152,9.684996604919434,nan,nan,22.90668903148702,18.326749801635742,18.78740119934082,-0.4173886654051273,8.84995174407959,9.102404594421387
adaptive_shard_00010.pt:68,clean,shuffled,23.324077696892147,9.476798057556152,9.684996604919434,nan,nan,22.89471749715232,18.282428741455078,18.69679832458496,-0.42936019973982553,8.805630683898926,9.011801719665527
adaptive_shard_00010.pt:68,clean,predicted,23.324077696892147,9.476798057556152,9.684996604919434,nan,nan,22.841979685865105,18.347749710083008,18.682401657104492,-0.4820980110270412,8.870951652526855,8.997405052185059
adaptive_shard_00010.pt:68,clean,oracle,23.324077696892147,9.476798057556152,9.684996604919434,nan,nan,22.85172855300855,18.370073318481445,18.749040603637695,-0.47234914388359783,8.893275260925293,9.064043998718262
adaptive_shard_00010.pt:69,light,zero,19.426973514991616,11.927541732788086,12.09488296508789,nan,nan,19.250802496440404,18.494314193725586,19.301799774169922,-0.1761710185512122,6.5667724609375,7.206916809082031
adaptive_shard_00010.pt:69,light,shuffled,19.426973514991616,11.927541732788086,12.09488296508789,nan,nan,19.2501989459305,18.340147018432617,19.09214210510254,-0.17677456906111644,6.412605285644531,6.997259140014648
adaptive_shard_00010.pt:69,light,predicted,19.426973514991616,11.927541732788086,12.09488296508789,nan,nan,19.247489344239995,18.565776824951172,19.3538875579834,-0.17948417075162126,6.638235092163086,7.259004592895508
adaptive_shard_00010.pt:69,light,oracle,19.426973514991616,11.927541732788086,12.09488296508789,nan,nan,19.24862985576975,18.55782127380371,19.354894638061523,-0.17834365922186635,6.630279541015625,7.260011672973633
adaptive_shard_00010.pt:70,medium,zero,19.77916877334599,13.776304244995117,14.015005111694336,nan,nan,19.5724801926546,18.917943954467773,19.80983543395996,-0.20668858069139162,5.141639709472656,5.794830322265625
adaptive_shard_00010.pt:70,medium,shuffled,19.77916877334599,13.776304244995117,14.015005111694336,nan,nan,19.566611539936638,18.891754150390625,19.7510986328125,-0.21255723340935262,5.115449905395508,5.736093521118164
adaptive_shard_00010.pt:70,medium,predicted,19.77916877334599,13.776304244995117,14.015005111694336,nan,nan,19.549976766428433,18.933883666992188,19.734451293945312,-0.22919200691755748,5.15757942199707,5.719446182250977
adaptive_shard_00010.pt:70,medium,oracle,19.77916877334599,13.776304244995117,14.015005111694336,nan,nan,19.566636789591357,18.891746520996094,19.751312255859375,-0.21253198375463356,5.115442276000977,5.736307144165039
adaptive_shard_00010.pt:71,heavy,zero,16.856766511760604,14.374943733215332,15.074243545532227,nan,nan,16.739605242232365,18.963781356811523,19.942798614501953,-0.11716126952823913,4.588837623596191,4.868555068969727
adaptive_shard_00010.pt:71,heavy,shuffled,16.856766511760604,14.374943733215332,15.074243545532227,nan,nan,16.724854716348915,19.006332397460938,19.91506576538086,-0.13191179541168907,4.6313886642456055,4.840822219848633
adaptive_shard_00010.pt:71,heavy,predicted,16.856766511760604,14.374943733215332,15.074243545532227,nan,nan,16.739382485745118,18.840770721435547,19.779062271118164,-0.11738402601548614,4.465826988220215,4.7048187255859375
adaptive_shard_00010.pt:71,heavy,oracle,16.856766511760604,14.374943733215332,15.074243545532227,nan,nan,16.739190512109435,18.84139633178711,19.777956008911133,-0.11757599965116938,4.466452598571777,4.703712463378906
adaptive_shard_00010.pt:84,clean,zero,27.80593665125656,11.936477661132812,12.260908126831055,nan,nan,26.611075930437647,16.017778396606445,16.776498794555664,-1.1948607208189124,4.081300735473633,4.515590667724609
adaptive_shard_00010.pt:84,clean,shuffled,27.80593665125656,11.936477661132812,12.260908126831055,nan,nan,26.582245099477483,15.963991165161133,16.68115234375,-1.2236915517790763,4.02751350402832,4.420244216918945
adaptive_shard_00010.pt:84,clean,predicted,27.80593665125656,11.936477661132812,12.260908126831055,nan,nan,26.449260329736717,16.024625778198242,16.657934188842773,-1.356676321519842,4.08814811706543,4.397026062011719
adaptive_shard_00010.pt:84,clean,oracle,27.80593665125656,11.936477661132812,12.260908126831055,nan,nan,26.473205042339156,16.0571231842041,16.740427017211914,-1.3327316089174026,4.120645523071289,4.479518890380859
adaptive_shard_00010.pt:85,light,zero,26.247943082852146,16.35127067565918,17.513954162597656,nan,nan,25.388503498833717,17.71443748474121,19.524456024169922,-0.8594395840184283,1.3631668090820312,2.0105018615722656
adaptive_shard_00010.pt:85,light,shuffled,26.247943082852146,16.35127067565918,17.513954162597656,nan,nan,25.38638738774159,17.564802169799805,19.336795806884766,-0.8615556951105567,1.213531494140625,1.8228416442871094
adaptive_shard_00010.pt:85,light,predicted,26.247943082852146,16.35127067565918,17.513954162597656,nan,nan,25.37708671479559,17.796903610229492,19.578187942504883,-0.8708563680565575,1.4456329345703125,2.0642337799072266
adaptive_shard_00010.pt:85,light,oracle,26.247943082852146,16.35127067565918,17.513954162597656,nan,nan,25.378852914646085,17.787446975708008,19.576330184936523,-0.8690901682060606,1.4361763000488281,2.062376022338867
adaptive_shard_00010.pt:86,medium,zero,21.547196121245666,13.803145408630371,13.98914623260498,nan,nan,21.23435329972779,18.863323211669922,20.65151023864746,-0.3128428215178758,5.060177803039551,6.6623640060424805
adaptive_shard_00010.pt:86,medium,shuffled,21.547196121245666,13.803145408630371,13.98914623260498,nan,nan,21.19388770022683,18.902116775512695,20.62635040283203,-0.3533084210188342,5.098971366882324,6.637204170227051
adaptive_shard_00010.pt:86,medium,predicted,21.547196121245666,13.803145408630371,13.98914623260498,nan,nan,21.20030980736892,18.86147117614746,20.55408477783203,-0.3468863138767446,5.05832576751709,6.564938545227051
adaptive_shard_00010.pt:86,medium,oracle,21.547196121245666,13.803145408630371,13.98914623260498,nan,nan,21.225971118985882,18.829940795898438,20.588014602661133,-0.32122500225978357,5.026795387268066,6.598868370056152
adaptive_shard_00010.pt:87,heavy,zero,18.1834666384535,14.320527076721191,14.621567726135254,nan,nan,18.059192537027354,19.142499923706055,20.6630802154541,-0.12427410142614548,4.821972846984863,6.041512489318848
adaptive_shard_00010.pt:87,heavy,shuffled,18.1834666384535,14.320527076721191,14.621567726135254,nan,nan,18.05754221351043,19.183584213256836,20.678043365478516,-0.12592442494306866,4.8630571365356445,6.056475639343262
adaptive_shard_00010.pt:87,heavy,predicted,18.1834666384535,14.320527076721191,14.621567726135254,nan,nan,18.05895202032425,18.988935470581055,20.462446212768555,-0.12451461812925047,4.668408393859863,5.840878486633301
adaptive_shard_00010.pt:87,heavy,oracle,18.1834666384535,14.320527076721191,14.621567726135254,nan,nan,18.05872261441734,18.98894691467285,20.46038246154785,-0.1247440240361577,4.66841983795166,5.838814735412598
adaptive_shard_00010.pt:88,clean,zero,27.734665336597708,12.651717185974121,12.838736534118652,nan,nan,26.50139029868543,15.921348571777344,15.609512329101562,-1.2332750379122785,3.2696313858032227,2.77077579498291
adaptive_shard_00010.pt:88,clean,shuffled,27.734665336597708,12.651717185974121,12.838736534118652,nan,nan,26.487282020957323,15.967500686645508,15.617602348327637,-1.2473833156403842,3.3157835006713867,2.7788658142089844
adaptive_shard_00010.pt:88,clean,predicted,27.734665336597708,12.651717185974121,12.838736534118652,nan,nan,26.329200608329728,15.952879905700684,15.491575241088867,-1.4054647282679795,3.3011627197265625,2.652838706970215
adaptive_shard_00010.pt:88,clean,oracle,27.734665336597708,12.651717185974121,12.838736534118652,nan,nan,26.354798378377154,15.983853340148926,15.577000617980957,-1.3798669582205534,3.3321361541748047,2.7382640838623047
adaptive_shard_00010.pt:89,light,zero,26.745672644326596,16.7988338470459,20.318675994873047,nan,nan,25.745605932507086,17.262720108032227,17.85280990600586,-1.0000667118195103,0.4638862609863281,-2.4658660888671875
adaptive_shard_00010.pt:89,light,shuffled,26.745672644326596,16.7988338470459,20.318675994873047,nan,nan,25.622669021030582,17.318561553955078,17.82022476196289,-1.1230036232960146,0.5197277069091797,-2.4984512329101562
adaptive_shard_00010.pt:89,light,predicted,26.745672644326596,16.7988338470459,20.318675994873047,nan,nan,25.668319907232352,17.266542434692383,17.773170471191406,-1.0773527370942446,0.4677085876464844,-2.5455055236816406
adaptive_shard_00010.pt:89,light,oracle,26.745672644326596,16.7988338470459,20.318675994873047,nan,nan,25.82870409524975,17.110084533691406,17.752113342285156,-0.9169685490768451,0.3112506866455078,-2.5665626525878906
adaptive_shard_00010.pt:90,medium,zero,18.810312746478825,13.351068496704102,15.194257736206055,nan,nan,18.666259213472422,19.584915161132812,20.703874588012695,-0.144053533006403,6.233846664428711,5.509616851806641
adaptive_shard_00010.pt:90,medium,shuffled,18.810312746478825,13.351068496704102,15.194257736206055,nan,nan,18.6809091363667,19.469215393066406,20.643722534179688,-0.1294036101121243,6.118146896362305,5.449464797973633
adaptive_shard_00010.pt:90,medium,predicted,18.810312746478825,13.351068496704102,15.194257736206055,nan,nan,18.64675796278106,19.61635971069336,20.622608184814453,-0.16355478369776577,6.265291213989258,5.428350448608398
adaptive_shard_00010.pt:90,medium,oracle,18.810312746478825,13.351068496704102,15.194257736206055,nan,nan,18.66155230874184,19.568622589111328,20.65601921081543,-0.14876043773698555,6.217554092407227,5.461761474609375
adaptive_shard_00010.pt:91,heavy,zero,14.701518670037782,14.078808784484863,14.95947551727295,nan,nan,14.640539963104143,19.855022430419922,20.340953826904297,-0.06097870693363916,5.776213645935059,5.381478309631348
adaptive_shard_00010.pt:91,heavy,shuffled,14.701518670037782,14.078808784484863,14.95947551727295,nan,nan,14.640542745795544,19.723554611206055,20.165157318115234,-0.06097592424223741,5.644745826721191,5.205681800842285
adaptive_shard_00010.pt:91,heavy,predicted,14.701518670037782,14.078808784484863,14.95947551727295,nan,nan,14.640565773249026,19.7235107421875,20.16556739807129,-0.060952896788755595,5.644701957702637,5.20609188079834
adaptive_shard_00010.pt:91,heavy,oracle,14.701518670037782,14.078808784484863,14.95947551727295,nan,nan,14.640542745795544,19.723554611206055,20.165157318115234,-0.06097592424223741,5.644745826721191,5.205681800842285
adaptive_shard_00010.pt:100,clean,zero,-8.440669578010132,8.869181632995605,8.636143684387207,nan,nan,-8.452347229113723,14.839386940002441,15.350671768188477,-0.011677651103591202,5.970205307006836,6.7145280838012695
adaptive_shard_00010.pt:100,clean,shuffled,-8.440669578010132,8.869181632995605,8.636143684387207,nan,nan,-8.45330963382613,14.896795272827148,15.30548095703125,-0.012640055815998252,6.027613639831543,6.669337272644043
adaptive_shard_00010.pt:100,clean,predicted,-8.440669578010132,8.869181632995605,8.636143684387207,nan,nan,-8.452618296243541,14.829754829406738,15.238897323608398,-0.01194871823340904,5.960573196411133,6.602753639221191
adaptive_shard_00010.pt:100,clean,oracle,-8.440669578010132,8.869181632995605,8.636143684387207,nan,nan,-8.45330963382613,14.896795272827148,15.30548095703125,-0.012640055815998252,6.027613639831543,6.669337272644043
adaptive_shard_00010.pt:101,light,zero,-8.248043753275901,11.217546463012695,11.460050582885742,nan,nan,-8.261932227475283,14.79301643371582,15.351038932800293,-0.013888474199381662,3.575469970703125,3.890988349914551
adaptive_shard_00010.pt:101,light,shuffled,-8.248043753275901,11.217546463012695,11.460050582885742,nan,nan,-8.262157228611182,14.73079776763916,15.234563827514648,-0.014113475335280512,3.513251304626465,3.7745132446289062
adaptive_shard_00010.pt:101,light,predicted,-8.248043753275901,11.217546463012695,11.460050582885742,nan,nan,-8.262907874140787,14.753775596618652,15.128070831298828,-0.014864120864885422,3.536229133605957,3.668020248413086
adaptive_shard_00010.pt:101,light,oracle,-8.248043753275901,11.217546463012695,11.460050582885742,nan,nan,-8.262035538107668,14.853951454162598,15.371683120727539,-0.013991784831766552,3.6364049911499023,3.911632537841797
adaptive_shard_00010.pt:102,medium,zero,-7.636701197678572,10.177312850952148,10.116963386535645,nan,nan,-7.655236562575013,14.850055694580078,15.381231307983398,-0.01853536489644103,4.67274284362793,5.264267921447754
adaptive_shard_00010.pt:102,medium,shuffled,-7.636701197678572,10.177312850952148,10.116963386535645,nan,nan,-7.655531183749994,14.791129112243652,15.263544082641602,-0.018829986071422056,4.613816261291504,5.146580696105957
adaptive_shard_00010.pt:102,medium,predicted,-7.636701197678572,10.177312850952148,10.116963386535645,nan,nan,-7.655622012911243,14.651187896728516,15.050651550292969,-0.018920815232671195,4.473875045776367,4.933688163757324
adaptive_shard_00010.pt:102,medium,oracle,-7.636701197678572,10.177312850952148,10.116963386535645,nan,nan,-7.655525449116848,14.791609764099121,15.265477180480957,-0.01882425143827593,4.614296913146973,5.1485137939453125
adaptive_shard_00010.pt:103,heavy,zero,-6.256175057349969,9.667006492614746,9.43843936920166,nan,nan,-6.287821178076486,15.144692420959473,15.613017082214355,-0.03164612072651707,5.477685928344727,6.174577713012695
adaptive_shard_00010.pt:103,heavy,shuffled,-6.256175057349969,9.667006492614746,9.43843936920166,nan,nan,-6.286239115421736,14.95663070678711,15.466902732849121,-0.030064058071767263,5.289624214172363,6.028463363647461
adaptive_shard_00010.pt:103,heavy,predicted,-6.256175057349969,9.667006492614746,9.43843936920166,nan,nan,-6.28780550448117,14.909921646118164,15.287643432617188,-0.03163044713120122,5.242915153503418,5.849204063415527
adaptive_shard_00010.pt:103,heavy,oracle,-6.256175057349969,9.667006492614746,9.43843936920166,nan,nan,-6.287821763012546,14.909778594970703,15.285745620727539,-0.03164670566257666,5.242772102355957,5.847306251525879
adaptive_shard_00010.pt:120,clean,zero,22.069643489336876,10.736991882324219,11.101556777954102,nan,nan,21.70853748647946,17.715925216674805,18.684167861938477,-0.3611060028574151,6.978933334350586,7.582611083984375
adaptive_shard_00010.pt:120,clean,shuffled,22.069643489336876,10.736991882324219,11.101556777954102,nan,nan,21.70917605318596,17.489999771118164,18.375715255737305,-0.36046743615091614,6.753007888793945,7.274158477783203
adaptive_shard_00010.pt:120,clean,predicted,22.069643489336876,10.736991882324219,11.101556777954102,nan,nan,21.650231105857543,17.721647262573242,18.55774688720703,-0.4194123834793331,6.984655380249023,7.45619010925293
adaptive_shard_00010.pt:120,clean,oracle,22.069643489336876,10.736991882324219,11.101556777954102,nan,nan,21.659063738885944,17.75385856628418,18.63922691345215,-0.41057975045093187,7.016866683959961,7.537670135498047
adaptive_shard_00010.pt:121,light,zero,20.468434249598065,12.310826301574707,14.42885684967041,nan,nan,20.222991129802036,18.137544631958008,19.459274291992188,-0.24544311979602895,5.826718330383301,5.030417442321777
adaptive_shard_00010.pt:121,light,shuffled,20.468434249598065,12.310826301574707,14.42885684967041,nan,nan,20.222966145069034,17.93757438659668,19.190963745117188,-0.24546810452903145,5.626748085021973,4.762106895446777
adaptive_shard_00010.pt:121,light,predicted,20.468434249598065,12.310826301574707,14.42885684967041,nan,nan,20.180258348863973,18.17827796936035,19.362323760986328,-0.2881759007340925,5.8674516677856445,4.933466911315918
adaptive_shard_00010.pt:121,light,oracle,20.468434249598065,12.310826301574707,14.42885684967041,nan,nan,20.245802305520257,17.967557907104492,19.320621490478516,-0.22263194407780773,5.656731605529785,4.8917646408081055
adaptive_shard_00010.pt:122,medium,zero,21.055410010186165,13.252358436584473,12.915000915527344,nan,nan,20.776681082147785,18.82805633544922,20.223695755004883,-0.27872892803837956,5.575697898864746,7.308694839477539
adaptive_shard_00010.pt:122,medium,shuffled,21.055410010186165,13.252358436584473,12.915000915527344,nan,nan,20.775597903829063,18.65715217590332,19.99008560180664,-0.2798121063571024,5.404793739318848,7.075084686279297
adaptive_shard_00010.pt:122,medium,predicted,21.055410010186165,13.252358436584473,12.915000915527344,nan,nan,20.744206863679302,18.816553115844727,20.111177444458008,-0.31120314650686254,5.564194679260254,7.196176528930664
adaptive_shard_00010.pt:122,medium,oracle,21.055410010186165,13.252358436584473,12.915000915527344,nan,nan,20.76863976762397,18.787206649780273,20.1478214263916,-0.28677024256219497,5.534848213195801,7.232820510864258
adaptive_shard_00010.pt:123,heavy,zero,18.230612875297783,13.723973274230957,13.463156700134277,nan,nan,18.083052244563948,18.93474006652832,20.14143180847168,-0.1475606307338353,5.210766792297363,6.678275108337402
adaptive_shard_00010.pt:123,heavy,shuffled,18.230612875297783,13.723973274230957,13.463156700134277,nan,nan,18.06177378497867,18.968080520629883,20.10591697692871,-0.16883909031911415,5.244107246398926,6.642760276794434
adaptive_shard_00010.pt:123,heavy,predicted,18.230612875297783,13.723973274230957,13.463156700134277,nan,nan,18.082743672842078,18.757715225219727,19.897613525390625,-0.14786920245570556,5.0337419509887695,6.434456825256348
adaptive_shard_00010.pt:123,heavy,oracle,18.230612875297783,13.723973274230957,13.463156700134277,nan,nan,18.08254648865375,18.757612228393555,19.89592170715332,-0.14806638664403238,5.033638954162598,6.432765007019043
adaptive_shard_00011.pt:16,clean,zero,25.9961554271122,10.057723999023438,10.099404335021973,nan,nan,25.080351302789623,17.435714721679688,17.504438400268555,-0.9158041243225767,7.37799072265625,7.405034065246582
adaptive_shard_00011.pt:16,clean,shuffled,25.9961554271122,10.057723999023438,10.099404335021973,nan,nan,25.081126473173292,17.221017837524414,17.205137252807617,-0.9150289539389078,7.163293838500977,7.1057329177856445
adaptive_shard_00011.pt:16,clean,predicted,25.9961554271122,10.057723999023438,10.099404335021973,nan,nan,24.95718697955811,17.458398818969727,17.378662109375,-1.0389684475540903,7.400674819946289,7.279257774353027
adaptive_shard_00011.pt:16,clean,oracle,25.9961554271122,10.057723999023438,10.099404335021973,nan,nan,24.975528758162287,17.487194061279297,17.464046478271484,-1.0206266689499124,7.429470062255859,7.364642143249512
adaptive_shard_00011.pt:17,light,zero,23.667652667945834,11.988178253173828,13.092949867248535,nan,nan,23.121311469914883,17.673677444458008,17.999448776245117,-0.5463411980309516,5.68549919128418,4.906498908996582
adaptive_shard_00011.pt:17,light,shuffled,23.667652667945834,11.988178253173828,13.092949867248535,nan,nan,23.1152274709599,17.73680305480957,18.037155151367188,-0.5524251969859328,5.748624801635742,4.944205284118652
adaptive_shard_00011.pt:17,light,predicted,23.667652667945834,11.988178253173828,13.092949867248535,nan,nan,23.112061536462356,17.74374771118164,18.029125213623047,-0.555591131483478,5.7555694580078125,4.936175346374512
adaptive_shard_00011.pt:17,light,oracle,23.667652667945834,11.988178253173828,13.092949867248535,nan,nan,23.1152274709599,17.73680305480957,18.037155151367188,-0.5524251969859328,5.748624801635742,4.944205284118652
adaptive_shard_00011.pt:18,medium,zero,23.052977246161706,10.995339393615723,11.587815284729004,nan,nan,22.622252443619235,17.95887565612793,18.115276336669922,-0.43072480254247125,6.963536262512207,6.527461051940918
adaptive_shard_00011.pt:18,medium,shuffled,23.052977246161706,10.995339393615723,11.587815284729004,nan,nan,22.609745826919266,17.917339324951172,18.023555755615234,-0.4432314192424407,6.921999931335449,6.4357404708862305
adaptive_shard_00011.pt:18,medium,predicted,23.052977246161706,10.995339393615723,11.587815284729004,nan,nan,22.576026360030347,17.95680046081543,17.98630142211914,-0.47695088613135894,6.961461067199707,6.398486137390137
adaptive_shard_00011.pt:18,medium,oracle,23.052977246161706,10.995339393615723,11.587815284729004,nan,nan,22.56945781470722,17.996129989624023,17.989458084106445,-0.4835194314544857,7.000790596008301,6.401642799377441
adaptive_shard_00011.pt:19,heavy,zero,18.039649598695217,12.182501792907715,12.126537322998047,nan,nan,17.903839111062496,18.155471801757812,18.042282104492188,-0.13581048763272108,5.972970008850098,5.915744781494141
adaptive_shard_00011.pt:19,heavy,shuffled,18.039649598695217,12.182501792907715,12.126537322998047,nan,nan,17.886346785668863,18.1816463470459,17.912485122680664,-0.15330281302635385,5.999144554138184,5.785947799682617
adaptive_shard_00011.pt:19,heavy,predicted,18.039649598695217,12.182501792907715,12.126537322998047,nan,nan,17.903683257126982,17.983898162841797,17.79920768737793,-0.13596634156823484,5.801396369934082,5.672670364379883
adaptive_shard_00011.pt:19,heavy,oracle,18.039649598695217,12.182501792907715,12.126537322998047,nan,nan,17.90341493892186,17.984004974365234,17.79645347595215,-0.1362346597733577,5.8015031814575195,5.669916152954102
adaptive_shard_00011.pt:76,clean,zero,19.43263636267972,12.086688041687012,12.765172004699707,nan,nan,19.22748144761088,16.312129974365234,16.341264724731445,-0.20515491506883876,4.225441932678223,3.5760927200317383
adaptive_shard_00011.pt:76,clean,shuffled,19.43263636267972,12.086688041687012,12.765172004699707,nan,nan,19.221457533880674,16.25896453857422,16.231088638305664,-0.2111788287990457,4.172276496887207,3.465916633605957
adaptive_shard_00011.pt:76,clean,predicted,19.43263636267972,12.086688041687012,12.765172004699707,nan,nan,19.195030958491262,16.338441848754883,16.212236404418945,-0.23760540418845721,4.251753807067871,3.4470643997192383
adaptive_shard_00011.pt:76,clean,oracle,19.43263636267972,12.086688041687012,12.765172004699707,nan,nan,19.199984975106577,16.36955451965332,16.303726196289062,-0.2326513875731422,4.282866477966309,3.5385541915893555
adaptive_shard_00011.pt:77,light,zero,17.78462349020088,16.224933624267578,19.021194458007812,nan,nan,17.6438591858297,17.33814239501953,17.98996353149414,-0.14076430437117793,1.1132087707519531,-1.0312309265136719
adaptive_shard_00011.pt:77,light,shuffled,17.78462349020088,16.224933624267578,19.021194458007812,nan,nan,17.624725381493512,17.39296531677246,17.951595306396484,-0.15989810870736676,1.1680316925048828,-1.0695991516113281
adaptive_shard_00011.pt:77,light,predicted,17.78462349020088,16.224933624267578,19.021194458007812,nan,nan,17.637036138278688,17.307409286499023,17.891162872314453,-0.14758735192219063,1.0824756622314453,-1.1300315856933594
adaptive_shard_00011.pt:77,light,oracle,17.78462349020088,16.224933624267578,19.021194458007812,nan,nan,17.656446470974117,17.166975021362305,17.868610382080078,-0.1281770192267615,0.9420413970947266,-1.1525840759277344
adaptive_shard_00011.pt:78,medium,zero,17.657289764688723,11.485824584960938,12.712284088134766,nan,nan,17.523235650617004,18.160411834716797,19.078153610229492,-0.13405411407171997,6.674587249755859,6.365869522094727
adaptive_shard_00011.pt:78,medium,shuffled,17.657289764688723,11.485824584960938,12.712284088134766,nan,nan,17.52282952002811,18.00080680847168,18.857566833496094,-0.13446024466061246,6.514982223510742,6.145282745361328
adaptive_shard_00011.pt:78,medium,predicted,17.657289764688723,11.485824584960938,12.712284088134766,nan,nan,17.507007986231574,18.172666549682617,18.950969696044922,-0.15028177845714907,6.68684196472168,6.238685607910156
adaptive_shard_00011.pt:78,medium,oracle,17.657289764688723,11.485824584960938,12.712284088134766,nan,nan,17.506162625856824,18.204471588134766,18.95220375061035,-0.15112713883189954,6.718647003173828,6.239919662475586
adaptive_shard_00011.pt:79,heavy,zero,15.33015332986511,13.21419906616211,13.683663368225098,nan,nan,15.256568965669295,18.727855682373047,19.133134841918945,-0.07358436419581516,5.5136566162109375,5.449471473693848
adaptive_shard_00011.pt:79,heavy,shuffled,15.33015332986511,13.21419906616211,13.683663368225098,nan,nan,15.256416236002506,18.56947135925293,18.909564971923828,-0.0737370938626043,5.35527229309082,5.2259016036987305
adaptive_shard_00011.pt:79,heavy,predicted,15.33015332986511,13.21419906616211,13.683663368225098,nan,nan,15.256554033409701,18.56932830810547,18.91206169128418,-0.0735992964554093,5.355129241943359,5.228398323059082
adaptive_shard_00011.pt:79,heavy,oracle,15.33015332986511,13.21419906616211,13.683663368225098,nan,nan,15.256647156653331,18.56922721862793,18.913705825805664,-0.07350617321177921,5.35502815246582,5.230042457580566
adaptive_shard_00011.pt:100,clean,zero,28.046889751742935,7.597172260284424,7.6684064865112305,nan,nan,26.6997779998294,16.44111442565918,17.722017288208008,-1.347111751913534,8.843942165374756,10.053610801696777
adaptive_shard_00011.pt:100,clean,shuffled,28.046889751742935,7.597172260284424,7.6684064865112305,nan,nan,26.69715739367841,16.22252082824707,17.41396713256836,-1.349732358064525,8.625348567962646,9.745560646057129
adaptive_shard_00011.pt:100,clean,predicted,28.046889751742935,7.597172260284424,7.6684064865112305,nan,nan,26.521156074782986,16.443758010864258,17.593563079833984,-1.5257336769599483,8.846585750579834,9.925156593322754
adaptive_shard_00011.pt:100,clean,oracle,28.046889751742935,7.597172260284424,7.6684064865112305,nan,nan,26.548399868147005,16.48253631591797,17.68378448486328,-1.49848988359593,8.885364055633545,10.01537799835205
adaptive_shard_00011.pt:101,light,zero,21.77107474513704,12.07319450378418,14.724435806274414,nan,nan,21.414539625946944,17.376680374145508,19.25052833557129,-0.3565351191900952,5.303485870361328,4.526092529296875
adaptive_shard_00011.pt:101,light,shuffled,21.77107474513704,12.07319450378418,14.724435806274414,nan,nan,21.369142176056126,17.412263870239258,19.21132469177246,-0.40193256908091257,5.339069366455078,4.486888885498047
adaptive_shard_00011.pt:101,light,predicted,21.77107474513704,12.07319450378418,14.724435806274414,nan,nan,21.417747469188647,17.310760498046875,19.15216827392578,-0.3533272759483914,5.237565994262695,4.427732467651367
adaptive_shard_00011.pt:101,light,oracle,21.77107474513704,12.07319450378418,14.724435806274414,nan,nan,21.444653999770612,17.224580764770508,19.126623153686523,-0.32642074536642696,5.151386260986328,4.402187347412109
adaptive_shard_00011.pt:102,medium,zero,20.67829711239311,15.17558479309082,16.05913734436035,nan,nan,20.41180919550431,18.32180404663086,20.317102432250977,-0.26648791688879925,3.146219253540039,4.257965087890625
adaptive_shard_00011.pt:102,medium,shuffled,20.67829711239311,15.17558479309082,16.05913734436035,nan,nan,20.376486825456233,18.361600875854492,20.29029655456543,-0.3018102869368775,3.186016082763672,4.231159210205078
adaptive_shard_00011.pt:102,medium,predicted,20.67829711239311,15.17558479309082,16.05913734436035,nan,nan,20.381459614558747,18.311094284057617,20.201648712158203,-0.296837497834364,3.135509490966797,4.142511367797852
adaptive_shard_00011.pt:102,medium,oracle,20.67829711239311,15.17558479309082,16.05913734436035,nan,nan,20.403928399589102,18.285879135131836,20.23973274230957,-0.27436871280400865,3.1102943420410156,4.180595397949219
adaptive_shard_00011.pt:103,heavy,zero,16.92967175282885,16.09353256225586,16.611284255981445,nan,nan,16.818675173755235,19.147371292114258,20.820079803466797,-0.11099657907361404,3.0538387298583984,4.208795547485352
adaptive_shard_00011.pt:103,heavy,shuffled,16.92967175282885,16.09353256225586,16.611284255981445,nan,nan,16.803161602861096,19.18515396118164,20.796667098999023,-0.12651014996775345,3.0916213989257812,4.185382843017578
adaptive_shard_00011.pt:103,heavy,predicted,16.92967175282885,16.09353256225586,16.611284255981445,nan,nan,16.81840892745683,19.021133422851562,20.63287925720215,-0.11126282537201959,2.927600860595703,4.021595001220703
adaptive_shard_00011.pt:103,heavy,oracle,16.92967175282885,16.09353256225586,16.611284255981445,nan,nan,16.818251148883764,19.020950317382812,20.63115882873535,-0.1114206039450849,2.927417755126953,4.019874572753906
adaptive_shard_00011.pt:124,clean,zero,22.51337087185441,7.923935890197754,8.063161849975586,nan,nan,22.12953046633626,17.259693145751953,17.850576400756836,-0.3838404055181499,9.3357572555542,9.78741455078125
adaptive_shard_00011.pt:124,clean,shuffled,22.51337087185441,7.923935890197754,8.063161849975586,nan,nan,22.162578036434958,17.09308433532715,17.725473403930664,-0.35079283541945117,9.169148445129395,9.662311553955078
adaptive_shard_00011.pt:124,clean,predicted,22.51337087185441,7.923935890197754,8.063161849975586,nan,nan,22.070819367389202,17.278364181518555,17.729694366455078,-0.4425515044652073,9.3544282913208,9.666532516479492
adaptive_shard_00011.pt:124,clean,oracle,22.51337087185441,7.923935890197754,8.063161849975586,nan,nan,22.079760082303803,17.309602737426758,17.81465721130371,-0.43361078955060606,9.385666847229004,9.751495361328125
adaptive_shard_00011.pt:125,light,zero,21.24754478524443,13.068721771240234,13.649059295654297,nan,nan,20.964429171666076,17.762582778930664,18.69704818725586,-0.283115613578353,4.69386100769043,5.0479888916015625
adaptive_shard_00011.pt:125,light,shuffled,21.24754478524443,13.068721771240234,13.649059295654297,nan,nan,20.928898661005707,17.800569534301758,18.581510543823242,-0.31864612423872174,4.731847763061523,4.932451248168945
adaptive_shard_00011.pt:125,light,predicted,21.24754478524443,13.068721771240234,13.649059295654297,nan,nan,20.96000381481362,17.820363998413086,18.715526580810547,-0.2875409704308076,4.751642227172852,5.06646728515625
adaptive_shard_00011.pt:125,light,oracle,21.24754478524443,13.068721771240234,13.649059295654297,nan,nan,20.960924591362353,17.819177627563477,18.726055145263672,-0.2866201938820758,4.750455856323242,5.076995849609375
adaptive_shard_00011.pt:126,medium,zero,20.747370232464547,12.987288475036621,13.276516914367676,nan,nan,20.492105971400285,18.27535057067871,19.351171493530273,-0.25526426106426214,5.28806209564209,6.074654579162598
adaptive_shard_00011.pt:126,medium,shuffled,20.747370232464547,12.987288475036621,13.276516914367676,nan,nan,20.488943015210047,18.3199520111084,19.36631965637207,-0.2584272172544999,5.332663536071777,6.0898027420043945
adaptive_shard_00011.pt:126,medium,predicted,20.747370232464547,12.987288475036621,13.276516914367676,nan,nan,20.46305139381438,18.275564193725586,19.232627868652344,-0.2843188386501687,5.288275718688965,5.956110954284668
adaptive_shard_00011.pt:126,medium,oracle,20.747370232464547,12.987288475036621,13.276516914367676,nan,nan,20.48469227679235,18.238147735595703,19.27635383605957,-0.26267795567219565,5.250859260559082,5.9998369216918945
adaptive_shard_00011.pt:127,heavy,zero,16.851489087533903,13.58733081817627,13.5012788772583,nan,nan,16.7302691537195,18.521137237548828,19.28993034362793,-0.12121993381440177,4.933806419372559,5.788651466369629
adaptive_shard_00011.pt:127,heavy,shuffled,16.851489087533903,13.58733081817627,13.5012788772583,nan,nan,16.74043240297313,18.385709762573242,19.190853118896484,-0.11105668456077211,4.798378944396973,5.689574241638184
adaptive_shard_00011.pt:127,heavy,predicted,16.851489087533903,13.58733081817627,13.5012788772583,nan,nan,16.73018005602272,18.35187339782715,19.05615997314453,-0.12130903151118133,4.764542579650879,5.5548810958862305
adaptive_shard_00011.pt:127,heavy,oracle,16.851489087533903,13.58733081817627,13.5012788772583,nan,nan,16.730188504647703,18.351884841918945,19.05628204345703,-0.12130058288619949,4.764554023742676,5.5550031661987305
adaptive_shard_00012.pt:124,clean,zero,22.045127074961904,14.666934967041016,15.097126007080078,nan,nan,21.64880089649963,20.70488929748535,21.246448516845703,-0.39632617846227447,6.037954330444336,6.149322509765625
adaptive_shard_00012.pt:124,clean,shuffled,22.045127074961904,14.666934967041016,15.097126007080078,nan,nan,21.64915174107108,20.429773330688477,20.871612548828125,-0.3959753338908243,5.762838363647461,5.774486541748047
adaptive_shard_00012.pt:124,clean,predicted,22.045127074961904,14.666934967041016,15.097126007080078,nan,nan,21.58654841406151,20.73967742919922,21.088096618652344,-0.45857866090039323,6.072742462158203,5.990970611572266
adaptive_shard_00012.pt:124,clean,oracle,22.045127074961904,14.666934967041016,15.097126007080078,nan,nan,21.596438139373262,20.775341033935547,21.195783615112305,-0.44868893558864187,6.108406066894531,6.098657608032227
adaptive_shard_00012.pt:125,light,zero,21.91627826845116,14.915511131286621,16.276865005493164,nan,nan,21.520233556186916,20.73805809020996,21.301546096801758,-0.3960447122642421,5.82254695892334,5.024681091308594
adaptive_shard_00012.pt:125,light,shuffled,21.91627826845116,14.915511131286621,16.276865005493164,nan,nan,21.508680809538546,20.672382354736328,21.165285110473633,-0.4075974589126119,5.756871223449707,4.888420104980469
adaptive_shard_00012.pt:125,light,predicted,21.91627826845116,14.915511131286621,16.276865005493164,nan,nan,21.50141044681977,20.72577667236328,21.159404754638672,-0.4148678216313897,5.81026554107666,4.882539749145508
adaptive_shard_00012.pt:125,light,oracle,21.91627826845116,14.915511131286621,16.276865005493164,nan,nan,21.554298407216944,20.508495330810547,21.13218879699707,-0.36197986123421444,5.592984199523926,4.855323791503906
adaptive_shard_00012.pt:126,medium,zero,24.504480715423394,10.900125503540039,10.538872718811035,nan,nan,23.84779360115404,20.818241119384766,21.49294090270996,-0.6566871142693529,9.918115615844727,10.954068183898926
adaptive_shard_00012.pt:126,medium,shuffled,24.504480715423394,10.900125503540039,10.538872718811035,nan,nan,23.762552716664075,20.889917373657227,21.44402313232422,-0.7419279987593193,9.989791870117188,10.905150413513184
adaptive_shard_00012.pt:126,medium,predicted,24.504480715423394,10.900125503540039,10.538872718811035,nan,nan,23.778180472363395,20.80771827697754,21.309263229370117,-0.726300243059999,9.9075927734375,10.770390510559082
adaptive_shard_00012.pt:126,medium,oracle,24.504480715423394,10.900125503540039,10.538872718811035,nan,nan,23.828639889857577,20.754955291748047,21.359907150268555,-0.6758408255658175,9.854829788208008,10.82103443145752
adaptive_shard_00012.pt:127,heavy,zero,19.657638424077835,12.854799270629883,12.95747184753418,nan,nan,19.407370174871673,21.086442947387695,21.689111709594727,-0.25026824920616164,8.231643676757812,8.731639862060547
adaptive_shard_00012.pt:127,heavy,shuffled,19.657638424077835,12.854799270629883,12.95747184753418,nan,nan,19.428826964212288,20.8735294342041,21.532665252685547,-0.22881145986554685,8.018730163574219,8.575193405151367
adaptive_shard_00012.pt:127,heavy,predicted,19.657638424077835,12.854799270629883,12.95747184753418,nan,nan,19.407636611864866,20.837390899658203,21.34833335876465,-0.25000181221296813,7.98259162902832,8.390861511230469
adaptive_shard_00012.pt:127,heavy,oracle,19.657638424077835,12.854799270629883,12.95747184753418,nan,nan,19.40756699952849,20.837385177612305,21.34774398803711,-0.2500714245493434,7.982585906982422,8.39027214050293
adaptive_shard_00013.pt:68,clean,zero,5.413942326840846,9.645059585571289,9.639314651489258,nan,nan,5.413474946690284,23.304059982299805,24.190752029418945,-0.00046738015056213555,13.659000396728516,14.551437377929688
adaptive_shard_00013.pt:68,clean,shuffled,5.413942326840846,9.645059585571289,9.639314651489258,nan,nan,5.413267417353415,23.22710418701172,24.05156707763672,-0.0006749094874312078,13.58204460144043,14.412252426147461
adaptive_shard_00013.pt:68,clean,predicted,5.413942326840846,9.645059585571289,9.639314651489258,nan,nan,5.412226917407859,23.314178466796875,24.005903244018555,-0.0017154094329869807,13.669118881225586,14.366588592529297
adaptive_shard_00013.pt:68,clean,oracle,5.413942326840846,9.645059585571289,9.639314651489258,nan,nan,5.4124534401585755,23.360132217407227,24.1368408203125,-0.0014888866822708735,13.715072631835938,14.497526168823242
adaptive_shard_00013.pt:69,light,zero,5.186841344007704,10.535529136657715,10.791675567626953,nan,nan,5.185147322586685,23.19338035583496,24.0751953125,-0.001694021421019265,12.657851219177246,13.283519744873047
adaptive_shard_00013.pt:69,light,shuffled,5.186841344007704,10.535529136657715,10.791675567626953,nan,nan,5.18581332001017,22.950084686279297,23.891212463378906,-0.001028023997534433,12.414555549621582,13.099536895751953
adaptive_shard_00013.pt:69,light,predicted,5.186841344007704,10.535529136657715,10.791675567626953,nan,nan,5.1846834841630285,23.13408088684082,23.87257194519043,-0.002157859844675869,12.598551750183105,13.080896377563477
adaptive_shard_00013.pt:69,light,oracle,5.186841344007704,10.535529136657715,10.791675567626953,nan,nan,5.18581332001017,22.950084686279297,23.891212463378906,-0.001028023997534433,12.414555549621582,13.099536895751953
adaptive_shard_00013.pt:70,medium,zero,7.255207718737103,11.09962272644043,9.651861190795898,nan,nan,7.26828461709786,23.067996978759766,24.005496978759766,0.013076898360757205,11.968374252319336,14.353635787963867
adaptive_shard_00013.pt:70,medium,shuffled,7.255207718737103,11.09962272644043,9.651861190795898,nan,nan,7.268273035833149,22.756078720092773,23.585708618164062,0.013065317096045526,11.656455993652344,13.933847427368164
adaptive_shard_00013.pt:70,medium,predicted,7.255207718737103,11.09962272644043,9.651861190795898,nan,nan,7.2679405983219025,23.029541015625,23.816858291625977,0.012732879584799406,11.92991828918457,14.164997100830078
adaptive_shard_00013.pt:70,medium,oracle,7.255207718737103,11.09962272644043,9.651861190795898,nan,nan,7.2681907323452695,22.9906005859375,23.86695098876953,0.012983013608166338,11.89097785949707,14.215089797973633
adaptive_shard_00013.pt:71,heavy,zero,7.979239652714865,12.956624031066895,12.06200122833252,nan,nan,8.002697460099046,23.208654403686523,24.278776168823242,0.02345780738418135,10.252030372619629,12.216774940490723
adaptive_shard_00013.pt:71,heavy,shuffled,7.979239652714865,12.956624031066895,12.06200122833252,nan,nan,8.002696891045002,23.286226272583008,24.308551788330078,0.023457238330136576,10.329602241516113,12.246550559997559
adaptive_shard_00013.pt:71,heavy,predicted,7.979239652714865,12.956624031066895,12.06200122833252,nan,nan,8.002707627847013,22.908849716186523,23.881792068481445,0.0234679751321476,9.952225685119629,11.819790840148926
adaptive_shard_00013.pt:71,heavy,oracle,7.979239652714865,12.956624031066895,12.06200122833252,nan,nan,8.002707351322622,22.909000396728516,23.88347053527832,0.02346769860775666,9.952376365661621,11.8214693069458
adaptive_shard_00013.pt:100,clean,zero,20.779308359403196,13.95895004272461,14.647895812988281,nan,nan,20.510644206828413,22.2921199798584,22.04109001159668,-0.2686641525747824,8.333169937133789,7.393194198608398
adaptive_shard_00013.pt:100,clean,shuffled,20.779308359403196,13.95895004272461,14.647895812988281,nan,nan,20.479215093690822,22.32794761657715,21.83491325378418,-0.3000932657123734,8.368997573852539,7.187017440795898
adaptive_shard_00013.pt:100,clean,predicted,20.779308359403196,13.95895004272461,14.647895812988281,nan,nan,20.47139247523729,22.324649810791016,21.89012336730957,-0.30791588416590443,8.365699768066406,7.242227554321289
adaptive_shard_00013.pt:100,clean,oracle,20.779308359403196,13.95895004272461,14.647895812988281,nan,nan,20.477367497015713,22.35780143737793,21.992761611938477,-0.3019408623874824,8.39885139465332,7.344865798950195
adaptive_shard_00013.pt:101,light,zero,19.386330087912125,12.992741584777832,13.442500114440918,nan,nan,19.18314101189835,22.34857940673828,22.170412063598633,-0.2031890760137749,9.35583782196045,8.727911949157715
adaptive_shard_00013.pt:101,light,shuffled,19.386330087912125,12.992741584777832,13.442500114440918,nan,nan,19.158135227493645,22.415481567382812,22.124103546142578,-0.2281948604184798,9.42273998260498,8.68160343170166
adaptive_shard_00013.pt:101,light,predicted,19.386330087912125,12.992741584777832,13.442500114440918,nan,nan,19.180080284410572,22.425312042236328,22.181564331054688,-0.20624980350155298,9.432570457458496,8.73906421661377
adaptive_shard_00013.pt:101,light,oracle,19.386330087912125,12.992741584777832,13.442500114440918,nan,nan,19.180858937678693,22.422075271606445,22.1986083984375,-0.2054711502334321,9.429333686828613,8.756108283996582
adaptive_shard_00013.pt:102,medium,zero,18.458800618974237,10.57583236694336,10.766064643859863,nan,nan,18.290400228363175,22.296180725097656,22.17839813232422,-0.16840039061106182,11.720348358154297,11.412333488464355
adaptive_shard_00013.pt:102,medium,shuffled,18.458800618974237,10.57583236694336,10.766064643859863,nan,nan,18.29027710236458,22.05594825744629,21.85808753967285,-0.1685235166096568,11.48011589050293,11.092022895812988
adaptive_shard_00013.pt:102,medium,predicted,18.458800618974237,10.57583236694336,10.766064643859863,nan,nan,18.272028530206025,22.29277801513672,21.983200073242188,-0.18677208876821183,11.71694564819336,11.217135429382324
adaptive_shard_00013.pt:102,medium,oracle,18.458800618974237,10.57583236694336,10.766064643859863,nan,nan,18.27095036743728,22.343503952026367,21.996938705444336,-0.18785025153695756,11.767671585083008,11.230874061584473
adaptive_shard_00013.pt:103,heavy,zero,17.963071087477005,12.001008033752441,11.741063117980957,nan,nan,17.848475336208146,22.617877960205078,22.335359573364258,-0.11459575126885824,10.616869926452637,10.5942964553833
adaptive_shard_00013.pt:103,heavy,shuffled,17.963071087477005,12.001008033752441,11.741063117980957,nan,nan,17.83363562502621,22.654769897460938,22.160795211791992,-0.12943546245079318,10.653761863708496,10.419732093811035
adaptive_shard_00013.pt:103,heavy,predicted,17.963071087477005,12.001008033752441,11.741063117980957,nan,nan,17.848377871078622,22.384950637817383,22.015275955200195,-0.1146932163983827,10.383942604064941,10.274212837219238
adaptive_shard_00013.pt:103,heavy,oracle,17.963071087477005,12.001008033752441,11.741063117980957,nan,nan,17.848094379722575,22.38509750366211,22.01038360595703,-0.1149767077544297,10.384089469909668,10.269320487976074
adaptive_shard_00013.pt:112,clean,zero,26.548247567749282,8.747145652770996,9.274099349975586,nan,nan,25.51114260698098,15.380600929260254,16.39044761657715,-1.0371049607683034,6.633455276489258,7.1163482666015625
adaptive_shard_00013.pt:112,clean,shuffled,26.548247567749282,8.747145652770996,9.274099349975586,nan,nan,25.59727391909516,15.205879211425781,16.252487182617188,-0.9509736486541236,6.458733558654785,6.978387832641602
adaptive_shard_00013.pt:112,clean,predicted,26.548247567749282,8.747145652770996,9.274099349975586,nan,nan,25.360791913416932,15.388175964355469,16.262598037719727,-1.18745565433235,6.641030311584473,6.988498687744141
adaptive_shard_00013.pt:112,clean,oracle,26.548247567749282,8.747145652770996,9.274099349975586,nan,nan,25.383788022413437,15.423503875732422,16.349767684936523,-1.1644595453358448,6.676358222961426,7.0756683349609375
adaptive_shard_00013.pt:113,light,zero,24.975876801393724,13.568045616149902,16.28719139099121,nan,nan,24.238589015970334,16.35825538635254,18.085826873779297,-0.7372877854233906,2.7902097702026367,1.798635482788086
adaptive_shard_00013.pt:113,light,shuffled,24.975876801393724,13.568045616149902,16.28719139099121,nan,nan,24.236350850424152,16.171308517456055,17.83311653137207,-0.739525950969572,2.6032629013061523,1.5459251403808594
adaptive_shard_00013.pt:113,light,predicted,24.975876801393724,13.568045616149902,16.28719139099121,nan,nan,24.300960914695775,16.201377868652344,17.95741844177246,-0.6749158866979492,2.6333322525024414,1.67022705078125
adaptive_shard_00013.pt:113,light,oracle,24.975876801393724,13.568045616149902,16.28719139099121,nan,nan,24.302228016007422,16.1981201171875,17.961210250854492,-0.6736487853863018,2.6300745010375977,1.6740188598632812
adaptive_shard_00013.pt:114,medium,zero,21.573964063050344,13.208815574645996,14.391451835632324,nan,nan,21.246172019515278,17.692276000976562,19.4273738861084,-0.32779204353506586,4.483460426330566,5.035922050476074
adaptive_shard_00013.pt:114,medium,shuffled,21.573964063050344,13.208815574645996,14.391451835632324,nan,nan,21.199859195815623,17.732267379760742,19.403003692626953,-0.3741048672347205,4.523451805114746,5.011551856994629
adaptive_shard_00013.pt:114,medium,predicted,21.573964063050344,13.208815574645996,14.391451835632324,nan,nan,21.204899104070464,17.69202995300293,19.325620651245117,-0.36906495897988023,4.483214378356934,4.934168815612793
adaptive_shard_00013.pt:114,medium,oracle,21.573964063050344,13.208815574645996,14.391451835632324,nan,nan,21.203765302316675,17.716094970703125,19.3366641998291,-0.3701987607336683,4.507279396057129,4.945212364196777
adaptive_shard_00013.pt:115,heavy,zero,17.938521316770974,13.541377067565918,14.307446479797363,nan,nan,17.791241902936832,18.209606170654297,19.626834869384766,-0.14727941383414134,4.668229103088379,5.319388389587402
adaptive_shard_00013.pt:115,heavy,shuffled,17.938521316770974,13.541377067565918,14.307446479797363,nan,nan,17.7699622766224,18.243305206298828,19.603113174438477,-0.1685590401485726,4.70192813873291,5.295666694641113
adaptive_shard_00013.pt:115,heavy,predicted,17.938521316770974,13.541377067565918,14.307446479797363,nan,nan,17.790792421962035,18.078556060791016,19.448171615600586,-0.1477288948089388,4.537178993225098,5.140725135803223
adaptive_shard_00013.pt:115,heavy,oracle,17.938521316770974,13.541377067565918,14.307446479797363,nan,nan,17.7906545452439,18.078439712524414,19.447025299072266,-0.14786677152707384,4.537062644958496,5.139578819274902
adaptive_shard_00014.pt:0,clean,zero,23.35161243502332,10.538448333740234,10.316011428833008,nan,nan,22.91126914737566,12.38752555847168,14.407875061035156,-0.44034328764766073,1.8490772247314453,4.091863632202148
adaptive_shard_00014.pt:0,clean,shuffled,23.35161243502332,10.538448333740234,10.316011428833008,nan,nan,22.899327924696347,12.324370384216309,14.304856300354004,-0.45228451032697237,1.7859220504760742,3.988844871520996
adaptive_shard_00014.pt:0,clean,predicted,23.35161243502332,10.538448333740234,10.316011428833008,nan,nan,22.84582171171892,12.357540130615234,14.282598495483398,-0.5057907233044006,1.819091796875,3.9665870666503906
adaptive_shard_00014.pt:0,clean,oracle,23.35161243502332,10.538448333740234,10.316011428833008,nan,nan,22.85564125599254,12.403219223022461,14.372706413269043,-0.4959711790307786,1.8647708892822266,4.056694984436035
adaptive_shard_00014.pt:1,light,zero,20.322449775197178,17.508861541748047,20.656509399414062,nan,nan,20.100178696950554,14.494746208190918,17.697751998901367,-0.2222710782466244,-3.014115333557129,-2.9587574005126953
adaptive_shard_00014.pt:1,light,shuffled,20.322449775197178,17.508861541748047,20.656509399414062,nan,nan,20.099552963817434,14.343850135803223,17.511423110961914,-0.22289681137974426,-3.165011405944824,-3.1450862884521484
adaptive_shard_00014.pt:1,light,predicted,20.322449775197178,17.508861541748047,20.656509399414062,nan,nan,20.115617228561145,14.39688491821289,17.60910987854004,-0.2068325466360328,-3.1119766235351562,-3.0473995208740234
adaptive_shard_00014.pt:1,light,oracle,20.322449775197178,17.508861541748047,20.656509399414062,nan,nan,20.119435784208065,14.375511169433594,17.5989933013916,-0.20301399098911332,-3.133350372314453,-3.057516098022461
adaptive_shard_00014.pt:2,medium,zero,17.87779854136027,14.291942596435547,15.11362075805664,nan,nan,17.740216352331345,15.932534217834473,19.197284698486328,-0.13758218902892594,1.6405916213989258,4.0836639404296875
adaptive_shard_00014.pt:2,medium,shuffled,17.87779854136027,14.291942596435547,15.11362075805664,nan,nan,17.7225848997575,15.947344779968262,19.177513122558594,-0.15521364160277074,1.6554021835327148,4.063892364501953
adaptive_shard_00014.pt:2,medium,predicted,17.87779854136027,14.291942596435547,15.11362075805664,nan,nan,17.72448953656736,15.911725044250488,19.111616134643555,-0.15330900479290932,1.6197824478149414,3.997995376586914
adaptive_shard_00014.pt:2,medium,oracle,17.87779854136027,14.291942596435547,15.11362075805664,nan,nan,17.736424170187853,15.900712013244629,19.14512825012207,-0.14137437117241802,1.608769416809082,4.03150749206543
adaptive_shard_00014.pt:3,heavy,zero,16.041664561428746,14.423375129699707,15.276595115661621,nan,nan,15.967167088164722,16.423940658569336,19.279619216918945,-0.07449747326402445,2.000565528869629,4.003024101257324
adaptive_shard_00014.pt:3,heavy,shuffled,16.041664561428746,14.423375129699707,15.276595115661621,nan,nan,15.956383796263188,16.429059982299805,19.259241104125977,-0.08528076516555849,2.0056848526000977,3.9826459884643555
adaptive_shard_00014.pt:3,heavy,predicted,16.041664561428746,14.423375129699707,15.276595115661621,nan,nan,15.966796299574831,16.311399459838867,19.132192611694336,-0.07486826185391493,1.8880243301391602,3.855597496032715
adaptive_shard_00014.pt:3,heavy,oracle,16.041664561428746,14.423375129699707,15.276595115661621,nan,nan,15.96685211433396,16.311416625976562,19.132593154907227,-0.07481244709478574,1.8880414962768555,3.8559980392456055
adaptive_shard_00014.pt:12,clean,zero,-7.3562266862629775,7.754716873168945,6.195106029510498,nan,nan,-7.384995538888787,26.754165649414062,25.856332778930664,-0.028768852625809416,18.999448776245117,19.661226749420166
adaptive_shard_00014.pt:12,clean,shuffled,-7.3562266862629775,7.754716873168945,6.195106029510498,nan,nan,-7.385196834081001,26.844449996948242,25.89192771911621,-0.02897014781802376,19.089733123779297,19.696821689605713
adaptive_shard_00014.pt:12,clean,predicted,-7.3562266862629775,7.754716873168945,6.195106029510498,nan,nan,-7.387055324594644,26.79414176940918,25.65454864501953,-0.03082863833166627,19.039424896240234,19.459442615509033
adaptive_shard_00014.pt:12,clean,oracle,-7.3562266862629775,7.754716873168945,6.195106029510498,nan,nan,-7.387174346577435,26.850460052490234,25.800193786621094,-0.030947660314457615,19.09574317932129,19.605087757110596
adaptive_shard_00014.pt:13,light,zero,-5.180947646318926,12.932737350463867,11.6294584274292,nan,nan,-5.204555921256216,26.951608657836914,26.066452026367188,-0.02360827493729012,14.018871307373047,14.436993598937988
adaptive_shard_00014.pt:13,light,shuffled,-5.180947646318926,12.932737350463867,11.6294584274292,nan,nan,-5.203314617429571,26.68936538696289,25.884090423583984,-0.022366971110645117,13.756628036499023,14.254631996154785
adaptive_shard_00014.pt:13,light,predicted,-5.180947646318926,12.932737350463867,11.6294584274292,nan,nan,-5.206392964600378,26.926557540893555,25.751375198364258,-0.025445318281452245,13.993820190429688,14.121916770935059
adaptive_shard_00014.pt:13,light,oracle,-5.180947646318926,12.932737350463867,11.6294584274292,nan,nan,-5.204722986327834,27.038976669311523,26.101642608642578,-0.023775340008907797,14.106239318847656,14.472184181213379
adaptive_shard_00014.pt:14,medium,zero,-6.09526223115246,11.627687454223633,11.10615348815918,nan,nan,-6.11495171282355,26.728778839111328,25.9691219329834,-0.019689481671090192,15.101091384887695,14.862968444824219
adaptive_shard_00014.pt:14,medium,shuffled,-6.09526223115246,11.627687454223633,11.10615348815918,nan,nan,-6.115305830222281,26.66129493713379,25.815982818603516,-0.02004359906982156,15.033607482910156,14.709829330444336
adaptive_shard_00014.pt:14,medium,predicted,-6.09526223115246,11.627687454223633,11.10615348815918,nan,nan,-6.1161225672912884,26.7202205657959,25.729942321777344,-0.02086033613882865,15.092533111572266,14.623788833618164
adaptive_shard_00014.pt:14,medium,oracle,-6.09526223115246,11.627687454223633,11.10615348815918,nan,nan,-6.115305830222281,26.66129493713379,25.815982818603516,-0.02004359906982156,15.033607482910156,14.709829330444336
adaptive_shard_00014.pt:15,heavy,zero,-7.703676022373822,19.623010635375977,19.06618881225586,nan,nan,-7.733930507960353,27.35405921936035,26.342666625976562,-0.03025448558653121,7.731048583984375,7.276477813720703
adaptive_shard_00014.pt:15,heavy,shuffled,-7.703676022373822,19.623010635375977,19.06618881225586,nan,nan,-7.734044763701647,27.095407485961914,25.978864669799805,-0.030368741327825077,7.4723968505859375,6.912675857543945
adaptive_shard_00014.pt:15,heavy,predicted,-7.703676022373822,19.623010635375977,19.06618881225586,nan,nan,-7.734021487695305,27.094974517822266,25.98145294189453,-0.03034546532148319,7.471963882446289,6.915264129638672
adaptive_shard_00014.pt:15,heavy,oracle,-7.703676022373822,19.623010635375977,19.06618881225586,nan,nan,-7.734044763701647,27.095407485961914,25.978864669799805,-0.030368741327825077,7.4723968505859375,6.912675857543945
adaptive_shard_00014.pt:88,clean,zero,22.196876646182446,19.751630783081055,20.39051055908203,nan,nan,21.63683799481314,20.62612533569336,20.748554229736328,-0.5600386513693074,0.8744945526123047,0.3580436706542969
adaptive_shard_00014.pt:88,clean,shuffled,22.196876646182446,19.751630783081055,20.39051055908203,nan,nan,21.631291186467383,20.702041625976562,20.77924919128418,-0.5655854597150629,0.9504108428955078,0.38873863220214844
adaptive_shard_00014.pt:88,clean,predicted,22.196876646182446,19.751630783081055,20.39051055908203,nan,nan,21.56586823684991,20.664451599121094,20.60641098022461,-0.6310084093325372,0.9128208160400391,0.21590042114257812
adaptive_shard_00014.pt:88,clean,oracle,22.196876646182446,19.751630783081055,20.39051055908203,nan,nan,21.576779864219876,20.693838119506836,20.70191192626953,-0.6200967819625696,0.9422073364257812,0.3114013671875
adaptive_shard_00014.pt:89,light,zero,20.323716429165795,16.566173553466797,17.577775955200195,nan,nan,19.921383150164147,21.296541213989258,21.914379119873047,-0.40233327900164895,4.730367660522461,4.336603164672852
adaptive_shard_00014.pt:89,light,shuffled,20.323716429165795,16.566173553466797,17.577775955200195,nan,nan,19.920660995977027,21.0615291595459,21.605928421020508,-0.4030554331887686,4.495355606079102,4.0281524658203125
adaptive_shard_00014.pt:89,light,predicted,20.323716429165795,16.566173553466797,17.577775955200195,nan,nan,19.916236354262786,21.385845184326172,21.948104858398438,-0.40748007490300964,4.819671630859375,4.370328903198242
adaptive_shard_00014.pt:89,light,oracle,20.323716429165795,16.566173553466797,17.577775955200195,nan,nan,19.917458549665803,21.378971099853516,21.95836639404297,-0.4062578794999929,4.812797546386719,4.380590438842773
adaptive_shard_00014.pt:90,medium,zero,20.581411393740442,12.358022689819336,13.065095901489258,nan,nan,20.213419225282287,21.936317443847656,22.798072814941406,-0.3679921684581551,9.57829475402832,9.732976913452148
adaptive_shard_00014.pt:90,medium,shuffled,20.581411393740442,12.358022689819336,13.065095901489258,nan,nan,20.213233855731367,21.732990264892578,22.538354873657227,-0.3681775380090748,9.374967575073242,9.473258972167969
adaptive_shard_00014.pt:90,medium,predicted,20.581411393740442,12.358022689819336,13.065095901489258,nan,nan,20.175663273543286,21.95610809326172,22.645822525024414,-0.4057481201971562,9.598085403442383,9.580726623535156
adaptive_shard_00014.pt:90,medium,oracle,20.581411393740442,12.358022689819336,13.065095901489258,nan,nan,20.204061368242687,21.89246368408203,22.700904846191406,-0.37735002549775487,9.534440994262695,9.635808944702148
adaptive_shard_00014.pt:91,heavy,zero,18.36045908813685,12.322941780090332,12.898185729980469,nan,nan,18.13038285888738,22.150699615478516,22.764070510864258,-0.23007622924946958,9.827757835388184,9.865884780883789
adaptive_shard_00014.pt:91,heavy,shuffled,18.36045908813685,12.322941780090332,12.898185729980469,nan,nan,18.104062135732583,22.212574005126953,22.726099014282227,-0.2563969524042662,9.889632225036621,9.827913284301758
adaptive_shard_00014.pt:91,heavy,predicted,18.36045908813685,12.322941780090332,12.898185729980469,nan,nan,18.130091402387343,21.940439224243164,22.491073608398438,-0.23036768574950628,9.617497444152832,9.592887878417969
adaptive_shard_00014.pt:91,heavy,oracle,18.36045908813685,12.322941780090332,12.898185729980469,nan,nan,18.129943492997313,21.940622329711914,22.489858627319336,-0.23051559513953634,9.617680549621582,9.591672897338867
adaptive_shard_00014.pt:92,clean,zero,18.547737643086734,16.106609344482422,16.354999542236328,nan,nan,18.37427550328771,16.212068557739258,16.13753318786621,-0.17346213979902458,0.10545921325683594,-0.2174663543701172
adaptive_shard_00014.pt:92,clean,shuffled,18.547737643086734,16.106609344482422,16.354999542236328,nan,nan,18.36928085981019,16.155147552490234,16.026866912841797,-0.17845678327654468,0.0485382080078125,-0.32813262939453125
adaptive_shard_00014.pt:92,clean,predicted,18.547737643086734,16.106609344482422,16.354999542236328,nan,nan,18.347664606252195,16.22754669189453,16.015609741210938,-0.2000730368345387,0.12093734741210938,-0.3393898010253906
adaptive_shard_00014.pt:92,clean,oracle,18.547737643086734,16.106609344482422,16.354999542236328,nan,nan,18.35171791600586,16.25707244873047,16.100238800048828,-0.19601972708087345,0.15046310424804688,-0.2547607421875
adaptive_shard_00014.pt:93,light,zero,16.965620211779413,16.129316329956055,17.853839874267578,nan,nan,16.850503923952257,17.560001373291016,18.269424438476562,-0.11511628782715633,1.430685043334961,0.4155845642089844
adaptive_shard_00014.pt:93,light,shuffled,16.965620211779413,16.129316329956055,17.853839874267578,nan,nan,16.834879298741786,17.608585357666016,18.231998443603516,-0.13074091303762714,1.479269027709961,0.3781585693359375
adaptive_shard_00014.pt:93,light,predicted,16.965620211779413,16.129316329956055,17.853839874267578,nan,nan,16.84864678701062,17.622703552246094,18.28876304626465,-0.11697342476879413,1.493387222290039,0.4349231719970703
adaptive_shard_00014.pt:93,light,oracle,16.965620211779413,16.129316329956055,17.853839874267578,nan,nan,16.849083591518866,17.626079559326172,18.306072235107422,-0.1165366202605469,1.4967632293701172,0.45223236083984375
adaptive_shard_00014.pt:94,medium,zero,18.87568120944176,12.258265495300293,13.20326042175293,nan,nan,18.677260395370727,18.731447219848633,19.65087890625,-0.19842081407103151,6.47318172454834,6.44761848449707
adaptive_shard_00014.pt:94,medium,shuffled,18.87568120944176,12.258265495300293,13.20326042175293,nan,nan,18.674967274845294,18.77570915222168,19.656301498413086,-0.20071393459646458,6.517443656921387,6.453041076660156
adaptive_shard_00014.pt:94,medium,predicted,18.87568120944176,12.258265495300293,13.20326042175293,nan,nan,18.657338074695833,18.738719940185547,19.54789924621582,-0.21834313474592548,6.480454444885254,6.344638824462891
adaptive_shard_00014.pt:94,medium,oracle,18.87568120944176,12.258265495300293,13.20326042175293,nan,nan,18.654959764248744,18.76451301574707,19.53217124938965,-0.22072144519301418,6.506247520446777,6.328910827636719
adaptive_shard_00014.pt:95,heavy,zero,15.898324848798346,13.675334930419922,14.455504417419434,nan,nan,15.821541682308151,19.203357696533203,19.7679443359375,-0.07678316649019479,5.528022766113281,5.312439918518066
adaptive_shard_00014.pt:95,heavy,shuffled,15.898324848798346,13.675334930419922,14.455504417419434,nan,nan,15.81136420275623,19.234825134277344,19.661712646484375,-0.08696064604211529,5.559490203857422,5.206208229064941
adaptive_shard_00014.pt:95,heavy,predicted,15.898324848798346,13.675334930419922,14.455504417419434,nan,nan,15.821608119514641,19.05948829650879,19.574670791625977,-0.07671672928370477,5.384153366088867,5.119166374206543
adaptive_shard_00014.pt:95,heavy,oracle,15.898324848798346,13.675334930419922,14.455504417419434,nan,nan,15.821552558602306,19.059595108032227,19.573867797851562,-0.0767722901960397,5.384260177612305,5.118363380432129
adaptive_shard_00015.pt:12,clean,zero,21.258904041138557,13.850547790527344,13.764298439025879,nan,nan,20.925210849214068,15.031216621398926,15.799833297729492,-0.333693191924489,1.180668830871582,2.0355348587036133
adaptive_shard_00015.pt:12,clean,shuffled,21.258904041138557,13.850547790527344,13.764298439025879,nan,nan,20.95343530413399,14.871895790100098,15.67822551727295,-0.305468737004567,1.021347999572754,1.9139270782470703
adaptive_shard_00015.pt:12,clean,predicted,21.258904041138557,13.850547790527344,13.764298439025879,nan,nan,20.87530921090071,15.044361114501953,15.673748970031738,-0.3835948302378469,1.1938133239746094,1.9094505310058594
adaptive_shard_00015.pt:12,clean,oracle,21.258904041138557,13.850547790527344,13.764298439025879,nan,nan,20.8828391617184,15.081162452697754,15.766643524169922,-0.37606487942015576,1.2306146621704102,2.002345085144043
adaptive_shard_00015.pt:13,light,zero,21.1267798382588,18.12169647216797,20.5542049407959,nan,nan,20.80916698305495,15.561477661132812,16.68144989013672,-0.31761285520384774,-2.5602188110351562,-3.8727550506591797
adaptive_shard_00015.pt:13,light,shuffled,21.1267798382588,18.12169647216797,20.5542049407959,nan,nan,20.809386586683097,15.379000663757324,16.431760787963867,-0.31739325157570164,-2.7426958084106445,-4.122444152832031
adaptive_shard_00015.pt:13,light,predicted,21.1267798382588,18.12169647216797,20.5542049407959,nan,nan,20.836065376317006,15.410419464111328,16.561662673950195,-0.29071446194179273,-2.7112770080566406,-3.992542266845703
adaptive_shard_00015.pt:13,light,oracle,21.1267798382588,18.12169647216797,20.5542049407959,nan,nan,20.8363562473669,15.410158157348633,16.56945037841797,-0.29042359089189773,-2.711538314819336,-3.9847545623779297
adaptive_shard_00015.pt:14,medium,zero,16.96858887645509,13.229134559631348,14.815738677978516,nan,nan,16.87891873056639,16.430561065673828,18.010982513427734,-0.08967014588870015,3.2014265060424805,3.1952438354492188
adaptive_shard_00015.pt:14,medium,shuffled,16.96858887645509,13.229134559631348,14.815738677978516,nan,nan,16.878834664484483,16.282676696777344,17.803333282470703,-0.0897542119706074,3.053542137145996,2.9875946044921875
adaptive_shard_00015.pt:14,medium,predicted,16.96858887645509,13.229134559631348,14.815738677978516,nan,nan,16.86644389629867,16.416156768798828,17.85712242126465,-0.10214498015642093,3.1870222091674805,3.041383743286133
adaptive_shard_00015.pt:14,medium,oracle,16.96858887645509,13.229134559631348,14.815738677978516,nan,nan,16.875875181550096,16.393482208251953,17.929906845092773,-0.09271369490499382,3.1643476486206055,3.114168167114258
adaptive_shard_00015.pt:15,heavy,zero,14.60195665408021,12.631824493408203,13.465600967407227,nan,nan,14.551700958333582,16.865427017211914,18.108909606933594,-0.05025569574662825,4.233602523803711,4.643308639526367
adaptive_shard_00015.pt:15,heavy,shuffled,14.60195665408021,12.631824493408203,13.465600967407227,nan,nan,14.543438917540803,16.912353515625,18.087446212768555,-0.058517736539407395,4.280529022216797,4.621845245361328
adaptive_shard_00015.pt:15,heavy,predicted,14.60195665408021,12.631824493408203,13.465600967407227,nan,nan,14.551557923299239,16.710296630859375,17.893770217895508,-0.050398730780971235,4.078472137451172,4.428169250488281
adaptive_shard_00015.pt:15,heavy,oracle,14.60195665408021,12.631824493408203,13.465600967407227,nan,nan,14.551557449787198,16.710023880004883,17.893291473388672,-0.05039920429301148,4.07819938659668,4.427690505981445
adaptive_shard_00015.pt:60,clean,zero,26.5593654199642,14.129802703857422,14.514230728149414,nan,nan,25.445893494423608,16.90492820739746,17.5306396484375,-1.113471925540594,2.775125503540039,3.016408920288086
adaptive_shard_00015.pt:60,clean,shuffled,26.5593654199642,14.129802703857422,14.514230728149414,nan,nan,25.417598799992255,16.84447479248047,17.412506103515625,-1.1417666199719463,2.714672088623047,2.898275375366211
adaptive_shard_00015.pt:60,clean,predicted,26.5593654199642,14.129802703857422,14.514230728149414,nan,nan,25.29566869294344,16.91573143005371,17.399770736694336,-1.2636967270207613,2.785928726196289,2.885540008544922
adaptive_shard_00015.pt:60,clean,oracle,26.5593654199642,14.129802703857422,14.514230728149414,nan,nan,25.318124949909176,16.95114517211914,17.491151809692383,-1.2412404700550255,2.8213424682617188,2.9769210815429688
adaptive_shard_00015.pt:61,light,zero,22.16044932319037,18.033565521240234,20.6647891998291,nan,nan,21.746410207495956,18.162410736083984,19.71289825439453,-0.41403911569441476,0.12884521484375,-0.9518909454345703
adaptive_shard_00015.pt:61,light,shuffled,22.16044932319037,18.033565521240234,20.6647891998291,nan,nan,21.73602216627002,18.11912727355957,19.631065368652344,-0.42442715692035193,0.08556175231933594,-1.0337238311767578
adaptive_shard_00015.pt:61,light,predicted,22.16044932319037,18.033565521240234,20.6647891998291,nan,nan,21.75732667856424,18.059947967529297,19.60019302368164,-0.40312264462613,0.0263824462890625,-1.064596176147461
adaptive_shard_00015.pt:61,light,oracle,22.16044932319037,18.033565521240234,20.6647891998291,nan,nan,21.782519740594157,17.990934371948242,19.589218139648438,-0.377929582596213,-0.04263114929199219,-1.075571060180664
adaptive_shard_00015.pt:62,medium,zero,14.840170440527169,12.49044418334961,13.361017227172852,nan,nan,14.772781649606284,19.604520797729492,21.358850479125977,-0.06738879092088546,7.114076614379883,7.997833251953125
adaptive_shard_00015.pt:62,medium,shuffled,14.840170440527169,12.49044418334961,13.361017227172852,nan,nan,14.762678417621162,19.653169631958008,21.330202102661133,-0.07749202290600721,7.162725448608398,7.969184875488281
adaptive_shard_00015.pt:62,medium,predicted,14.840170440527169,12.49044418334961,13.361017227172852,nan,nan,14.76441305442889,19.59789276123047,21.234148025512695,-0.07575738609827987,7.107448577880859,7.873130798339844
adaptive_shard_00015.pt:62,medium,oracle,14.840170440527169,12.49044418334961,13.361017227172852,nan,nan,14.770816299603993,19.565031051635742,21.28411102294922,-0.06935414092317593,7.074586868286133,7.923093795776367
adaptive_shard_00015.pt:63,heavy,zero,13.106996727954044,12.91971206665039,13.741934776306152,nan,nan,13.044686274054529,19.89998435974121,21.33106803894043,-0.062310453899515394,6.98027229309082,7.589133262634277
adaptive_shard_00015.pt:63,heavy,shuffled,13.106996727954044,12.91971206665039,13.741934776306152,nan,nan,13.050066410412358,19.754899978637695,21.23002052307129,-0.05693031754168665,6.835187911987305,7.488085746765137
adaptive_shard_00015.pt:63,heavy,predicted,13.106996727954044,12.91971206665039,13.741934776306152,nan,nan,13.044686600858498,19.725496292114258,21.103458404541016,-0.06231012709554662,6.805784225463867,7.361523628234863
adaptive_shard_00015.pt:63,heavy,oracle,13.106996727954044,12.91971206665039,13.741934776306152,nan,nan,13.044714403888541,19.725509643554688,21.104135513305664,-0.06228232406550305,6.805797576904297,7.362200736999512
adaptive_shard_00016.pt:16,clean,zero,12.728188323065703,11.296061515808105,12.019968032836914,nan,nan,12.687110247339797,21.740280151367188,21.727563858032227,-0.04107807572590616,10.444218635559082,9.707595825195312
adaptive_shard_00016.pt:16,clean,shuffled,12.728188323065703,11.296061515808105,12.019968032836914,nan,nan,12.687047590171312,21.492013931274414,21.382484436035156,-0.04114073289439091,10.195952415466309,9.362516403198242
adaptive_shard_00016.pt:16,clean,predicted,12.728188323065703,11.296061515808105,12.019968032836914,nan,nan,12.679753161924934,21.78049087524414,21.58355140686035,-0.04843516114076962,10.484429359436035,9.563583374023438
adaptive_shard_00016.pt:16,clean,oracle,12.728188323065703,11.296061515808105,12.019968032836914,nan,nan,12.680898357317623,21.81301498413086,21.684316635131836,-0.047289965748079865,10.516953468322754,9.664348602294922
adaptive_shard_00016.pt:17,light,zero,12.944554640464428,12.846752166748047,13.732815742492676,nan,nan,12.901237187880895,21.790861129760742,21.693281173706055,-0.04331745258353337,8.944108963012695,7.960465431213379
adaptive_shard_00016.pt:17,light,shuffled,12.944554640464428,12.846752166748047,13.732815742492676,nan,nan,12.901103116868324,21.55010223388672,21.35526466369629,-0.04345152359610438,8.703350067138672,7.622448921203613
adaptive_shard_00016.pt:17,light,predicted,12.944554640464428,12.846752166748047,13.732815742492676,nan,nan,12.900434699576751,21.73440933227539,21.550548553466797,-0.044119940887677345,8.887657165527344,7.817732810974121
adaptive_shard_00016.pt:17,light,oracle,12.944554640464428,12.846752166748047,13.732815742492676,nan,nan,12.905498639571855,21.582763671875,21.545021057128906,-0.03905600089257355,8.736011505126953,7.8122053146362305
adaptive_shard_00016.pt:18,medium,zero,15.253639165418402,11.912591934204102,11.553054809570312,nan,nan,15.192542238062876,21.797367095947266,21.66664695739746,-0.06109692735552663,9.884775161743164,10.113592147827148
adaptive_shard_00016.pt:18,medium,shuffled,15.253639165418402,11.912591934204102,11.553054809570312,nan,nan,15.199113943893481,21.596817016601562,21.52907943725586,-0.05452522152492101,9.684225082397461,9.976024627685547
adaptive_shard_00016.pt:18,medium,predicted,15.253639165418402,11.912591934204102,11.553054809570312,nan,nan,15.18512210922375,21.79456329345703,21.518850326538086,-0.06851705619465243,9.88197135925293,9.965795516967773
adaptive_shard_00016.pt:18,medium,oracle,15.253639165418402,11.912591934204102,11.553054809570312,nan,nan,15.190367564316947,21.746131896972656,21.555578231811523,-0.06327160110145513,9.833539962768555,10.002523422241211
adaptive_shard_00016.pt:19,heavy,zero,14.3643285988196,13.832884788513184,13.439326286315918,nan,nan,14.301538122542116,21.874923706054688,21.8394832611084,-0.06279047627748469,8.042038917541504,8.40015697479248
adaptive_shard_00016.pt:19,heavy,shuffled,14.3643285988196,13.832884788513184,13.439326286315918,nan,nan,14.300732204898445,21.933549880981445,21.856462478637695,-0.06359639392115568,8.100665092468262,8.417136192321777
adaptive_shard_00016.pt:19,heavy,predicted,14.3643285988196,13.832884788513184,13.439326286315918,nan,nan,14.301464970899167,21.652751922607422,21.534509658813477,-0.06286362792043398,7.819867134094238,8.095183372497559
adaptive_shard_00016.pt:19,heavy,oracle,14.3643285988196,13.832884788513184,13.439326286315918,nan,nan,14.3012985538007,21.6528377532959,21.52953338623047,-0.06303004501890008,7.819952964782715,8.09020709991455
adaptive_shard_00016.pt:64,clean,zero,24.409004368134696,12.107630729675293,12.565437316894531,nan,nan,23.804549856074853,17.812559127807617,18.06681251525879,-0.6044545120598421,5.704928398132324,5.501375198364258
adaptive_shard_00016.pt:64,clean,shuffled,24.409004368134696,12.107630729675293,12.565437316894531,nan,nan,23.788857359040634,17.761186599731445,17.962093353271484,-0.6201470090940617,5.653555870056152,5.396656036376953
adaptive_shard_00016.pt:64,clean,predicted,24.409004368134696,12.107630729675293,12.565437316894531,nan,nan,23.71799516223223,17.831758499145508,17.93975257873535,-0.6910092059024642,5.724127769470215,5.37431526184082
adaptive_shard_00016.pt:64,clean,oracle,24.409004368134696,12.107630729675293,12.565437316894531,nan,nan,23.73097344724211,17.86771583557129,18.034530639648438,-0.678030920892585,5.760085105895996,5.469093322753906
adaptive_shard_00016.pt:65,light,zero,23.12207653779545,12.920881271362305,14.978694915771484,nan,nan,22.672762334544515,18.08315658569336,18.54938507080078,-0.4493142032509354,5.162275314331055,3.570690155029297
adaptive_shard_00016.pt:65,light,shuffled,23.12207653779545,12.920881271362305,14.978694915771484,nan,nan,22.616407821469082,18.13524627685547,18.515499114990234,-0.5056687163263689,5.214365005493164,3.53680419921875
adaptive_shard_00016.pt:65,light,predicted,23.12207653779545,12.920881271362305,14.978694915771484,nan,nan,22.641027117875407,18.061717987060547,18.419395446777344,-0.48104941992004413,5.140836715698242,3.4407005310058594
adaptive_shard_00016.pt:65,light,oracle,23.12207653779545,12.920881271362305,14.978694915771484,nan,nan,22.710766800861567,17.922298431396484,18.431581497192383,-0.41130973693388384,5.00141716003418,3.4528865814208984
adaptive_shard_00016.pt:66,medium,zero,16.44307774952196,12.931123733520508,13.885977745056152,nan,nan,16.349669236876917,19.385194778442383,20.33047866821289,-0.0934085126450448,6.454071044921875,6.444500923156738
adaptive_shard_00016.pt:66,medium,shuffled,16.44307774952196,12.931123733520508,13.885977745056152,nan,nan,16.337864632647218,19.410600662231445,20.199172973632812,-0.10521311687474366,6.4794769287109375,6.31319522857666
adaptive_shard_00016.pt:66,medium,predicted,16.44307774952196,12.931123733520508,13.885977745056152,nan,nan,16.33924813349696,19.388015747070312,20.21706199645996,-0.10382961602500274,6.456892013549805,6.331084251403809
adaptive_shard_00016.pt:66,medium,oracle,16.44307774952196,12.931123733520508,13.885977745056152,nan,nan,16.34704467091761,19.35280418395996,20.259191513061523,-0.09603307860434995,6.421680450439453,6.373213768005371
adaptive_shard_00016.pt:67,heavy,zero,14.021207177773524,14.840354919433594,15.50922679901123,nan,nan,13.964859312536106,20.081327438354492,20.743024826049805,-0.056347865237418304,5.240972518920898,5.233798027038574
adaptive_shard_00016.pt:67,heavy,shuffled,14.021207177773524,14.840354919433594,15.50922679901123,nan,nan,13.964672734834352,19.93473243713379,20.539003372192383,-0.056534442939172536,5.094377517700195,5.029776573181152
adaptive_shard_00016.pt:67,heavy,predicted,14.021207177773524,14.840354919433594,15.50922679901123,nan,nan,13.964782739909367,19.934722900390625,20.54166030883789,-0.056424437864157184,5.094367980957031,5.03243350982666
adaptive_shard_00016.pt:67,heavy,oracle,14.021207177773524,14.840354919433594,15.50922679901123,nan,nan,13.964695976554184,19.93472671508789,20.539567947387695,-0.05651120121934028,5.094371795654297,5.030341148376465
adaptive_shard_00016.pt:80,clean,zero,19.953586465779047,8.365974426269531,8.731119155883789,nan,nan,19.761201088522515,14.393553733825684,15.339914321899414,-0.1923853772565316,6.027579307556152,6.608795166015625
adaptive_shard_00016.pt:80,clean,shuffled,19.953586465779047,8.365974426269531,8.731119155883789,nan,nan,19.7335145548917,14.436710357666016,15.31174373626709,-0.22007191088734857,6.070735931396484,6.580624580383301
adaptive_shard_00016.pt:80,clean,predicted,19.953586465779047,8.365974426269531,8.731119155883789,nan,nan,19.72843037224871,14.396936416625977,15.219468116760254,-0.2251560935303374,6.030961990356445,6.488348960876465
adaptive_shard_00016.pt:80,clean,oracle,19.953586465779047,8.365974426269531,8.731119155883789,nan,nan,19.7335145548917,14.436710357666016,15.31174373626709,-0.22007191088734857,6.070735931396484,6.580624580383301
adaptive_shard_00016.pt:81,light,zero,17.273927879977904,11.142407417297363,13.064215660095215,nan,nan,17.16472473454077,15.456707000732422,17.06082534790039,-0.10920314543713516,4.314299583435059,3.996609687805176
adaptive_shard_00016.pt:81,light,shuffled,17.273927879977904,11.142407417297363,13.064215660095215,nan,nan,17.16130374495006,15.417930603027344,16.98359489440918,-0.11262413502784341,4.2755231857299805,3.919379234313965
adaptive_shard_00016.pt:81,light,predicted,17.273927879977904,11.142407417297363,13.064215660095215,nan,nan,17.15201592964623,15.499378204345703,17.00602912902832,-0.12191195033167546,4.35697078704834,3.9418134689331055
adaptive_shard_00016.pt:81,light,oracle,17.273927879977904,11.142407417297363,13.064215660095215,nan,nan,17.16325688097395,15.487663269042969,17.066028594970703,-0.11067099900395405,4.3452558517456055,4.001812934875488
adaptive_shard_00016.pt:82,medium,zero,16.57368839630375,12.841726303100586,14.586177825927734,nan,nan,16.47247078685207,16.583446502685547,18.277603149414062,-0.10121760945168035,3.741720199584961,3.691425323486328
adaptive_shard_00016.pt:82,medium,shuffled,16.57368839630375,12.841726303100586,14.586177825927734,nan,nan,16.458446783584247,16.621395111083984,18.26253318786621,-0.11524161271950462,3.7796688079833984,3.6763553619384766
adaptive_shard_00016.pt:82,medium,predicted,16.57368839630375,12.841726303100586,14.586177825927734,nan,nan,16.460177882630095,16.561574935913086,18.153614044189453,-0.11351051367365628,3.7198486328125,3.5674362182617188
adaptive_shard_00016.pt:82,medium,oracle,16.57368839630375,12.841726303100586,14.586177825927734,nan,nan,16.459519083506514,16.56852149963379,18.136381149291992,-0.11416931279723741,3.726795196533203,3.550203323364258
adaptive_shard_00016.pt:83,heavy,zero,14.083637808031868,14.075626373291016,14.991864204406738,nan,nan,14.026301678599006,17.45244598388672,18.809955596923828,-0.05733612943286204,3.376819610595703,3.81809139251709
adaptive_shard_00016.pt:83,heavy,shuffled,14.083637808031868,14.075626373291016,14.991864204406738,nan,nan,14.031610888731647,17.371721267700195,18.74911117553711,-0.05202691930022141,3.2960948944091797,3.757246971130371
adaptive_shard_00016.pt:83,heavy,predicted,14.083637808031868,14.075626373291016,14.991864204406738,nan,nan,14.026225350749415,17.345067977905273,18.649049758911133,-0.05741245728245303,3.269441604614258,3.6571855545043945
adaptive_shard_00016.pt:83,heavy,oracle,14.083637808031868,14.075626373291016,14.991864204406738,nan,nan,14.026159923683723,17.34477424621582,18.6475887298584,-0.05747788434814538,3.2691478729248047,3.65572452545166
adaptive_shard_00017.pt:24,clean,zero,18.56835310015951,11.428017616271973,11.041387557983398,nan,nan,18.406684302212525,19.75655746459961,19.724477767944336,-0.16166879794698374,8.328539848327637,8.683090209960938
adaptive_shard_00017.pt:24,clean,shuffled,18.56835310015951,11.428017616271973,11.041387557983398,nan,nan,18.404656080360457,19.79795265197754,19.737356185913086,-0.16369701979905216,8.369935035705566,8.695968627929688
adaptive_shard_00017.pt:24,clean,predicted,18.56835310015951,11.428017616271973,11.041387557983398,nan,nan,18.38062736145616,19.767595291137695,19.60569953918457,-0.18772573870334952,8.339577674865723,8.564311981201172
adaptive_shard_00017.pt:24,clean,oracle,18.56835310015951,11.428017616271973,11.041387557983398,nan,nan,18.384572719658962,19.798185348510742,19.68934440612793,-0.18378038050054712,8.37016773223877,8.647956848144531
adaptive_shard_00017.pt:25,light,zero,17.510323007740848,12.767132759094238,13.101461410522461,nan,nan,17.391182348286293,19.782814025878906,19.868207931518555,-0.11914065945455476,7.015681266784668,6.766746520996094
adaptive_shard_00017.pt:25,light,shuffled,17.510323007740848,12.767132759094238,13.101461410522461,nan,nan,17.374293877383664,19.827632904052734,19.834421157836914,-0.13602913035718345,7.060500144958496,6.732959747314453
adaptive_shard_00017.pt:25,light,predicted,17.510323007740848,12.767132759094238,13.101461410522461,nan,nan,17.38903974051471,19.827842712402344,19.87580680847168,-0.12128326722613636,7.0607099533081055,6.774345397949219
adaptive_shard_00017.pt:25,light,oracle,17.510323007740848,12.767132759094238,13.101461410522461,nan,nan,17.389584107769018,19.82756805419922,19.88913917541504,-0.12073889997182974,7.0604352951049805,6.787677764892578
adaptive_shard_00017.pt:26,medium,zero,15.412426448935094,12.550078392028809,12.258541107177734,nan,nan,15.348545452303494,19.783588409423828,19.72635269165039,-0.06388099663159963,7.2335100173950195,7.467811584472656
adaptive_shard_00017.pt:26,medium,shuffled,15.412426448935094,12.550078392028809,12.258541107177734,nan,nan,15.338671335119754,19.828710556030273,19.693944931030273,-0.07375511381533961,7.278632164001465,7.435403823852539
adaptive_shard_00017.pt:26,medium,predicted,15.412426448935094,12.550078392028809,12.258541107177734,nan,nan,15.339709579057377,19.768098831176758,19.570222854614258,-0.0727168698777163,7.218020439147949,7.311681747436523
adaptive_shard_00017.pt:26,medium,oracle,15.412426448935094,12.550078392028809,12.258541107177734,nan,nan,15.346378674107212,19.739091873168945,19.6292724609375,-0.06604777482788116,7.189013481140137,7.370731353759766
adaptive_shard_00017.pt:27,heavy,zero,12.9912548673275,14.951949119567871,15.400310516357422,nan,nan,12.93442069262648,19.865720748901367,20.35437774658203,-0.056834174701020146,4.913771629333496,4.954067230224609
adaptive_shard_00017.pt:27,heavy,shuffled,12.9912548673275,14.951949119567871,15.400310516357422,nan,nan,12.928088145047912,19.877634048461914,20.235692977905273,-0.06316672227958797,4.925684928894043,4.835382461547852
adaptive_shard_00017.pt:27,heavy,predicted,12.9912548673275,14.951949119567871,15.400310516357422,nan,nan,12.93439018227716,19.715248107910156,20.135244369506836,-0.056864685050340924,4.763298988342285,4.734933853149414
adaptive_shard_00017.pt:27,heavy,oracle,12.9912548673275,14.951949119567871,15.400310516357422,nan,nan,12.934376923644361,19.715242385864258,20.134904861450195,-0.05687794368313881,4.763293266296387,4.734594345092773
adaptive_shard_00017.pt:36,clean,zero,23.025991712167375,9.076753616333008,9.225040435791016,nan,nan,22.589848031264907,12.856833457946777,13.38364315032959,-0.43614368090246813,3.7800798416137695,4.158602714538574
adaptive_shard_00017.pt:36,clean,shuffled,23.025991712167375,9.076753616333008,9.225040435791016,nan,nan,22.584622569486807,12.892093658447266,13.384923934936523,-0.4413691426805677,3.815340042114258,4.159883499145508
adaptive_shard_00017.pt:36,clean,predicted,23.025991712167375,9.076753616333008,9.225040435791016,nan,nan,22.523454918833252,12.88476848602295,13.271626472473145,-0.5025367933341229,3.8080148696899414,4.046586036682129
adaptive_shard_00017.pt:36,clean,oracle,23.025991712167375,9.076753616333008,9.225040435791016,nan,nan,22.53349876253842,12.916321754455566,13.355244636535645,-0.4924929496289536,3.8395681381225586,4.130204200744629
adaptive_shard_00017.pt:37,light,zero,21.499088787358765,13.144342422485352,14.948123931884766,nan,nan,21.200854884905272,14.455768585205078,15.973652839660645,-0.298233902453493,1.3114261627197266,1.025528907775879
adaptive_shard_00017.pt:37,light,shuffled,21.499088787358765,13.144342422485352,14.948123931884766,nan,nan,21.160719341138133,14.50677490234375,15.944643020629883,-0.33836944622063214,1.3624324798583984,0.9965190887451172
adaptive_shard_00017.pt:37,light,predicted,21.499088787358765,13.144342422485352,14.948123931884766,nan,nan,21.18006266295273,14.455286979675293,15.888806343078613,-0.3190261244060366,1.3109445571899414,0.9406824111938477
adaptive_shard_00017.pt:37,light,oracle,21.499088787358765,13.144342422485352,14.948123931884766,nan,nan,21.19712808557018,14.504196166992188,15.998785972595215,-0.3019607017885839,1.359853744506836,1.0506620407104492
adaptive_shard_00017.pt:38,medium,zero,17.38118748351253,12.42087173461914,14.12612533569336,nan,nan,17.256375438585287,16.201942443847656,17.94373321533203,-0.12481204492724274,3.7810707092285156,3.817607879638672
adaptive_shard_00017.pt:38,medium,shuffled,17.38118748351253,12.42087173461914,14.12612533569336,nan,nan,17.241384330912343,16.219484329223633,17.842235565185547,-0.13980315260018727,3.798612594604492,3.7161102294921875
adaptive_shard_00017.pt:38,medium,predicted,17.38118748351253,12.42087173461914,14.12612533569336,nan,nan,17.241875769359268,16.20611000061035,17.84958267211914,-0.13931171415326205,3.785238265991211,3.7234573364257812
adaptive_shard_00017.pt:38,medium,oracle,17.38118748351253,12.42087173461914,14.12612533569336,nan,nan,17.241288211972282,16.219688415527344,17.841312408447266,-0.13989927154024784,3.798816680908203,3.7151870727539062
adaptive_shard_00017.pt:39,heavy,zero,15.00835118582443,13.71275520324707,14.91722297668457,nan,nan,14.927031565534115,17.000682830810547,18.12162208557129,-0.0813196202903157,3.2879276275634766,3.2043991088867188
adaptive_shard_00017.pt:39,heavy,shuffled,15.00835118582443,13.71275520324707,14.91722297668457,nan,nan,14.926932550896765,16.90693473815918,17.986621856689453,-0.08141863492766532,3.1941795349121094,3.069398880004883
adaptive_shard_00017.pt:39,heavy,predicted,15.00835118582443,13.71275520324707,14.91722297668457,nan,nan,14.927013501902021,16.907123565673828,17.988012313842773,-0.08133768392240981,3.194368362426758,3.070789337158203
adaptive_shard_00017.pt:39,heavy,oracle,15.00835118582443,13.71275520324707,14.91722297668457,nan,nan,14.927108449800617,16.9073543548584,17.9896297454834,-0.08124273602381393,3.194599151611328,3.072406768798828
adaptive_shard_00017.pt:48,clean,zero,14.375153348499147,11.483946800231934,12.062838554382324,nan,nan,14.280375804678885,18.853614807128906,19.076557159423828,-0.09477754382026227,7.369668006896973,7.013718605041504
adaptive_shard_00017.pt:48,clean,shuffled,14.375153348499147,11.483946800231934,12.062838554382324,nan,nan,14.280104244486346,18.62555503845215,18.75649642944336,-0.09504910401280142,7.141608238220215,6.693657875061035
adaptive_shard_00017.pt:48,clean,predicted,14.375153348499147,11.483946800231934,12.062838554382324,nan,nan,14.267517945469567,18.880773544311523,18.947526931762695,-0.10763540302957963,7.39682674407959,6.884688377380371
adaptive_shard_00017.pt:48,clean,oracle,14.375153348499147,11.483946800231934,12.062838554382324,nan,nan,14.269482477292993,18.90846824645996,19.032133102416992,-0.10567087120615426,7.424521446228027,6.969294548034668
adaptive_shard_00017.pt:49,light,zero,17.835559451553316,13.401232719421387,14.749739646911621,nan,nan,17.666769625440935,19.575559616088867,20.253772735595703,-0.16878982611238058,6.1743268966674805,5.504033088684082
adaptive_shard_00017.pt:49,light,shuffled,17.835559451553316,13.401232719421387,14.749739646911621,nan,nan,17.662134232511292,19.53182601928711,20.158143997192383,-0.17342521904202357,6.130593299865723,5.408404350280762
adaptive_shard_00017.pt:49,light,predicted,17.835559451553316,13.401232719421387,14.749739646911621,nan,nan,17.664456633085607,19.65154266357422,20.292238235473633,-0.17110281846770903,6.250309944152832,5.542498588562012
adaptive_shard_00017.pt:49,light,oracle,17.835559451553316,13.401232719421387,14.749739646911621,nan,nan,17.66482645922209,19.646303176879883,20.2987060546875,-0.1707329923312244,6.245070457458496,5.548966407775879
adaptive_shard_00017.pt:50,medium,zero,15.889523566243266,11.903834342956543,12.815220832824707,nan,nan,15.793537070927055,20.1812801361084,20.964155197143555,-0.09598649531621106,8.277445793151855,8.148934364318848
adaptive_shard_00017.pt:50,medium,shuffled,15.889523566243266,11.903834342956543,12.815220832824707,nan,nan,15.79231780733817,20.23780059814453,20.99459457397461,-0.09720575890509586,8.333966255187988,8.179373741149902
adaptive_shard_00017.pt:50,medium,predicted,15.889523566243266,11.903834342956543,12.815220832824707,nan,nan,15.782514101547054,20.190813064575195,20.84016227722168,-0.10700946469621186,8.286978721618652,8.024941444396973
adaptive_shard_00017.pt:50,medium,oracle,15.889523566243266,11.903834342956543,12.815220832824707,nan,nan,15.782203326120053,20.22295570373535,20.85383415222168,-0.1073202401232134,8.319121360778809,8.038613319396973
adaptive_shard_00017.pt:51,heavy,zero,14.612183670227079,13.247566223144531,13.876803398132324,nan,nan,14.536730114918509,20.303741455078125,20.904056549072266,-0.07545355530857023,7.056175231933594,7.027253150939941
adaptive_shard_00017.pt:51,heavy,shuffled,14.612183670227079,13.247566223144531,13.876803398132324,nan,nan,14.526944716407279,20.357255935668945,20.870277404785156,-0.0852389538198004,7.109689712524414,6.993474006652832
adaptive_shard_00017.pt:51,heavy,predicted,14.612183670227079,13.247566223144531,13.876803398132324,nan,nan,14.536704605570527,20.136598587036133,20.66965103149414,-0.07547906465655174,6.889032363891602,6.792847633361816
adaptive_shard_00017.pt:51,heavy,oracle,14.612183670227079,13.247566223144531,13.876803398132324,nan,nan,14.53667223490669,20.13665199279785,20.669025421142578,-0.07551143532038829,6.88908576965332,6.792222023010254
adaptive_shard_00017.pt:56,clean,zero,21.49451386195316,10.022768020629883,10.52140998840332,nan,nan,21.188454749393145,18.381933212280273,18.992576599121094,-0.30605911256001406,8.35916519165039,8.471166610717773
adaptive_shard_00017.pt:56,clean,shuffled,21.49451386195316,10.022768020629883,10.52140998840332,nan,nan,21.18427752390492,18.441944122314453,19.013425827026367,-0.310236338048238,8.41917610168457,8.492015838623047
adaptive_shard_00017.pt:56,clean,predicted,21.49451386195316,10.022768020629883,10.52140998840332,nan,nan,21.14131271811282,18.41038703918457,18.857860565185547,-0.3532011438403373,8.387619018554688,8.336450576782227
adaptive_shard_00017.pt:56,clean,oracle,21.49451386195316,10.022768020629883,10.52140998840332,nan,nan,21.148574378944307,18.442867279052734,18.951175689697266,-0.345939483008852,8.420099258422852,8.429765701293945
adaptive_shard_00017.pt:57,light,zero,20.96310590885936,13.556684494018555,14.23962688446045,nan,nan,20.71215926234452,19.0009765625,20.13631248474121,-0.25094664651484067,5.444292068481445,5.896685600280762
adaptive_shard_00017.pt:57,light,shuffled,20.96310590885936,13.556684494018555,14.23962688446045,nan,nan,20.681046494284328,19.046762466430664,20.017772674560547,-0.28205941457503414,5.490077972412109,5.778145790100098
adaptive_shard_00017.pt:57,light,predicted,20.96310590885936,13.556684494018555,14.23962688446045,nan,nan,20.707852300162397,18.981327056884766,20.058197021484375,-0.25525360869696456,5.424642562866211,5.818570137023926
adaptive_shard_00017.pt:57,light,oracle,20.96310590885936,13.556684494018555,14.23962688446045,nan,nan,20.70846117077755,19.06990623474121,20.174732208251953,-0.25464473808181154,5.513221740722656,5.935105323791504
adaptive_shard_00017.pt:58,medium,zero,18.387745091369624,12.94681167602539,13.363637924194336,nan,nan,18.261563517849012,19.912809371948242,21.275882720947266,-0.12618157352061132,6.965997695922852,7.91224479675293
adaptive_shard_00017.pt:58,medium,shuffled,18.387745091369624,12.94681167602539,13.363637924194336,nan,nan,18.262005427541553,19.739898681640625,21.050703048706055,-0.125739663828071,6.793087005615234,7.687065124511719
adaptive_shard_00017.pt:58,medium,predicted,18.387745091369624,12.94681167602539,13.363637924194336,nan,nan,18.24510407009748,19.916784286499023,21.1411075592041,-0.14264102127214429,6.969972610473633,7.777469635009766
adaptive_shard_00017.pt:58,medium,oracle,18.387745091369624,12.94681167602539,13.363637924194336,nan,nan,18.2448670995736,19.94480323791504,21.149444580078125,-0.14287799179602345,6.997991561889648,7.785806655883789
adaptive_shard_00017.pt:59,heavy,zero,16.71365995160818,12.990043640136719,13.396845817565918,nan,nan,16.65602286357927,20.143966674804688,21.40236473083496,-0.05763708802890832,7.153923034667969,8.005518913269043
adaptive_shard_00017.pt:59,heavy,shuffled,16.71365995160818,12.990043640136719,13.396845817565918,nan,nan,16.65676968774617,19.96929168701172,21.171310424804688,-0.056890263862008794,6.979248046875,7.7744646072387695
adaptive_shard_00017.pt:59,heavy,predicted,16.71365995160818,12.990043640136719,13.396845817565918,nan,nan,16.65574682954144,19.97718620300293,21.16454315185547,-0.05791312206673993,6.987142562866211,7.767697334289551
adaptive_shard_00017.pt:59,heavy,oracle,16.71365995160818,12.990043640136719,13.396845817565918,nan,nan,16.656413232241462,19.969493865966797,21.164701461791992,-0.05724671936671655,6.979450225830078,7.767855644226074
adaptive_shard_00018.pt:20,clean,zero,20.430880923663345,11.09218978881836,11.613136291503906,nan,nan,20.182637958376862,12.352582931518555,12.806791305541992,-0.24824296528648304,1.2603931427001953,1.193655014038086
adaptive_shard_00018.pt:20,clean,shuffled,20.430880923663345,11.09218978881836,11.613136291503906,nan,nan,20.15003962543284,12.396954536437988,12.782865524291992,-0.28084129823050574,1.304764747619629,1.169729232788086
adaptive_shard_00018.pt:20,clean,predicted,20.430880923663345,11.09218978881836,11.613136291503906,nan,nan,20.144190449147423,12.380955696105957,12.731522560119629,-0.2866904745159218,1.2887659072875977,1.1183862686157227
adaptive_shard_00018.pt:20,clean,oracle,20.430880923663345,11.09218978881836,11.613136291503906,nan,nan,20.15003962543284,12.396954536437988,12.782865524291992,-0.28084129823050574,1.304764747619629,1.169729232788086
adaptive_shard_00018.pt:21,light,zero,22.006776260488238,15.839658737182617,19.57071304321289,nan,nan,21.667248557980024,13.839282989501953,15.279745101928711,-0.33952770250821374,-2.000375747680664,-4.29096794128418
adaptive_shard_00018.pt:21,light,shuffled,22.006776260488238,15.839658737182617,19.57071304321289,nan,nan,21.66308185726649,13.891558647155762,15.325532913208008,-0.3436944032217468,-1.9481000900268555,-4.245180130004883
adaptive_shard_00018.pt:21,light,predicted,22.006776260488238,15.839658737182617,19.57071304321289,nan,nan,21.66111469660804,13.899313926696777,15.328727722167969,-0.3456615638801992,-1.9403448104858398,-4.241985321044922
adaptive_shard_00018.pt:21,light,oracle,22.006776260488238,15.839658737182617,19.57071304321289,nan,nan,21.66308185726649,13.891558647155762,15.325532913208008,-0.3436944032217468,-1.9481000900268555,-4.245180130004883
adaptive_shard_00018.pt:22,medium,zero,20.39180051509169,15.380203247070312,18.591381072998047,nan,nan,20.167978322458758,15.375921249389648,17.03969955444336,-0.22382219263293024,-0.0042819976806640625,-1.5516815185546875
adaptive_shard_00018.pt:22,medium,shuffled,20.39180051509169,15.380203247070312,18.591381072998047,nan,nan,20.137474220065016,15.414091110229492,17.0366153717041,-0.25432629502667226,0.03388786315917969,-1.5547657012939453
adaptive_shard_00018.pt:22,medium,predicted,20.39180051509169,15.380203247070312,18.591381072998047,nan,nan,20.14047540399477,15.417518615722656,17.028045654296875,-0.2513251110969179,0.03731536865234375,-1.5633354187011719
adaptive_shard_00018.pt:22,medium,oracle,20.39180051509169,15.380203247070312,18.591381072998047,nan,nan,20.16126622910482,15.378691673278809,17.031150817871094,-0.23053428598686665,-0.0015115737915039062,-1.5602302551269531
adaptive_shard_00018.pt:23,heavy,zero,13.274951772951994,15.435857772827148,16.043514251708984,nan,nan,13.241241543931306,16.88103485107422,16.9448184967041,-0.033710229020687876,1.4451770782470703,0.9013042449951172
adaptive_shard_00018.pt:23,heavy,shuffled,13.274951772951994,15.435857772827148,16.043514251708984,nan,nan,13.240768458070246,16.888797760009766,16.940988540649414,-0.03418331488174786,1.4529399871826172,0.8974742889404297
adaptive_shard_00018.pt:23,heavy,predicted,13.274951772951994,15.435857772827148,16.043514251708984,nan,nan,13.241050639201756,16.850095748901367,16.902435302734375,-0.03390113375023773,1.4142379760742188,0.8589210510253906
adaptive_shard_00018.pt:23,heavy,oracle,13.274951772951994,15.435857772827148,16.043514251708984,nan,nan,13.241143452140328,16.849796295166016,16.902956008911133,-0.03380832081166574,1.4139385223388672,0.8594417572021484
adaptive_shard_00018.pt:92,clean,zero,18.47010798909213,9.918821334838867,9.70019245147705,nan,nan,18.287783690587187,12.067655563354492,12.72481918334961,-0.1823242985049447,2.148834228515625,3.0246267318725586
adaptive_shard_00018.pt:92,clean,shuffled,18.47010798909213,9.918821334838867,9.70019245147705,nan,nan,18.26552044511662,12.043251991271973,12.578886985778809,-0.20458754397551004,2.1244306564331055,2.878694534301758
adaptive_shard_00018.pt:92,clean,predicted,18.47010798909213,9.918821334838867,9.70019245147705,nan,nan,18.258252238159866,12.071645736694336,12.627568244934082,-0.2118557509322656,2.1528244018554688,2.9273757934570312
adaptive_shard_00018.pt:92,clean,oracle,18.47010798909213,9.918821334838867,9.70019245147705,nan,nan,18.262876221276613,12.102052688598633,12.70020866394043,-0.207231767815518,2.1832313537597656,3.000016212463379
adaptive_shard_00018.pt:93,light,zero,14.983319971992541,13.955737113952637,16.770118713378906,nan,nan,14.906741800932359,13.135701179504395,14.520291328430176,-0.0765781710601825,-0.8200359344482422,-2.2498273849487305
adaptive_shard_00018.pt:93,light,shuffled,14.983319971992541,13.955737113952637,16.770118713378906,nan,nan,14.906872708640046,13.022283554077148,14.352043151855469,-0.0764472633524953,-0.9334535598754883,-2.4180755615234375
adaptive_shard_00018.pt:93,light,predicted,14.983319971992541,13.955737113952637,16.770118713378906,nan,nan,14.913918631921941,13.042318344116211,14.435571670532227,-0.06940134007060017,-0.9134187698364258,-2.3345470428466797
adaptive_shard_00018.pt:93,light,oracle,14.983319971992541,13.955737113952637,16.770118713378906,nan,nan,14.914049297225546,13.042189598083496,14.440712928771973,-0.06927067476699555,-0.9135475158691406,-2.3294057846069336
adaptive_shard_00018.pt:94,medium,zero,14.25378842470578,13.68004322052002,15.735581398010254,nan,nan,14.186353638054573,14.279497146606445,16.072540283203125,-0.06743478665120684,0.5994539260864258,0.3369588851928711
adaptive_shard_00018.pt:94,medium,shuffled,14.25378842470578,13.68004322052002,15.735581398010254,nan,nan,14.17672020251567,14.319035530090332,16.061792373657227,-0.07706822219011045,0.6389923095703125,0.32621097564697266
adaptive_shard_00018.pt:94,medium,predicted,14.25378842470578,13.68004322052002,15.735581398010254,nan,nan,14.17790148955265,14.282238960266113,15.991840362548828,-0.07588693515313061,0.6021957397460938,0.2562589645385742
adaptive_shard_00018.pt:94,medium,oracle,14.25378842470578,13.68004322052002,15.735581398010254,nan,nan,14.184220546333972,14.262490272521973,16.026344299316406,-0.06956787837180833,0.5824470520019531,0.29076290130615234
adaptive_shard_00018.pt:95,heavy,zero,12.214293297312091,13.369766235351562,14.37770938873291,nan,nan,12.16702138663548,14.764397621154785,16.191524505615234,-0.04727191067661174,1.3946313858032227,1.8138151168823242
adaptive_shard_00018.pt:95,heavy,shuffled,12.214293297312091,13.369766235351562,14.37770938873291,nan,nan,12.165580780019296,14.745748519897461,16.147907257080078,-0.048712517292795354,1.3759822845458984,1.770197868347168
adaptive_shard_00018.pt:95,heavy,predicted,12.214293297312091,13.369766235351562,14.37770938873291,nan,nan,12.167007389165132,14.700493812561035,16.09282684326172,-0.04728590814695899,1.3307275772094727,1.7151174545288086
adaptive_shard_00018.pt:95,heavy,oracle,12.214293297312091,13.369766235351562,14.37770938873291,nan,nan,12.167064077026321,14.700770378112793,16.0939884185791,-0.04722922028576981,1.3310041427612305,1.7162790298461914
adaptive_shard_00018.pt:112,clean,zero,22.255311625488048,16.64406394958496,16.838319778442383,nan,nan,21.91680065990182,15.148350715637207,16.20620346069336,-0.3385109655862273,-1.495713233947754,-0.6321163177490234
adaptive_shard_00018.pt:112,clean,shuffled,22.255311625488048,16.64406394958496,16.838319778442383,nan,nan,21.946273059524305,14.980137825012207,16.06631851196289,-0.3090385659637427,-1.663926124572754,-0.7720012664794922
adaptive_shard_00018.pt:112,clean,predicted,22.255311625488048,16.64406394958496,16.838319778442383,nan,nan,21.863858960699083,15.143545150756836,16.05633544921875,-0.39145266478896446,-1.500518798828125,-0.7819843292236328
adaptive_shard_00018.pt:112,clean,oracle,22.255311625488048,16.64406394958496,16.838319778442383,nan,nan,21.872281174209668,15.191519737243652,16.16896629333496,-0.38303045127837976,-1.4525442123413086,-0.6693534851074219
adaptive_shard_00018.pt:113,light,zero,22.83963752013014,16.554967880249023,17.20533561706543,nan,nan,22.452527848157416,15.249665260314941,16.433258056640625,-0.3871096719727234,-1.305302619934082,-0.7720775604248047
adaptive_shard_00018.pt:113,light,shuffled,22.83963752013014,16.554967880249023,17.20533561706543,nan,nan,22.441239914886822,15.18492603302002,16.309751510620117,-0.3983976052433178,-1.370041847229004,-0.8955841064453125
adaptive_shard_00018.pt:113,light,predicted,22.83963752013014,16.554967880249023,17.20533561706543,nan,nan,22.44620437437133,15.283906936645508,16.4141788482666,-0.3934331457588094,-1.2710609436035156,-0.7911567687988281
adaptive_shard_00018.pt:113,light,oracle,22.83963752013014,16.554967880249023,17.20533561706543,nan,nan,22.44790589785581,15.28933048248291,16.437786102294922,-0.3917316222743281,-1.2656373977661133,-0.7675495147705078
adaptive_shard_00018.pt:114,medium,zero,23.07541790595371,12.910494804382324,12.04646110534668,nan,nan,22.634505045049707,15.765356063842773,17.07682991027832,-0.44091286090400317,2.854861259460449,5.030368804931641
adaptive_shard_00018.pt:114,medium,shuffled,23.07541790595371,12.910494804382324,12.04646110534668,nan,nan,22.634512175671514,15.551068305969238,16.77433204650879,-0.4409057302821964,2.640573501586914,4.727870941162109
adaptive_shard_00018.pt:114,medium,predicted,23.07541790595371,12.910494804382324,12.04646110534668,nan,nan,22.59324042802271,15.699301719665527,16.87562370300293,-0.48217747793099974,2.788806915283203,4.82916259765625
adaptive_shard_00018.pt:114,medium,oracle,23.07541790595371,12.910494804382324,12.04646110534668,nan,nan,22.58566351354763,15.735708236694336,16.874250411987305,-0.48975439240608054,2.8252134323120117,4.827789306640625
adaptive_shard_00018.pt:115,heavy,zero,17.99809498450347,12.345046043395996,11.560223579406738,nan,nan,17.911161241426946,16.079965591430664,17.18535041809082,-0.0869337430765249,3.734919548034668,5.625126838684082
adaptive_shard_00018.pt:115,heavy,shuffled,17.99809498450347,12.345046043395996,11.560223579406738,nan,nan,17.9113025739187,15.877750396728516,16.897096633911133,-0.08679241058477061,3.5327043533325195,5.3368730545043945
adaptive_shard_00018.pt:115,heavy,predicted,17.99809498450347,12.345046043395996,11.560223579406738,nan,nan,17.911267652524895,15.877599716186523,16.896421432495117,-0.08682733197857573,3.5325536727905273,5.336197853088379
adaptive_shard_00018.pt:115,heavy,oracle,17.99809498450347,12.345046043395996,11.560223579406738,nan,nan,17.91126436216844,15.877583503723145,16.8963623046875,-0.08683062233503236,3.5325374603271484,5.336138725280762
adaptive_shard_00019.pt:12,clean,zero,20.658997524410907,19.64830207824707,20.476144790649414,nan,nan,20.55452201479662,23.882165908813477,23.511028289794922,-0.10447550961428576,4.233863830566406,3.034883499145508
adaptive_shard_00019.pt:12,clean,shuffled,20.658997524410907,19.64830207824707,20.476144790649414,nan,nan,20.532580693605254,23.923738479614258,23.30045509338379,-0.12641683080565258,4.2754364013671875,2.824310302734375
adaptive_shard_00019.pt:12,clean,predicted,20.658997524410907,19.64830207824707,20.476144790649414,nan,nan,20.52600739225887,23.91951560974121,23.345378875732422,-0.13299013215203814,4.271213531494141,2.869234085083008
adaptive_shard_00019.pt:12,clean,oracle,20.658997524410907,19.64830207824707,20.476144790649414,nan,nan,20.530565922449302,23.95359992980957,23.45641326904297,-0.12843160196160497,4.3052978515625,2.9802684783935547
adaptive_shard_00019.pt:13,light,zero,20.740741391725766,14.9923677444458,15.495255470275879,nan,nan,20.631129894370126,23.923912048339844,23.615808486938477,-0.10961149735564035,8.931544303894043,8.120553016662598
adaptive_shard_00019.pt:13,light,shuffled,20.740741391725766,14.9923677444458,15.495255470275879,nan,nan,20.606557990469625,23.998443603515625,23.562040328979492,-0.13418340125614137,9.006075859069824,8.066784858703613
adaptive_shard_00019.pt:13,light,predicted,20.740741391725766,14.9923677444458,15.495255470275879,nan,nan,20.627310925227007,24.012563705444336,23.627248764038086,-0.11343046649875888,9.020195960998535,8.131993293762207
adaptive_shard_00019.pt:13,light,oracle,20.740741391725766,14.9923677444458,15.495255470275879,nan,nan,20.628906112740772,24.010581970214844,23.65500259399414,-0.11183527898499435,9.018214225769043,8.159747123718262
adaptive_shard_00019.pt:14,medium,zero,21.57878386319045,10.467212677001953,9.882340431213379,nan,nan,21.40650519941529,24.08363914489746,23.799442291259766,-0.17227866377515966,13.616426467895508,13.917101860046387
adaptive_shard_00019.pt:14,medium,shuffled,21.57878386319045,10.467212677001953,9.882340431213379,nan,nan,21.403601803130687,24.16639518737793,23.832977294921875,-0.1751820600597611,13.699182510375977,13.950636863708496
adaptive_shard_00019.pt:14,medium,predicted,21.57878386319045,10.467212677001953,9.882340431213379,nan,nan,21.382000589233034,24.07756233215332,23.619251251220703,-0.1967832739574149,13.610349655151367,13.736910820007324
adaptive_shard_00019.pt:14,medium,oracle,21.57878386319045,10.467212677001953,9.882340431213379,nan,nan,21.37725140553094,24.133718490600586,23.60206413269043,-0.201532457659507,13.666505813598633,13.71972370147705
adaptive_shard_00019.pt:15,heavy,zero,18.90476310565318,12.470717430114746,12.239692687988281,nan,nan,18.82740991564785,24.200481414794922,23.878650665283203,-0.0773531900053328,11.729763984680176,11.638957977294922
adaptive_shard_00019.pt:15,heavy,shuffled,18.90476310565318,12.470717430114746,12.239692687988281,nan,nan,18.827889266286466,23.928075790405273,23.510766983032227,-0.07687383936671566,11.457358360290527,11.271074295043945
adaptive_shard_00019.pt:15,heavy,predicted,18.90476310565318,12.470717430114746,12.239692687988281,nan,nan,18.827886911337778,23.92807960510254,23.51072120666504,-0.07687619431540327,11.457362174987793,11.271028518676758
adaptive_shard_00019.pt:15,heavy,oracle,18.90476310565318,12.470717430114746,12.239692687988281,nan,nan,18.82764799018082,23.928279876708984,23.50614356994629,-0.07711511547235972,11.457562446594238,11.266450881958008
adaptive_shard_00019.pt:40,clean,zero,24.962855536020605,8.276185989379883,8.918956756591797,nan,nan,24.115416176384862,15.617422103881836,16.39076805114746,-0.847439359635743,7.341236114501953,7.471811294555664
adaptive_shard_00019.pt:40,clean,shuffled,24.962855536020605,8.276185989379883,8.918956756591797,nan,nan,24.027611004572375,15.615010261535645,16.229658126831055,-0.9352445314482303,7.338824272155762,7.310701370239258
adaptive_shard_00019.pt:40,clean,predicted,24.962855536020605,8.276185989379883,8.918956756591797,nan,nan,23.999604977852577,15.629402160644531,16.2695369720459,-0.9632505581680277,7.353216171264648,7.350580215454102
adaptive_shard_00019.pt:40,clean,oracle,24.962855536020605,8.276185989379883,8.918956756591797,nan,nan,24.016914360144106,15.661635398864746,16.352922439575195,-0.9459411758764986,7.385449409484863,7.433965682983398
adaptive_shard_00019.pt:41,light,zero,23.876611650788586,12.9329833984375,14.599902153015137,nan,nan,23.26296997654606,16.53319549560547,17.96790885925293,-0.6136416742425261,3.6002120971679688,3.368006706237793
adaptive_shard_00019.pt:41,light,shuffled,23.876611650788586,12.9329833984375,14.599902153015137,nan,nan,23.191758649879258,16.594667434692383,17.89976692199707,-0.6848530009093281,3.661684036254883,3.2998647689819336
adaptive_shard_00019.pt:41,light,predicted,23.876611650788586,12.9329833984375,14.599902153015137,nan,nan,23.254356186283506,16.606121063232422,18.01436424255371,-0.6222554645050806,3.673137664794922,3.414462089538574
adaptive_shard_00019.pt:41,light,oracle,23.876611650788586,12.9329833984375,14.599902153015137,nan,nan,23.255495621081398,16.60002326965332,18.01671600341797,-0.6211160297071885,3.6670398712158203,3.416813850402832
adaptive_shard_00019.pt:42,medium,zero,19.49686063219907,12.616354942321777,13.003714561462402,nan,nan,19.29965647338584,17.75162124633789,19.156702041625977,-0.1972041588132285,5.135266304016113,6.152987480163574
adaptive_shard_00019.pt:42,medium,shuffled,19.49686063219907,12.616354942321777,13.003714561462402,nan,nan,19.29979034434919,17.607519149780273,18.960538864135742,-0.19707028784987912,4.991164207458496,5.95682430267334
adaptive_shard_00019.pt:42,medium,predicted,19.49686063219907,12.616354942321777,13.003714561462402,nan,nan,19.27439357612165,17.746623992919922,19.047157287597656,-0.22246705607742,5.1302690505981445,6.043442726135254
adaptive_shard_00019.pt:42,medium,oracle,19.49686063219907,12.616354942321777,13.003714561462402,nan,nan,19.274073389785404,17.769439697265625,19.05561637878418,-0.22278724241366632,5.153084754943848,6.051901817321777
adaptive_shard_00019.pt:43,heavy,zero,15.417017217252162,13.538066864013672,13.59774112701416,nan,nan,15.32690185630867,18.3541202545166,19.136232376098633,-0.09011536094349282,4.81605339050293,5.538491249084473
adaptive_shard_00019.pt:43,heavy,shuffled,15.417017217252162,13.538066864013672,13.59774112701416,nan,nan,15.325834069105177,18.390960693359375,19.153470993041992,-0.09118314814698536,4.852893829345703,5.555729866027832
adaptive_shard_00019.pt:43,heavy,predicted,15.417017217252162,13.538066864013672,13.59774112701416,nan,nan,15.326627921981629,18.207826614379883,18.934799194335938,-0.09038929527053341,4.669759750366211,5.337058067321777
adaptive_shard_00019.pt:43,heavy,oracle,15.417017217252162,13.538066864013672,13.59774112701416,nan,nan,15.326833683736771,18.208072662353516,18.9374942779541,-0.09018353351539155,4.670005798339844,5.339753150939941
adaptive_shard_00019.pt:52,clean,zero,18.07060671203783,10.879080772399902,11.281563758850098,nan,nan,17.91117501475177,18.41265296936035,18.319292068481445,-0.15943169728605966,7.533572196960449,7.037728309631348
adaptive_shard_00019.pt:52,clean,shuffled,18.07060671203783,10.879080772399902,11.281563758850098,nan,nan,17.890248144150082,18.478288650512695,18.27804946899414,-0.1803585678877475,7.599207878112793,6.996485710144043
adaptive_shard_00019.pt:52,clean,predicted,18.07060671203783,10.879080772399902,11.281563758850098,nan,nan,17.88586074505841,18.452577590942383,18.18224334716797,-0.18474596697942047,7.5734968185424805,6.900679588317871
adaptive_shard_00019.pt:52,clean,oracle,18.07060671203783,10.879080772399902,11.281563758850098,nan,nan,17.890248144150082,18.478288650512695,18.27804946899414,-0.1803585678877475,7.599207878112793,6.996485710144043
adaptive_shard_00019.pt:53,light,zero,17.44145650078077,12.716531753540039,13.219598770141602,nan,nan,17.307634431909985,18.550321578979492,18.485170364379883,-0.13382206887078496,5.833789825439453,5.265571594238281
adaptive_shard_00019.pt:53,light,shuffled,17.44145650078077,12.716531753540039,13.219598770141602,nan,nan,17.307372683474064,18.342607498168945,18.189504623413086,-0.13408381730670627,5.626075744628906,4.969905853271484
adaptive_shard_00019.pt:53,light,predicted,17.44145650078077,12.716531753540039,13.219598770141602,nan,nan,17.305231458806855,18.609527587890625,18.489900588989258,-0.1362250419739155,5.892995834350586,5.270301818847656
adaptive_shard_00019.pt:53,light,oracle,17.44145650078077,12.716531753540039,13.219598770141602,nan,nan,17.305999732091436,18.607301712036133,18.506521224975586,-0.13545676868933398,5.890769958496094,5.286922454833984
adaptive_shard_00019.pt:54,medium,zero,17.80458262652254,11.417086601257324,10.88327693939209,nan,nan,17.66436924022244,18.33317756652832,17.925861358642578,-0.14021338630009694,6.916090965270996,7.042584419250488
adaptive_shard_00019.pt:54,medium,shuffled,17.80458262652254,11.417086601257324,10.88327693939209,nan,nan,17.662611307582956,18.386890411376953,17.94235610961914,-0.14197131893958215,6.969803810119629,7.059079170227051
adaptive_shard_00019.pt:54,medium,predicted,17.80458262652254,11.417086601257324,10.88327693939209,nan,nan,17.646585404161105,18.32988739013672,17.731943130493164,-0.1579972223614341,6.9128007888793945,6.848666191101074
adaptive_shard_00019.pt:54,medium,oracle,17.80458262652254,11.417086601257324,10.88327693939209,nan,nan,17.646529347391045,18.364002227783203,17.75288963317871,-0.1580532791314937,6.946915626525879,6.869612693786621
adaptive_shard_00019.pt:55,heavy,zero,16.089240374586048,13.026203155517578,12.670716285705566,nan,nan,15.981711927619756,18.78621482849121,18.471755981445312,-0.10752844696629182,5.760011672973633,5.801039695739746
adaptive_shard_00019.pt:55,heavy,shuffled,16.089240374586048,13.026203155517578,12.670716285705566,nan,nan,15.967843006157123,18.845781326293945,18.438199996948242,-0.12139736842892468,5.819578170776367,5.767483711242676
adaptive_shard_00019.pt:55,heavy,predicted,16.089240374586048,13.026203155517578,12.670716285705566,nan,nan,15.981388538652645,18.606016159057617,18.20914077758789,-0.10785183593340264,5.579813003540039,5.538424491882324
adaptive_shard_00019.pt:55,heavy,oracle,16.089240374586048,13.026203155517578,12.670716285705566,nan,nan,15.98142387630106,18.605857849121094,18.209468841552734,-0.10781649828498807,5.579654693603516,5.538752555847168
adaptive_shard_00019.pt:60,clean,zero,14.174837493115247,15.50177001953125,15.314237594604492,nan,nan,14.117033120529083,15.938504219055176,16.635406494140625,-0.057804372586163666,0.4367341995239258,1.3211688995361328
adaptive_shard_00019.pt:60,clean,shuffled,14.174837493115247,15.50177001953125,15.314237594604492,nan,nan,14.109433934276495,15.960521697998047,16.5966854095459,-0.06540355883875115,0.4587516784667969,1.2824478149414062
adaptive_shard_00019.pt:60,clean,predicted,14.174837493115247,15.50177001953125,15.314237594604492,nan,nan,14.108070179236982,15.913969039916992,16.49448585510254,-0.06676731387826429,0.4121990203857422,1.1802482604980469
adaptive_shard_00019.pt:60,clean,oracle,14.174837493115247,15.50177001953125,15.314237594604492,nan,nan,14.109433934276495,15.960521697998047,16.5966854095459,-0.06540355883875115,0.4587516784667969,1.2824478149414062
adaptive_shard_00019.pt:61,light,zero,14.302926443346436,13.891851425170898,13.811373710632324,nan,nan,14.24505784529191,15.97342300415039,16.72034454345703,-0.05786859805452593,2.081571578979492,2.908970832824707
adaptive_shard_00019.pt:61,light,shuffled,14.302926443346436,13.891851425170898,13.811373710632324,nan,nan,14.23785007110314,15.936598777770996,16.525941848754883,-0.06507637224329699,2.0447473526000977,2.7145681381225586
adaptive_shard_00019.pt:61,light,predicted,14.302926443346436,13.891851425170898,13.811373710632324,nan,nan,14.243942113030041,16.008495330810547,16.7136287689209,-0.05898433031639527,2.1166439056396484,2.902255058288574
adaptive_shard_00019.pt:61,light,oracle,14.302926443346436,13.891851425170898,13.811373710632324,nan,nan,14.24435597297843,16.012218475341797,16.7346248626709,-0.058570470368005445,2.1203670501708984,2.923251152038574
adaptive_shard_00019.pt:62,medium,zero,14.947926607447982,12.452066421508789,11.805488586425781,nan,nan,14.878110583316136,16.190185546875,17.04686737060547,-0.06981602413184618,3.738119125366211,5.2413787841796875
adaptive_shard_00019.pt:62,medium,shuffled,14.947926607447982,12.452066421508789,11.805488586425781,nan,nan,14.877285810964477,16.221662521362305,17.05246925354004,-0.07064079648350585,3.7695960998535156,5.246980667114258
adaptive_shard_00019.pt:62,medium,predicted,14.947926607447982,12.452066421508789,11.805488586425781,nan,nan,14.870214451913808,16.136484146118164,16.860734939575195,-0.07771215553417399,3.684417724609375,5.055246353149414
adaptive_shard_00019.pt:62,medium,oracle,14.947926607447982,12.452066421508789,11.805488586425781,nan,nan,14.869712270016805,16.15441131591797,16.854610443115234,-0.07821433743117723,3.7023448944091797,5.049121856689453
adaptive_shard_00019.pt:63,heavy,zero,15.117702892596226,14.289026260375977,12.717530250549316,nan,nan,15.066998202275258,16.601512908935547,17.462547302246094,-0.05070469032096803,2.3124866485595703,4.745017051696777
adaptive_shard_00019.pt:63,heavy,shuffled,15.117702892596226,14.289026260375977,12.717530250549316,nan,nan,15.06679919637017,16.41883087158203,17.183542251586914,-0.05090369622605628,2.1298046112060547,4.466012001037598
adaptive_shard_00019.pt:63,heavy,predicted,15.117702892596226,14.289026260375977,12.717530250549316,nan,nan,15.066833040908268,16.419185638427734,17.18467140197754,-0.05086985168795799,2.130159378051758,4.467141151428223
adaptive_shard_00019.pt:63,heavy,oracle,15.117702892596226,14.289026260375977,12.717530250549316,nan,nan,15.066863887660347,16.419492721557617,17.18567657470703,-0.05083900493587912,2.1304664611816406,4.468146324157715
adaptive_shard_00020.pt:4,clean,zero,26.130392073163407,9.428437232971191,9.615194320678711,nan,nan,25.13411052878912,13.427424430847168,13.91143798828125,-0.9962815443742876,3.9989871978759766,4.296243667602539
adaptive_shard_00020.pt:4,clean,shuffled,26.130392073163407,9.428437232971191,9.615194320678711,nan,nan,25.021128038471012,13.457490921020508,13.874089241027832,-1.1092640346923943,4.029053688049316,4.258894920349121
adaptive_shard_00020.pt:4,clean,predicted,26.130392073163407,9.428437232971191,9.615194320678711,nan,nan,25.00135043034333,13.432435035705566,13.807104110717773,-1.1290416428200771,4.003997802734375,4.1919097900390625
adaptive_shard_00020.pt:4,clean,oracle,26.130392073163407,9.428437232971191,9.615194320678711,nan,nan,25.021128038471012,13.457490921020508,13.874089241027832,-1.1092640346923943,4.029053688049316,4.258894920349121
adaptive_shard_00020.pt:5,light,zero,24.69444697048313,12.83784294128418,14.954133987426758,nan,nan,23.973087252990297,15.248786926269531,16.86983871459961,-0.7213597174928346,2.4109439849853516,1.9157047271728516
adaptive_shard_00020.pt:5,light,shuffled,24.69444697048313,12.83784294128418,14.954133987426758,nan,nan,23.9651482665072,15.322105407714844,16.935081481933594,-0.7292987039759318,2.484262466430664,1.980947494506836
adaptive_shard_00020.pt:5,light,predicted,24.69444697048313,12.83784294128418,14.954133987426758,nan,nan,23.940597208601343,15.286763191223145,16.86229705810547,-0.7538497618817885,2.448920249938965,1.908163070678711
adaptive_shard_00020.pt:5,light,oracle,24.69444697048313,12.83784294128418,14.954133987426758,nan,nan,23.9651482665072,15.322105407714844,16.935081481933594,-0.7292987039759318,2.484262466430664,1.980947494506836
adaptive_shard_00020.pt:6,medium,zero,21.403916010170665,13.055275917053223,14.95799732208252,nan,nan,21.104222181753197,16.726076126098633,18.395219802856445,-0.2996938284174675,3.67080020904541,3.437222480773926
adaptive_shard_00020.pt:6,medium,shuffled,21.403916010170665,13.055275917053223,14.95799732208252,nan,nan,21.066364522960296,16.78028678894043,18.358966827392578,-0.3375514872103693,3.725010871887207,3.4009695053100586
adaptive_shard_00020.pt:6,medium,predicted,21.403916010170665,13.055275917053223,14.95799732208252,nan,nan,21.070927488862523,16.751426696777344,18.3524227142334,-0.3329885213081418,3.696150779724121,3.394425392150879
adaptive_shard_00020.pt:6,medium,oracle,21.403916010170665,13.055275917053223,14.95799732208252,nan,nan,21.067556439766083,16.776920318603516,18.359535217285156,-0.3363595704045821,3.721644401550293,3.4015378952026367
adaptive_shard_00020.pt:7,heavy,zero,16.924256482408584,13.104336738586426,14.4705228805542,nan,nan,16.797229071234735,16.967498779296875,18.30617904663086,-0.12702741117384875,3.863162040710449,3.83565616607666
adaptive_shard_00020.pt:7,heavy,shuffled,16.924256482408584,13.104336738586426,14.4705228805542,nan,nan,16.78223290237525,17.006608963012695,18.2593936920166,-0.14202358003333515,3.9022722244262695,3.7888708114624023
adaptive_shard_00020.pt:7,heavy,predicted,16.924256482408584,13.104336738586426,14.4705228805542,nan,nan,16.79701211103267,16.87081527709961,18.182371139526367,-0.12724437137591238,3.7664785385131836,3.711848258972168
adaptive_shard_00020.pt:7,heavy,oracle,16.924256482408584,13.104336738586426,14.4705228805542,nan,nan,16.796856803432117,16.87120246887207,18.181705474853516,-0.12739967897646665,3.7668657302856445,3.7111825942993164
adaptive_shard_00020.pt:44,clean,zero,23.11026942576607,13.208845138549805,13.168627738952637,nan,nan,22.669133236379494,20.081438064575195,20.419288635253906,-0.44113618938657595,6.872592926025391,7.2506608963012695
adaptive_shard_00020.pt:44,clean,shuffled,23.11026942576607,13.208845138549805,13.168627738952637,nan,nan,22.669297433737174,19.839570999145508,20.086219787597656,-0.4409719920288957,6.630725860595703,6.9175920486450195
adaptive_shard_00020.pt:44,clean,predicted,23.11026942576607,13.208845138549805,13.168627738952637,nan,nan,22.604579391304096,20.108829498291016,20.276512145996094,-0.5056900344619741,6.899984359741211,7.107884407043457
adaptive_shard_00020.pt:44,clean,oracle,23.11026942576607,13.208845138549805,13.168627738952637,nan,nan,22.614361607902662,20.145618438720703,20.378807067871094,-0.495907817863408,6.936773300170898,7.210179328918457
adaptive_shard_00020.pt:45,light,zero,22.612209115140445,13.757919311523438,14.311781883239746,nan,nan,22.221597529902297,20.332395553588867,20.898643493652344,-0.39061158523814754,6.57447624206543,6.586861610412598
adaptive_shard_00020.pt:45,light,shuffled,22.612209115140445,13.757919311523438,14.311781883239746,nan,nan,22.221519108836585,20.106264114379883,20.588092803955078,-0.39069000630385986,6.348344802856445,6.276310920715332
adaptive_shard_00020.pt:45,light,predicted,22.612209115140445,13.757919311523438,14.311781883239746,nan,nan,22.21467269483865,20.393901824951172,20.903013229370117,-0.3975364203017939,6.635982513427734,6.591231346130371
adaptive_shard_00020.pt:45,light,oracle,22.612209115140445,13.757919311523438,14.311781883239746,nan,nan,22.217044113389647,20.39156723022461,20.92068099975586,-0.3951650017507973,6.633647918701172,6.608899116516113
adaptive_shard_00020.pt:46,medium,zero,21.89822655467903,11.615354537963867,11.835474014282227,nan,nan,21.561113895453662,20.3487548828125,20.92780303955078,-0.3371126592253688,8.733400344848633,9.092329025268555
adaptive_shard_00020.pt:46,medium,shuffled,21.89822655467903,11.615354537963867,11.835474014282227,nan,nan,21.589313137140923,20.167478561401367,20.802764892578125,-0.30891341753810764,8.5521240234375,8.967290878295898
adaptive_shard_00020.pt:46,medium,predicted,21.89822655467903,11.615354537963867,11.835474014282227,nan,nan,21.522692656461953,20.338388442993164,20.739065170288086,-0.3755338982170784,8.723033905029297,8.90359115600586
adaptive_shard_00020.pt:46,medium,oracle,21.89822655467903,11.615354537963867,11.835474014282227,nan,nan,21.521935200698277,20.3664493560791,20.740070343017578,-0.3762913539807542,8.751094818115234,8.904596328735352
adaptive_shard_00020.pt:47,heavy,zero,17.378548024286893,13.422313690185547,14.002378463745117,nan,nan,17.228121051101205,20.83702278137207,21.380237579345703,-0.15042697318568798,7.414709091186523,7.377859115600586
adaptive_shard_00020.pt:47,heavy,shuffled,17.378548024286893,13.422313690185547,14.002378463745117,nan,nan,17.227631751432636,20.645414352416992,21.106849670410156,-0.15091627285425702,7.223100662231445,7.104471206665039
adaptive_shard_00020.pt:47,heavy,predicted,17.378548024286893,13.422313690185547,14.002378463745117,nan,nan,17.22788500766078,20.64548110961914,21.110431671142578,-0.1506630166261118,7.223167419433594,7.108053207397461
adaptive_shard_00020.pt:47,heavy,oracle,17.378548024286893,13.422313690185547,14.002378463745117,nan,nan,17.22799556865469,20.6455020904541,21.11194610595703,-0.15055245563220154,7.223188400268555,7.109567642211914
adaptive_shard_00020.pt:48,clean,zero,20.901605374861308,12.150202751159668,12.665314674377441,nan,nan,20.579063225071806,16.056821823120117,16.204227447509766,-0.322542149789502,3.906619071960449,3.538912773132324
adaptive_shard_00020.pt:48,clean,shuffled,20.901605374861308,12.150202751159668,12.665314674377441,nan,nan,20.54103847481009,16.110681533813477,16.168121337890625,-0.36056690005121794,3.9604787826538086,3.5028066635131836
adaptive_shard_00020.pt:48,clean,predicted,20.901605374861308,12.150202751159668,12.665314674377441,nan,nan,20.53436764472536,16.076082229614258,16.07753562927246,-0.3672377301359475,3.92587947845459,3.4122209548950195
adaptive_shard_00020.pt:48,clean,oracle,20.901605374861308,12.150202751159668,12.665314674377441,nan,nan,20.54103847481009,16.110681533813477,16.168121337890625,-0.36056690005121794,3.9604787826538086,3.5028066635131836
adaptive_shard_00020.pt:49,light,zero,20.934987998435744,15.312932014465332,18.41269874572754,nan,nan,20.627756138441985,16.689529418945312,17.214929580688477,-0.30723185999375957,1.3765974044799805,-1.1977691650390625
adaptive_shard_00020.pt:49,light,shuffled,20.934987998435744,15.312932014465332,18.41269874572754,nan,nan,20.590461399326315,16.73613166809082,17.177461624145508,-0.34452659910942884,1.4231996536254883,-1.2352371215820312
adaptive_shard_00020.pt:49,light,predicted,20.934987998435744,15.312932014465332,18.41269874572754,nan,nan,20.581550576988555,16.723384857177734,17.10598373413086,-0.3534374214471896,1.4104528427124023,-1.3067150115966797
adaptive_shard_00020.pt:49,light,oracle,20.934987998435744,15.312932014465332,18.41269874572754,nan,nan,20.65249984340867,16.52993392944336,17.095077514648438,-0.2824881550270746,1.2170019149780273,-1.3176212310791016
adaptive_shard_00020.pt:50,medium,zero,20.871160425543174,12.755702018737793,13.238141059875488,nan,nan,20.639136850716156,17.625131607055664,18.19295310974121,-0.23202357482701785,4.869429588317871,4.954812049865723
adaptive_shard_00020.pt:50,medium,shuffled,20.871160425543174,12.755702018737793,13.238141059875488,nan,nan,20.636166658007085,17.667381286621094,18.207576751708984,-0.23499376753608914,4.911679267883301,4.969435691833496
adaptive_shard_00020.pt:50,medium,predicted,20.871160425543174,12.755702018737793,13.238141059875488,nan,nan,20.611038396620064,17.613779067993164,18.072547912597656,-0.2601220289231101,4.858077049255371,4.834406852722168
adaptive_shard_00020.pt:50,medium,oracle,20.871160425543174,12.755702018737793,13.238141059875488,nan,nan,20.609633654351068,17.636140823364258,18.06945037841797,-0.26152677119210566,4.880438804626465,4.8313093185424805
adaptive_shard_00020.pt:51,heavy,zero,16.59212420175137,14.273805618286133,13.708176612854004,nan,nan,16.48922929782693,18.139554977416992,18.17790412902832,-0.10289490392444023,3.8657493591308594,4.469727516174316
adaptive_shard_00020.pt:51,heavy,shuffled,16.59212420175137,14.273805618286133,13.708176612854004,nan,nan,16.477088205684307,18.1422176361084,18.060041427612305,-0.11503599606706416,3.8684120178222656,4.351864814758301
adaptive_shard_00020.pt:51,heavy,predicted,16.59212420175137,14.273805618286133,13.708176612854004,nan,nan,16.489137583715195,17.997692108154297,17.968149185180664,-0.10298661803617648,3.723886489868164,4.25997257232666
adaptive_shard_00020.pt:51,heavy,oracle,16.59212420175137,14.273805618286133,13.708176612854004,nan,nan,16.489230625732684,17.997827529907227,17.969406127929688,-0.10289357601868687,3.7240219116210938,4.261229515075684
