sample_id,shard_file,offset,severity,noise_target,snr_target,bandwidth_target,bit_target,method,pesq,stoi,estoi,si_sdr,lsd,hf_lsd,delta_stoi_vs_base,delta_estoi_vs_base,delta_si_sdr_vs_base,delta_lsd_vs_base,delta_hf_lsd_vs_base
adaptive_shard_00000.pt:36,adaptive_shard_00000.pt,36,clean,0.0,0.0,0,0,degraded,nan,nan,nan,107.5539667814183,6.188324928283691,6.188266277313232,nan,nan,79.95192377539267,-3.0690841674804688,-3.496448040008545
adaptive_shard_00000.pt:36,adaptive_shard_00000.pt,36,clean,0.0,0.0,0,0,base,nan,nan,nan,27.602043006025628,9.25740909576416,9.684714317321777,nan,nan,0.0,0.0,0.0
adaptive_shard_00000.pt:36,adaptive_shard_00000.pt,36,clean,0.0,0.0,0,0,v1,nan,nan,nan,26.383175555899868,5.587887763977051,5.53830099105835,nan,nan,-1.2188674501257601,-3.6695213317871094,-4.146413326263428
adaptive_shard_00000.pt:36,adaptive_shard_00000.pt,36,clean,0.0,0.0,0,0,v2,nan,nan,nan,26.330257485302432,5.930377006530762,4.847545623779297,nan,nan,-1.2717855207231956,-3.3270320892333984,-4.8371686935424805
adaptive_shard_00000.pt:37,adaptive_shard_00000.pt,37,light,0.0,0.0,1,1,degraded,nan,nan,nan,22.416097391110696,14.318264961242676,16.546297073364258,nan,nan,1.3127840335310523,0.33660316467285156,-0.9970836639404297
adaptive_shard_00000.pt:37,adaptive_shard_00000.pt,37,light,0.0,0.0,1,1,base,nan,nan,nan,21.103313357579644,13.981661796569824,17.543380737304688,nan,nan,0.0,0.0,0.0
adaptive_shard_00000.pt:37,adaptive_shard_00000.pt,37,light,0.0,0.0,1,1,v1,nan,nan,nan,21.064844340557983,12.215357780456543,15.475428581237793,nan,nan,-0.0384690170216615,-1.7663040161132812,-2.0679521560668945
adaptive_shard_00000.pt:37,adaptive_shard_00000.pt,37,light,0.0,0.0,1,1,v2,nan,nan,nan,21.13623994329943,13.325117111206055,17.0307559967041,nan,nan,0.03292658571978535,-0.6565446853637695,-0.5126247406005859
adaptive_shard_00000.pt:38,adaptive_shard_00000.pt,38,medium,1.0,21.09600067138672,2,1,degraded,nan,nan,nan,16.205542852417338,31.502277374267578,34.800540924072266,nan,nan,-1.1169463174251746,17.335747718811035,18.640609741210938
adaptive_shard_00000.pt:38,adaptive_shard_00000.pt,38,medium,1.0,21.09600067138672,2,1,base,nan,nan,nan,17.322489169842513,14.166529655456543,16.159931182861328,nan,nan,0.0,0.0,0.0
adaptive_shard_00000.pt:38,adaptive_shard_00000.pt,38,medium,1.0,21.09600067138672,2,1,v1,nan,nan,nan,17.373732844674812,14.685937881469727,17.18282127380371,nan,nan,0.051243674832299746,0.5194082260131836,1.0228900909423828
adaptive_shard_00000.pt:38,adaptive_shard_00000.pt,38,medium,1.0,21.09600067138672,2,1,v2,nan,nan,nan,17.236491188399178,14.283066749572754,16.44200325012207,nan,nan,-0.08599798144333448,0.11653709411621094,0.2820720672607422
adaptive_shard_00000.pt:39,adaptive_shard_00000.pt,39,heavy,1.0,8.907058715820312,2,3,degraded,nan,nan,nan,8.360219574137265,41.53184127807617,45.32220458984375,nan,nan,-6.627286506454341,26.189754486083984,28.575489044189453
adaptive_shard_00000.pt:39,adaptive_shard_00000.pt,39,heavy,1.0,8.907058715820312,2,3,base,nan,nan,nan,14.987506080591606,15.342086791992188,16.746715545654297,nan,nan,0.0,0.0,0.0
adaptive_shard_00000.pt:39,adaptive_shard_00000.pt,39,heavy,1.0,8.907058715820312,2,3,v1,nan,nan,nan,15.04220369293055,15.16348934173584,16.951444625854492,nan,nan,0.0546976123389431,-0.17859745025634766,0.2047290802001953
adaptive_shard_00000.pt:39,adaptive_shard_00000.pt,39,heavy,1.0,8.907058715820312,2,3,v2,nan,nan,nan,14.966331101266805,15.205018997192383,16.701147079467773,nan,nan,-0.021174979324801058,-0.1370677947998047,-0.04556846618652344
adaptive_shard_00000.pt:44,adaptive_shard_00000.pt,44,clean,0.0,0.0,0,0,degraded,nan,nan,nan,102.66632695542575,4.646698951721191,4.646757125854492,nan,nan,74.90875864706034,-5.578647613525391,-6.158243179321289
adaptive_shard_00000.pt:44,adaptive_shard_00000.pt,44,clean,0.0,0.0,0,0,base,nan,nan,nan,27.757568308365407,10.225346565246582,10.805000305175781,nan,nan,0.0,0.0,0.0
adaptive_shard_00000.pt:44,adaptive_shard_00000.pt,44,clean,0.0,0.0,0,0,v1,nan,nan,nan,25.972064834862977,6.286195755004883,5.387353897094727,nan,nan,-1.7855034735024304,-3.939150810241699,-5.417646408081055
adaptive_shard_00000.pt:44,adaptive_shard_00000.pt,44,clean,0.0,0.0,0,0,v2,nan,nan,nan,26.370702160858237,6.610052108764648,6.496201038360596,nan,nan,-1.3868661475071704,-3.6152944564819336,-4.3087992668151855
adaptive_shard_00000.pt:45,adaptive_shard_00000.pt,45,light,0.0,0.0,1,2,degraded,nan,nan,nan,28.11607949058335,13.686803817749023,16.085872650146484,nan,nan,3.2258490979931516,-0.22263145446777344,0.5641841888427734
adaptive_shard_00000.pt:45,adaptive_shard_00000.pt,45,light,0.0,0.0,1,2,base,nan,nan,nan,24.890230392590198,13.909435272216797,15.521688461303711,nan,nan,0.0,0.0,0.0
adaptive_shard_00000.pt:45,adaptive_shard_00000.pt,45,light,0.0,0.0,1,2,v1,nan,nan,nan,24.265393118301937,11.0514554977417,11.79139232635498,nan,nan,-0.6248372742882609,-2.8579797744750977,-3.7302961349487305
adaptive_shard_00000.pt:45,adaptive_shard_00000.pt,45,light,0.0,0.0,1,2,v2,nan,nan,nan,24.375196515170174,11.485262870788574,14.463763236999512,nan,nan,-0.5150338774200236,-2.4241724014282227,-1.0579252243041992
adaptive_shard_00000.pt:46,adaptive_shard_00000.pt,46,medium,1.0,24.849552154541016,2,2,degraded,nan,nan,nan,19.306895390587396,25.99667739868164,30.59491539001465,nan,nan,-0.4942708042895312,12.260235786437988,14.855927467346191
adaptive_shard_00000.pt:46,adaptive_shard_00000.pt,46,medium,1.0,24.849552154541016,2,2,base,nan,nan,nan,19.801166194876927,13.736441612243652,15.738987922668457,nan,nan,0.0,0.0,0.0
adaptive_shard_00000.pt:46,adaptive_shard_00000.pt,46,medium,1.0,24.849552154541016,2,2,v1,nan,nan,nan,19.841558700821896,14.389097213745117,15.94435977935791,nan,nan,0.04039250594496835,0.6526556015014648,0.20537185668945312
adaptive_shard_00000.pt:46,adaptive_shard_00000.pt,46,medium,1.0,24.849552154541016,2,2,v2,nan,nan,nan,19.581088119768037,13.70208740234375,15.988862991333008,nan,nan,-0.22007807510889066,-0.034354209899902344,0.24987506866455078
adaptive_shard_00000.pt:47,adaptive_shard_00000.pt,47,heavy,1.0,5.447199821472168,2,3,degraded,nan,nan,nan,5.2656931146481964,41.42466735839844,47.182987213134766,nan,nan,-9.855652237959994,27.997809410095215,32.76944828033447
adaptive_shard_00000.pt:47,adaptive_shard_00000.pt,47,heavy,1.0,5.447199821472168,2,3,base,nan,nan,nan,15.121345352608191,13.426857948303223,14.413538932800293,nan,nan,0.0,0.0,0.0
adaptive_shard_00000.pt:47,adaptive_shard_00000.pt,47,heavy,1.0,5.447199821472168,2,3,v1,nan,nan,nan,15.093888188919372,13.606950759887695,14.349604606628418,nan,nan,-0.02745716368881901,0.18009281158447266,-0.063934326171875
adaptive_shard_00000.pt:47,adaptive_shard_00000.pt,47,heavy,1.0,5.447199821472168,2,3,v2,nan,nan,nan,15.021407950954853,13.575140953063965,14.138178825378418,nan,nan,-0.09993740165333875,0.1482830047607422,-0.275360107421875
adaptive_shard_00001.pt:40,adaptive_shard_00001.pt,40,clean,0.0,0.0,0,0,degraded,nan,nan,nan,107.06663507123676,7.015623092651367,7.015560626983643,nan,nan,89.9841113302954,-5.043731689453125,-5.854624271392822
adaptive_shard_00001.pt:40,adaptive_shard_00001.pt,40,clean,0.0,0.0,0,0,base,nan,nan,nan,17.08252374094135,12.059354782104492,12.870184898376465,nan,nan,0.0,0.0,0.0
adaptive_shard_00001.pt:40,adaptive_shard_00001.pt,40,clean,0.0,0.0,0,0,v1,nan,nan,nan,17.10827354546957,7.265481948852539,5.9101243019104,nan,nan,0.025749804528217624,-4.793872833251953,-6.9600605964660645
adaptive_shard_00001.pt:40,adaptive_shard_00001.pt,40,clean,0.0,0.0,0,0,v2,nan,nan,nan,17.01875288710196,7.984895706176758,8.343846321105957,nan,nan,-0.06377085383939018,-4.074459075927734,-4.526338577270508
adaptive_shard_00001.pt:41,adaptive_shard_00001.pt,41,light,0.0,0.0,1,1,degraded,nan,nan,nan,24.855158203879558,12.276288986206055,14.204766273498535,nan,nan,7.064851993812944,-3.728137969970703,-5.769890785217285
adaptive_shard_00001.pt:41,adaptive_shard_00001.pt,41,light,0.0,0.0,1,1,base,nan,nan,nan,17.790306210066614,16.004426956176758,19.97465705871582,nan,nan,0.0,0.0,0.0
adaptive_shard_00001.pt:41,adaptive_shard_00001.pt,41,light,0.0,0.0,1,1,v1,nan,nan,nan,17.85470293512676,11.78536319732666,13.124019622802734,nan,nan,0.0643967250601456,-4.219063758850098,-6.850637435913086
adaptive_shard_00001.pt:41,adaptive_shard_00001.pt,41,light,0.0,0.0,1,1,v2,nan,nan,nan,17.733779047866186,14.220877647399902,18.815820693969727,nan,nan,-0.056527162200428194,-1.7835493087768555,-1.1588363647460938
adaptive_shard_00001.pt:42,adaptive_shard_00001.pt,42,medium,1.0,21.33838653564453,2,2,degraded,nan,nan,nan,19.068864282328953,29.544109344482422,33.219242095947266,nan,nan,0.21596761229353234,16.658620834350586,19.582694053649902
adaptive_shard_00001.pt:42,adaptive_shard_00001.pt,42,medium,1.0,21.33838653564453,2,2,base,nan,nan,nan,18.85289667003542,12.885488510131836,13.636548042297363,nan,nan,0.0,0.0,0.0
adaptive_shard_00001.pt:42,adaptive_shard_00001.pt,42,medium,1.0,21.33838653564453,2,2,v1,nan,nan,nan,19.130468886833967,13.221702575683594,13.547502517700195,nan,nan,0.2775722167985464,0.3362140655517578,-0.08904552459716797
adaptive_shard_00001.pt:42,adaptive_shard_00001.pt,42,medium,1.0,21.33838653564453,2,2,v2,nan,nan,nan,18.747629087877783,12.702736854553223,13.614052772521973,nan,nan,-0.10526758215763721,-0.18275165557861328,-0.022495269775390625
adaptive_shard_00001.pt:43,adaptive_shard_00001.pt,43,heavy,1.0,5.25078010559082,2,3,degraded,nan,nan,nan,5.156686629027321,43.42734909057617,47.935447692871094,nan,nan,-10.727464243105945,29.72940444946289,34.043500900268555
adaptive_shard_00001.pt:43,adaptive_shard_00001.pt,43,heavy,1.0,5.25078010559082,2,3,base,nan,nan,nan,15.884150872133267,13.697944641113281,13.891946792602539,nan,nan,0.0,0.0,0.0
adaptive_shard_00001.pt:43,adaptive_shard_00001.pt,43,heavy,1.0,5.25078010559082,2,3,v1,nan,nan,nan,15.917095951803443,13.604618072509766,13.802485466003418,nan,nan,0.032945079670176014,-0.09332656860351562,-0.0894613265991211
adaptive_shard_00001.pt:43,adaptive_shard_00001.pt,43,heavy,1.0,5.25078010559082,2,3,v2,nan,nan,nan,15.77195333701974,13.62171745300293,13.71757984161377,nan,nan,-0.11219753511352692,-0.07622718811035156,-0.17436695098876953
adaptive_shard_00001.pt:84,adaptive_shard_00001.pt,84,clean,0.0,0.0,0,0,degraded,nan,nan,nan,107.43158117439366,12.076148986816406,12.075967788696289,nan,nan,87.76609156834783,0.19217395782470703,-0.3363208770751953
adaptive_shard_00001.pt:84,adaptive_shard_00001.pt,84,clean,0.0,0.0,0,0,base,nan,nan,nan,19.66548960604583,11.8839750289917,12.412288665771484,nan,nan,0.0,0.0,0.0
adaptive_shard_00001.pt:84,adaptive_shard_00001.pt,84,clean,0.0,0.0,0,0,v1,nan,nan,nan,19.682900200347312,7.567347526550293,7.028984546661377,nan,nan,0.017410594301480842,-4.316627502441406,-5.383304119110107
adaptive_shard_00001.pt:84,adaptive_shard_00001.pt,84,clean,0.0,0.0,0,0,v2,nan,nan,nan,19.41834798815677,7.357529163360596,7.039385795593262,nan,nan,-0.24714161788905997,-4.5264458656311035,-5.372902870178223
adaptive_shard_00001.pt:85,adaptive_shard_00001.pt,85,light,0.0,0.0,1,1,degraded,nan,nan,nan,33.79692623281271,16.565839767456055,17.092182159423828,nan,nan,14.125608560485894,3.1413803100585938,2.610724449157715
adaptive_shard_00001.pt:85,adaptive_shard_00001.pt,85,light,0.0,0.0,1,1,base,nan,nan,nan,19.671317672326815,13.424459457397461,14.481457710266113,nan,nan,0.0,0.0,0.0
adaptive_shard_00001.pt:85,adaptive_shard_00001.pt,85,light,0.0,0.0,1,1,v1,nan,nan,nan,19.734158503637133,9.956186294555664,11.00309944152832,nan,nan,0.06284083131031792,-3.468273162841797,-3.478358268737793
adaptive_shard_00001.pt:85,adaptive_shard_00001.pt,85,light,0.0,0.0,1,1,v2,nan,nan,nan,19.432819202502696,10.831673622131348,13.429051399230957,nan,nan,-0.23849846982411904,-2.5927858352661133,-1.0524063110351562
adaptive_shard_00001.pt:86,adaptive_shard_00001.pt,86,medium,1.0,24.82425308227539,2,1,degraded,nan,nan,nan,21.41318985362996,31.02129364013672,35.086971282958984,nan,nan,1.6035928186127677,19.113224983215332,22.949456214904785
adaptive_shard_00001.pt:86,adaptive_shard_00001.pt,86,medium,1.0,24.82425308227539,2,1,base,nan,nan,nan,19.80959703501719,11.908068656921387,12.1375150680542,nan,nan,0.0,0.0,0.0
adaptive_shard_00001.pt:86,adaptive_shard_00001.pt,86,medium,1.0,24.82425308227539,2,1,v1,nan,nan,nan,20.224286781589264,11.53709602355957,12.404282569885254,nan,nan,0.4146897465720727,-0.3709726333618164,0.2667675018310547
adaptive_shard_00001.pt:86,adaptive_shard_00001.pt,86,medium,1.0,24.82425308227539,2,1,v2,nan,nan,nan,19.565140028972685,11.192643165588379,12.280932426452637,nan,nan,-0.24445700604450593,-0.7154254913330078,0.1434173583984375
adaptive_shard_00001.pt:87,adaptive_shard_00001.pt,87,heavy,1.0,6.689172744750977,2,3,degraded,nan,nan,nan,6.506305493049678,46.21604537963867,51.980743408203125,nan,nan,-8.965450540423962,32.727158546447754,38.80681228637695
adaptive_shard_00001.pt:87,adaptive_shard_00001.pt,87,heavy,1.0,6.689172744750977,2,3,base,nan,nan,nan,15.47175603347364,13.488886833190918,13.173931121826172,nan,nan,0.0,0.0,0.0
adaptive_shard_00001.pt:87,adaptive_shard_00001.pt,87,heavy,1.0,6.689172744750977,2,3,v1,nan,nan,nan,15.550032312947433,12.154008865356445,12.18791675567627,nan,nan,0.07827627947379234,-1.3348779678344727,-0.9860143661499023
adaptive_shard_00001.pt:87,adaptive_shard_00001.pt,87,heavy,1.0,6.689172744750977,2,3,v2,nan,nan,nan,15.289382230826261,12.167638778686523,12.210994720458984,nan,nan,-0.1823738026473798,-1.3212480545043945,-0.9629364013671875
adaptive_shard_00001.pt:92,adaptive_shard_00001.pt,92,clean,0.0,0.0,0,0,degraded,nan,nan,nan,108.59725250207553,9.587250709533691,9.587172508239746,nan,nan,82.18393893204497,-2.523395538330078,-2.8744401931762695
adaptive_shard_00001.pt:92,adaptive_shard_00001.pt,92,clean,0.0,0.0,0,0,base,nan,nan,nan,26.41331357003057,12.11064624786377,12.461612701416016,nan,nan,0.0,0.0,0.0
adaptive_shard_00001.pt:92,adaptive_shard_00001.pt,92,clean,0.0,0.0,0,0,v1,nan,nan,nan,25.899178161623873,8.190516471862793,8.004868507385254,nan,nan,-0.5141354084066982,-3.9201297760009766,-4.456744194030762
adaptive_shard_00001.pt:92,adaptive_shard_00001.pt,92,clean,0.0,0.0,0,0,v2,nan,nan,nan,26.071894257100166,7.8784918785095215,6.241896629333496,nan,nan,-0.3414193129304053,-4.232154369354248,-6.2197160720825195
adaptive_shard_00001.pt:93,adaptive_shard_00001.pt,93,light,0.0,0.0,1,1,degraded,nan,nan,nan,28.83345594984089,16.932987213134766,18.284168243408203,nan,nan,4.403036491202332,2.488936424255371,2.123983383178711
adaptive_shard_00001.pt:93,adaptive_shard_00001.pt,93,light,0.0,0.0,1,1,base,nan,nan,nan,24.430419458638557,14.444050788879395,16.160184860229492,nan,nan,0.0,0.0,0.0
adaptive_shard_00001.pt:93,adaptive_shard_00001.pt,93,light,0.0,0.0,1,1,v1,nan,nan,nan,24.211031714061072,11.970728874206543,13.836917877197266,nan,nan,-0.21938774457748522,-2.4733219146728516,-2.3232669830322266
adaptive_shard_00001.pt:93,adaptive_shard_00001.pt,93,light,0.0,0.0,1,1,v2,nan,nan,nan,24.275483477545635,12.885782241821289,15.387384414672852,nan,nan,-0.1549359810929225,-1.5582685470581055,-0.7728004455566406
adaptive_shard_00001.pt:94,adaptive_shard_00001.pt,94,medium,1.0,23.18776512145996,2,1,degraded,nan,nan,nan,20.807670476558094,35.55637741088867,39.66460418701172,nan,nan,-1.7789998507876845,23.04218864440918,26.738447189331055
adaptive_shard_00001.pt:94,adaptive_shard_00001.pt,94,medium,1.0,23.18776512145996,2,1,base,nan,nan,nan,22.58667032734578,12.514188766479492,12.926156997680664,nan,nan,0.0,0.0,0.0
adaptive_shard_00001.pt:94,adaptive_shard_00001.pt,94,medium,1.0,23.18776512145996,2,1,v1,nan,nan,nan,22.737325622107633,12.967567443847656,14.219239234924316,nan,nan,0.15065529476185446,0.45337867736816406,1.2930822372436523
adaptive_shard_00001.pt:94,adaptive_shard_00001.pt,94,medium,1.0,23.18776512145996,2,1,v2,nan,nan,nan,22.476211246029404,12.47008991241455,13.198967933654785,nan,nan,-0.11045908131637461,-0.044098854064941406,0.2728109359741211
adaptive_shard_00001.pt:95,adaptive_shard_00001.pt,95,heavy,1.0,5.22019100189209,2,3,degraded,nan,nan,nan,5.16593139775533,50.744781494140625,55.980899810791016,nan,nan,-11.59895997038484,34.40478706359863,38.932024002075195
adaptive_shard_00001.pt:95,adaptive_shard_00001.pt,95,heavy,1.0,5.22019100189209,2,3,base,nan,nan,nan,16.76489136814017,16.339994430541992,17.04887580871582,nan,nan,0.0,0.0,0.0
adaptive_shard_00001.pt:95,adaptive_shard_00001.pt,95,heavy,1.0,5.22019100189209,2,3,v1,nan,nan,nan,16.768723924958422,15.338031768798828,16.09918975830078,nan,nan,0.003832556818252897,-1.001962661743164,-0.9496860504150391
adaptive_shard_00001.pt:95,adaptive_shard_00001.pt,95,heavy,1.0,5.22019100189209,2,3,v2,nan,nan,nan,16.792233834996377,15.505436897277832,16.086578369140625,nan,nan,0.027342466856207892,-0.8345575332641602,-0.9622974395751953
adaptive_shard_00002.pt:4,adaptive_shard_00002.pt,4,clean,0.0,0.0,0,0,degraded,nan,nan,nan,99.76908771952381,4.533595561981201,4.533548355102539,nan,nan,73.75228904276436,-11.658411502838135,-12.027568817138672
adaptive_shard_00002.pt:4,adaptive_shard_00002.pt,4,clean,0.0,0.0,0,0,base,nan,nan,nan,26.016798676759446,16.192007064819336,16.56111717224121,nan,nan,0.0,0.0,0.0
adaptive_shard_00002.pt:4,adaptive_shard_00002.pt,4,clean,0.0,0.0,0,0,v1,nan,nan,nan,25.615549892388294,11.282377243041992,9.204648971557617,nan,nan,-0.40124878437115186,-4.909629821777344,-7.356468200683594
adaptive_shard_00002.pt:4,adaptive_shard_00002.pt,4,clean,0.0,0.0,0,0,v2,nan,nan,nan,25.586947152316554,11.922073364257812,11.976279258728027,nan,nan,-0.429851524442892,-4.269933700561523,-4.584837913513184
adaptive_shard_00002.pt:5,adaptive_shard_00002.pt,5,light,0.0,0.0,1,2,degraded,nan,nan,nan,36.08091887053815,12.67674732208252,14.476933479309082,nan,nan,10.708123469815437,-5.5432024002075195,-5.92124080657959
adaptive_shard_00002.pt:5,adaptive_shard_00002.pt,5,light,0.0,0.0,1,2,base,nan,nan,nan,25.372795400722712,18.21994972229004,20.398174285888672,nan,nan,0.0,0.0,0.0
adaptive_shard_00002.pt:5,adaptive_shard_00002.pt,5,light,0.0,0.0,1,2,v1,nan,nan,nan,25.229068990371438,14.925230026245117,14.801457405090332,nan,nan,-0.14372641035127387,-3.294719696044922,-5.59671688079834
adaptive_shard_00002.pt:5,adaptive_shard_00002.pt,5,light,0.0,0.0,1,2,v2,nan,nan,nan,25.05060873923615,16.087196350097656,18.97698211669922,nan,nan,-0.32218666148656183,-2.132753372192383,-1.4211921691894531
adaptive_shard_00002.pt:6,adaptive_shard_00002.pt,6,medium,1.0,22.700424194335938,2,2,degraded,nan,nan,nan,22.195764562037304,27.60586929321289,31.89379119873047,nan,nan,-3.375949652651215,12.472099304199219,16.56132984161377
adaptive_shard_00002.pt:6,adaptive_shard_00002.pt,6,medium,1.0,22.700424194335938,2,2,base,nan,nan,nan,25.57171421468852,15.133769989013672,15.3324613571167,nan,nan,0.0,0.0,0.0
adaptive_shard_00002.pt:6,adaptive_shard_00002.pt,6,medium,1.0,22.700424194335938,2,2,v1,nan,nan,nan,25.83217003126776,15.286971092224121,14.713386535644531,nan,nan,0.2604558165792419,0.15320110321044922,-0.619074821472168
adaptive_shard_00002.pt:6,adaptive_shard_00002.pt,6,medium,1.0,22.700424194335938,2,2,v2,nan,nan,nan,25.292343017193076,14.824294090270996,15.023087501525879,nan,nan,-0.27937119749544337,-0.3094758987426758,-0.3093738555908203
adaptive_shard_00002.pt:7,adaptive_shard_00002.pt,7,heavy,1.0,9.842100143432617,2,3,degraded,nan,nan,nan,9.745319449559517,38.72089767456055,43.98474884033203,nan,nan,-10.350374373118559,24.380847930908203,30.38114356994629
adaptive_shard_00002.pt:7,adaptive_shard_00002.pt,7,heavy,1.0,9.842100143432617,2,3,base,nan,nan,nan,20.095693822678076,14.340049743652344,13.603605270385742,nan,nan,0.0,0.0,0.0
adaptive_shard_00002.pt:7,adaptive_shard_00002.pt,7,heavy,1.0,9.842100143432617,2,3,v1,nan,nan,nan,20.222674784263667,14.836386680603027,13.782166481018066,nan,nan,0.12698096158559125,0.4963369369506836,0.17856121063232422
adaptive_shard_00002.pt:7,adaptive_shard_00002.pt,7,heavy,1.0,9.842100143432617,2,3,v2,nan,nan,nan,20.072837634473974,14.538907051086426,13.97712230682373,nan,nan,-0.022856188204102068,0.19885730743408203,0.3735170364379883
adaptive_shard_00002.pt:40,adaptive_shard_00002.pt,40,clean,0.0,0.0,0,0,degraded,nan,nan,nan,108.41635820464276,11.962716102600098,11.962701797485352,nan,nan,84.7009503181097,1.3143281936645508,1.6873798370361328
adaptive_shard_00002.pt:40,adaptive_shard_00002.pt,40,clean,0.0,0.0,0,0,base,nan,nan,nan,23.715407886533054,10.648387908935547,10.275321960449219,nan,nan,0.0,0.0,0.0
adaptive_shard_00002.pt:40,adaptive_shard_00002.pt,40,clean,0.0,0.0,0,0,v1,nan,nan,nan,23.31308280554755,6.571855068206787,6.46472692489624,nan,nan,-0.4023250809855057,-4.07653284072876,-3.8105950355529785
adaptive_shard_00002.pt:40,adaptive_shard_00002.pt,40,clean,0.0,0.0,0,0,v2,nan,nan,nan,23.271179243130796,6.498956680297852,6.026485443115234,nan,nan,-0.4442286434022584,-4.149431228637695,-4.248836517333984
adaptive_shard_00002.pt:41,adaptive_shard_00002.pt,41,light,0.0,0.0,1,2,degraded,nan,nan,nan,24.25327100030302,19.251928329467773,20.252002716064453,nan,nan,3.2011475874308175,7.450565338134766,7.379642486572266
adaptive_shard_00002.pt:41,adaptive_shard_00002.pt,41,light,0.0,0.0,1,2,base,nan,nan,nan,21.052123412872202,11.801362991333008,12.872360229492188,nan,nan,0.0,0.0,0.0
adaptive_shard_00002.pt:41,adaptive_shard_00002.pt,41,light,0.0,0.0,1,2,v1,nan,nan,nan,21.03473943227954,9.595297813415527,11.203967094421387,nan,nan,-0.017383980592661885,-2.2060651779174805,-1.6683931350708008
adaptive_shard_00002.pt:41,adaptive_shard_00002.pt,41,light,0.0,0.0,1,2,v2,nan,nan,nan,20.98024420220217,10.09302043914795,12.165520668029785,nan,nan,-0.07187921067003344,-1.7083425521850586,-0.7068395614624023
adaptive_shard_00002.pt:42,adaptive_shard_00002.pt,42,medium,1.0,22.375642776489258,2,1,degraded,nan,nan,nan,18.153220193857063,31.176246643066406,35.09324264526367,nan,nan,-0.9306812599916228,18.115626335144043,21.352869987487793
adaptive_shard_00002.pt:42,adaptive_shard_00002.pt,42,medium,1.0,22.375642776489258,2,1,base,nan,nan,nan,19.083901453848686,13.060620307922363,13.740372657775879,nan,nan,0.0,0.0,0.0
adaptive_shard_00002.pt:42,adaptive_shard_00002.pt,42,medium,1.0,22.375642776489258,2,1,v1,nan,nan,nan,19.093591493371434,12.231538772583008,13.945273399353027,nan,nan,0.009690039522748606,-0.8290815353393555,0.20490074157714844
adaptive_shard_00002.pt:42,adaptive_shard_00002.pt,42,medium,1.0,22.375642776489258,2,1,v2,nan,nan,nan,18.968551867579325,12.09574031829834,13.772237777709961,nan,nan,-0.11534958626936032,-0.9648799896240234,0.03186511993408203
adaptive_shard_00002.pt:43,adaptive_shard_00002.pt,43,heavy,1.0,7.603249549865723,2,3,degraded,nan,nan,nan,7.215240998303059,43.25601577758789,48.361263275146484,nan,nan,-7.748165545352885,28.890875816345215,33.53222179412842
adaptive_shard_00002.pt:43,adaptive_shard_00002.pt,43,heavy,1.0,7.603249549865723,2,3,base,nan,nan,nan,14.963406543655944,14.365139961242676,14.829041481018066,nan,nan,0.0,0.0,0.0
adaptive_shard_00002.pt:43,adaptive_shard_00002.pt,43,heavy,1.0,7.603249549865723,2,3,v1,nan,nan,nan,15.028789690232209,13.050159454345703,13.858993530273438,nan,nan,0.06538314657626465,-1.3149805068969727,-0.9700479507446289
adaptive_shard_00002.pt:43,adaptive_shard_00002.pt,43,heavy,1.0,7.603249549865723,2,3,v2,nan,nan,nan,14.9297499683004,13.124457359313965,13.8902587890625,nan,nan,-0.033656575355545115,-1.240682601928711,-0.9387826919555664
adaptive_shard_00002.pt:72,adaptive_shard_00002.pt,72,clean,0.0,0.0,0,0,degraded,nan,nan,nan,105.78049720164105,9.114919662475586,9.114911079406738,nan,nan,82.31425860727418,-0.3969535827636719,-0.32928943634033203
adaptive_shard_00002.pt:72,adaptive_shard_00002.pt,72,clean,0.0,0.0,0,0,base,nan,nan,nan,23.46623859436687,9.511873245239258,9.44420051574707,nan,nan,0.0,0.0,0.0
adaptive_shard_00002.pt:72,adaptive_shard_00002.pt,72,clean,0.0,0.0,0,0,v1,nan,nan,nan,23.11442651945972,6.442931652069092,5.831839561462402,nan,nan,-0.3518120749071514,-3.068941593170166,-3.612360954284668
adaptive_shard_00002.pt:72,adaptive_shard_00002.pt,72,clean,0.0,0.0,0,0,v2,nan,nan,nan,22.18916345143481,6.549238681793213,6.374413013458252,nan,nan,-1.2770751429320626,-2.962634563446045,-3.0697875022888184
adaptive_shard_00002.pt:73,adaptive_shard_00002.pt,73,light,0.0,0.0,1,1,degraded,nan,nan,nan,16.71780014946937,12.979355812072754,14.40930461883545,nan,nan,0.6682979882655822,-0.34162139892578125,-2.1056909561157227
adaptive_shard_00002.pt:73,adaptive_shard_00002.pt,73,light,0.0,0.0,1,1,base,nan,nan,nan,16.049502161203787,13.320977210998535,16.514995574951172,nan,nan,0.0,0.0,0.0
adaptive_shard_00002.pt:73,adaptive_shard_00002.pt,73,light,0.0,0.0,1,1,v1,nan,nan,nan,16.127584362727042,11.452333450317383,13.821755409240723,nan,nan,0.07808220152325518,-1.8686437606811523,-2.693240165710449
adaptive_shard_00002.pt:73,adaptive_shard_00002.pt,73,light,0.0,0.0,1,1,v2,nan,nan,nan,16.335526825260136,12.209959983825684,15.858233451843262,nan,nan,0.28602466405634885,-1.1110172271728516,-0.6567621231079102
adaptive_shard_00002.pt:74,adaptive_shard_00002.pt,74,medium,1.0,17.642534255981445,2,2,degraded,nan,nan,nan,7.961419699612801,28.5466251373291,32.903594970703125,nan,nan,0.9163074768670771,14.510371208190918,17.493449211120605
adaptive_shard_00002.pt:74,adaptive_shard_00002.pt,74,medium,1.0,17.642534255981445,2,2,base,nan,nan,nan,7.045112222745724,14.036253929138184,15.41014575958252,nan,nan,0.0,0.0,0.0
adaptive_shard_00002.pt:74,adaptive_shard_00002.pt,74,medium,1.0,17.642534255981445,2,2,v1,nan,nan,nan,7.154339805477625,14.369604110717773,15.934576988220215,nan,nan,0.10922758273190158,0.33335018157958984,0.5244312286376953
adaptive_shard_00002.pt:74,adaptive_shard_00002.pt,74,medium,1.0,17.642534255981445,2,2,v2,nan,nan,nan,7.232234956179175,13.716418266296387,15.718420028686523,nan,nan,0.18712273343345132,-0.3198356628417969,0.3082742691040039
adaptive_shard_00002.pt:75,adaptive_shard_00002.pt,75,heavy,1.0,8.02703857421875,2,3,degraded,nan,nan,nan,4.869677260232684,35.87383270263672,40.89106750488281,nan,nan,-2.622250286978783,22.249703407287598,26.83378314971924
adaptive_shard_00002.pt:75,adaptive_shard_00002.pt,75,heavy,1.0,8.02703857421875,2,3,base,nan,nan,nan,7.491927547211467,13.624129295349121,14.057284355163574,nan,nan,0.0,0.0,0.0
adaptive_shard_00002.pt:75,adaptive_shard_00002.pt,75,heavy,1.0,8.02703857421875,2,3,v1,nan,nan,nan,7.544206487398034,13.923531532287598,14.493339538574219,nan,nan,0.05227894018656709,0.29940223693847656,0.43605518341064453
adaptive_shard_00002.pt:75,adaptive_shard_00002.pt,75,heavy,1.0,8.02703857421875,2,3,v2,nan,nan,nan,7.546159483404704,13.687000274658203,14.583253860473633,nan,nan,0.054231936193237296,0.06287097930908203,0.5259695053100586
adaptive_shard_00002.pt:88,adaptive_shard_00002.pt,88,clean,0.0,0.0,0,0,degraded,nan,nan,nan,108.55546657603087,14.691122055053711,14.690937042236328,nan,nan,91.82206496173197,3.5006256103515625,3.415069580078125
adaptive_shard_00002.pt:88,adaptive_shard_00002.pt,88,clean,0.0,0.0,0,0,base,nan,nan,nan,16.7334016142989,11.190496444702148,11.275867462158203,nan,nan,0.0,0.0,0.0
adaptive_shard_00002.pt:88,adaptive_shard_00002.pt,88,clean,0.0,0.0,0,0,v1,nan,nan,nan,16.904819131744638,8.544426918029785,7.747876167297363,nan,nan,0.17141751744573952,-2.6460695266723633,-3.52799129486084
adaptive_shard_00002.pt:88,adaptive_shard_00002.pt,88,clean,0.0,0.0,0,0,v2,nan,nan,nan,16.67152179003552,8.362896919250488,8.211689949035645,nan,nan,-0.06187982426337868,-2.82759952545166,-3.0641775131225586
adaptive_shard_00002.pt:89,adaptive_shard_00002.pt,89,light,0.0,0.0,1,1,degraded,nan,nan,nan,38.95910752408274,18.64586639404297,19.239463806152344,nan,nan,21.946505985582228,5.483942985534668,6.094112396240234
adaptive_shard_00002.pt:89,adaptive_shard_00002.pt,89,light,0.0,0.0,1,1,base,nan,nan,nan,17.012601538500512,13.1619234085083,13.14535140991211,nan,nan,0.0,0.0,0.0
adaptive_shard_00002.pt:89,adaptive_shard_00002.pt,89,light,0.0,0.0,1,1,v1,nan,nan,nan,17.18196044893514,9.893967628479004,9.400606155395508,nan,nan,0.16935891043462803,-3.267955780029297,-3.7447452545166016
adaptive_shard_00002.pt:89,adaptive_shard_00002.pt,89,light,0.0,0.0,1,1,v2,nan,nan,nan,16.94599318133459,10.402158737182617,11.967713356018066,nan,nan,-0.06660835716592217,-2.7597646713256836,-1.177638053894043
adaptive_shard_00002.pt:90,adaptive_shard_00002.pt,90,medium,1.0,16.820510864257812,2,1,degraded,nan,nan,nan,16.580821129209045,40.67955780029297,45.730472564697266,nan,nan,-3.4849112333513155,27.974984169006348,34.04643154144287
adaptive_shard_00002.pt:90,adaptive_shard_00002.pt,90,medium,1.0,16.820510864257812,2,1,base,nan,nan,nan,20.06573236256036,12.704573631286621,11.684041023254395,nan,nan,0.0,0.0,0.0
adaptive_shard_00002.pt:90,adaptive_shard_00002.pt,90,medium,1.0,16.820510864257812,2,1,v1,nan,nan,nan,20.639939105043137,11.5881929397583,10.873689651489258,nan,nan,0.5742067424827759,-1.1163806915283203,-0.8103513717651367
adaptive_shard_00002.pt:90,adaptive_shard_00002.pt,90,medium,1.0,16.820510864257812,2,1,v2,nan,nan,nan,19.89325055431856,11.561125755310059,11.578222274780273,nan,nan,-0.17248180824180182,-1.1434478759765625,-0.1058187484741211
adaptive_shard_00002.pt:91,adaptive_shard_00002.pt,91,heavy,1.0,9.038596153259277,2,3,degraded,nan,nan,nan,8.74176227569396,47.534523010253906,52.97617721557617,nan,nan,-7.650145725114561,33.44435787200928,39.07425498962402
adaptive_shard_00002.pt:91,adaptive_shard_00002.pt,91,heavy,1.0,9.038596153259277,2,3,base,nan,nan,nan,16.39190800080852,14.090165138244629,13.901922225952148,nan,nan,0.0,0.0,0.0
adaptive_shard_00002.pt:91,adaptive_shard_00002.pt,91,heavy,1.0,9.038596153259277,2,3,v1,nan,nan,nan,16.61970661744858,12.5723237991333,12.306406021118164,nan,nan,0.22779861664005807,-1.5178413391113281,-1.5955162048339844
adaptive_shard_00002.pt:91,adaptive_shard_00002.pt,91,heavy,1.0,9.038596153259277,2,3,v2,nan,nan,nan,16.33094498806613,12.638306617736816,12.456624984741211,nan,nan,-0.06096301274239124,-1.4518585205078125,-1.4452972412109375
adaptive_shard_00002.pt:100,adaptive_shard_00002.pt,100,clean,0.0,0.0,0,0,degraded,nan,nan,nan,95.14896618830991,2.1351730823516846,2.135085105895996,nan,nan,71.14266857171566,-7.15959906578064,-7.211435317993164
adaptive_shard_00002.pt:100,adaptive_shard_00002.pt,100,clean,0.0,0.0,0,0,base,nan,nan,nan,24.006297616594257,9.294772148132324,9.34652042388916,nan,nan,0.0,0.0,0.0
adaptive_shard_00002.pt:100,adaptive_shard_00002.pt,100,clean,0.0,0.0,0,0,v1,nan,nan,nan,23.675416273071228,8.829447746276855,7.515635967254639,nan,nan,-0.33088134352302845,-0.46532440185546875,-1.8308844566345215
adaptive_shard_00002.pt:100,adaptive_shard_00002.pt,100,clean,0.0,0.0,0,0,v2,nan,nan,nan,23.251147830558324,9.725001335144043,9.292489051818848,nan,nan,-0.7551497860359326,0.43022918701171875,-0.0540313720703125
adaptive_shard_00002.pt:101,adaptive_shard_00002.pt,101,light,0.0,0.0,1,1,degraded,nan,nan,nan,27.13620936482628,10.477049827575684,14.18372917175293,nan,nan,5.512600056067747,-7.487160682678223,-9.07697868347168
adaptive_shard_00002.pt:101,adaptive_shard_00002.pt,101,light,0.0,0.0,1,1,base,nan,nan,nan,21.62360930875853,17.964210510253906,23.26070785522461,nan,nan,0.0,0.0,0.0
adaptive_shard_00002.pt:101,adaptive_shard_00002.pt,101,light,0.0,0.0,1,1,v1,nan,nan,nan,21.50222187467023,14.503571510314941,17.053483963012695,nan,nan,-0.12138743408830166,-3.460638999938965,-6.207223892211914
adaptive_shard_00002.pt:101,adaptive_shard_00002.pt,101,light,0.0,0.0,1,1,v2,nan,nan,nan,21.20873702266723,17.13960838317871,22.444690704345703,nan,nan,-0.41487228609130256,-0.8246021270751953,-0.8160171508789062
adaptive_shard_00002.pt:102,adaptive_shard_00002.pt,102,medium,1.0,22.8546199798584,2,2,degraded,nan,nan,nan,17.76340648099692,20.6086483001709,24.43901824951172,nan,nan,-0.3479535172769168,2.183553695678711,3.0229530334472656
adaptive_shard_00002.pt:102,adaptive_shard_00002.pt,102,medium,1.0,22.8546199798584,2,2,base,nan,nan,nan,18.111359998273837,18.425094604492188,21.416065216064453,nan,nan,0.0,0.0,0.0
adaptive_shard_00002.pt:102,adaptive_shard_00002.pt,102,medium,1.0,22.8546199798584,2,2,v1,nan,nan,nan,18.08832669723946,18.956348419189453,21.2666072845459,nan,nan,-0.02303330103437773,0.5312538146972656,-0.1494579315185547
adaptive_shard_00002.pt:102,adaptive_shard_00002.pt,102,medium,1.0,22.8546199798584,2,2,v2,nan,nan,nan,17.894612464316573,18.639598846435547,21.634382247924805,nan,nan,-0.21674753395726398,0.21450424194335938,0.21831703186035156
adaptive_shard_00002.pt:103,adaptive_shard_00002.pt,103,heavy,1.0,8.863325119018555,2,3,degraded,nan,nan,nan,8.394324875686438,30.975502014160156,35.65943908691406,nan,nan,-7.082706466454976,14.590049743652344,18.101219177246094
adaptive_shard_00002.pt:103,adaptive_shard_00002.pt,103,heavy,1.0,8.863325119018555,2,3,base,nan,nan,nan,15.477031342141414,16.385452270507812,17.55821990966797,nan,nan,0.0,0.0,0.0
adaptive_shard_00002.pt:103,adaptive_shard_00002.pt,103,heavy,1.0,8.863325119018555,2,3,v1,nan,nan,nan,15.45201186826307,17.712785720825195,18.65851593017578,nan,nan,-0.02501947387834491,1.3273334503173828,1.1002960205078125
adaptive_shard_00002.pt:103,adaptive_shard_00002.pt,103,heavy,1.0,8.863325119018555,2,3,v2,nan,nan,nan,15.359411002826649,17.452207565307617,18.6419677734375,nan,nan,-0.11762033931476523,1.0667552947998047,1.0837478637695312
adaptive_shard_00004.pt:0,adaptive_shard_00004.pt,0,clean,0.0,0.0,0,0,degraded,nan,nan,nan,107.23381001475191,6.452317237854004,6.452281475067139,nan,nan,81.37962815609336,-6.034763336181641,-6.499520778656006
adaptive_shard_00004.pt:0,adaptive_shard_00004.pt,0,clean,0.0,0.0,0,0,base,nan,nan,nan,25.85418185865855,12.487080574035645,12.951802253723145,nan,nan,0.0,0.0,0.0
adaptive_shard_00004.pt:0,adaptive_shard_00004.pt,0,clean,0.0,0.0,0,0,v1,nan,nan,nan,24.932181472343995,7.146461009979248,6.9568352699279785,nan,nan,-0.9220003863145543,-5.3406195640563965,-5.994966983795166
adaptive_shard_00004.pt:0,adaptive_shard_00004.pt,0,clean,0.0,0.0,0,0,v2,nan,nan,nan,25.13245345699652,7.457268238067627,6.763248920440674,nan,nan,-0.7217284016620304,-5.029812335968018,-6.188553333282471
adaptive_shard_00004.pt:1,adaptive_shard_00004.pt,1,light,0.0,0.0,1,2,degraded,nan,nan,nan,26.586725896384905,17.805374145507812,18.86497688293457,nan,nan,3.4031185579199885,3.0271949768066406,2.8337631225585938
adaptive_shard_00004.pt:1,adaptive_shard_00004.pt,1,light,0.0,0.0,1,2,base,nan,nan,nan,23.183607338464917,14.778179168701172,16.031213760375977,nan,nan,0.0,0.0,0.0
adaptive_shard_00004.pt:1,adaptive_shard_00004.pt,1,light,0.0,0.0,1,2,v1,nan,nan,nan,23.03220872470938,10.079339981079102,10.754753112792969,nan,nan,-0.15139861375553565,-4.69883918762207,-5.276460647583008
adaptive_shard_00004.pt:1,adaptive_shard_00004.pt,1,light,0.0,0.0,1,2,v2,nan,nan,nan,23.165928890387683,11.899957656860352,14.672294616699219,nan,nan,-0.017678448077234066,-2.8782215118408203,-1.3589191436767578
adaptive_shard_00004.pt:2,adaptive_shard_00004.pt,2,medium,1.0,22.566905975341797,2,2,degraded,nan,nan,nan,13.886366983925157,35.34959411621094,39.622501373291016,nan,nan,-0.3772382874440847,23.446277618408203,26.9856538772583
adaptive_shard_00004.pt:2,adaptive_shard_00004.pt,2,medium,1.0,22.566905975341797,2,2,base,nan,nan,nan,14.263605271369242,11.903316497802734,12.636847496032715,nan,nan,0.0,0.0,0.0
adaptive_shard_00004.pt:2,adaptive_shard_00004.pt,2,medium,1.0,22.566905975341797,2,2,v1,nan,nan,nan,14.243748605247934,12.021227836608887,12.93591594696045,nan,nan,-0.01985666612130821,0.11791133880615234,0.2990684509277344
adaptive_shard_00004.pt:2,adaptive_shard_00004.pt,2,medium,1.0,22.566905975341797,2,2,v2,nan,nan,nan,14.22268867523851,11.821209907531738,12.713163375854492,nan,nan,-0.04091659613073162,-0.0821065902709961,0.07631587982177734
adaptive_shard_00004.pt:3,adaptive_shard_00004.pt,3,heavy,1.0,9.29398250579834,2,3,degraded,nan,nan,nan,7.997212972675882,46.62592697143555,51.522769927978516,nan,nan,-5.313956969405638,33.46114253997803,37.74007987976074
adaptive_shard_00004.pt:3,adaptive_shard_00004.pt,3,heavy,1.0,9.29398250579834,2,3,base,nan,nan,nan,13.31116994208152,13.16478443145752,13.782690048217773,nan,nan,0.0,0.0,0.0
adaptive_shard_00004.pt:3,adaptive_shard_00004.pt,3,heavy,1.0,9.29398250579834,2,3,v1,nan,nan,nan,13.306642203919399,12.55932903289795,13.184078216552734,nan,nan,-0.004527738162121153,-0.6054553985595703,-0.5986118316650391
adaptive_shard_00004.pt:3,adaptive_shard_00004.pt,3,heavy,1.0,9.29398250579834,2,3,v2,nan,nan,nan,13.28072425151143,12.593489646911621,12.938166618347168,nan,nan,-0.030445690570090278,-0.5712947845458984,-0.8445234298706055
adaptive_shard_00004.pt:52,adaptive_shard_00004.pt,52,clean,0.0,0.0,0,0,degraded,nan,nan,nan,106.8847895393088,8.11911678314209,8.119080543518066,nan,nan,83.50302395215272,-3.456483840942383,-3.591094970703125
adaptive_shard_00004.pt:52,adaptive_shard_00004.pt,52,clean,0.0,0.0,0,0,base,nan,nan,nan,23.38176558715609,11.575600624084473,11.710175514221191,nan,nan,0.0,0.0,0.0
adaptive_shard_00004.pt:52,adaptive_shard_00004.pt,52,clean,0.0,0.0,0,0,v1,nan,nan,nan,22.76020461527284,8.342814445495605,8.117156028747559,nan,nan,-0.6215609718832482,-3.232786178588867,-3.593019485473633
adaptive_shard_00004.pt:52,adaptive_shard_00004.pt,52,clean,0.0,0.0,0,0,v2,nan,nan,nan,22.937678069928232,8.293006896972656,7.48784065246582,nan,nan,-0.44408751722785667,-3.2825937271118164,-4.222334861755371
adaptive_shard_00004.pt:53,adaptive_shard_00004.pt,53,light,0.0,0.0,1,2,degraded,nan,nan,nan,19.664138831144278,18.875652313232422,20.353723526000977,nan,nan,2.9308793019602817,4.739500045776367,5.321680068969727
adaptive_shard_00004.pt:53,adaptive_shard_00004.pt,53,light,0.0,0.0,1,2,base,nan,nan,nan,16.733259529183997,14.136152267456055,15.03204345703125,nan,nan,0.0,0.0,0.0
adaptive_shard_00004.pt:53,adaptive_shard_00004.pt,53,light,0.0,0.0,1,2,v1,nan,nan,nan,16.82489033497404,12.101690292358398,13.075236320495605,nan,nan,0.09163080579004301,-2.0344619750976562,-1.9568071365356445
adaptive_shard_00004.pt:53,adaptive_shard_00004.pt,53,light,0.0,0.0,1,2,v2,nan,nan,nan,17.055134687232925,12.364228248596191,14.128751754760742,nan,nan,0.32187515804892897,-1.7719240188598633,-0.9032917022705078
adaptive_shard_00004.pt:54,adaptive_shard_00004.pt,54,medium,1.0,23.087987899780273,2,2,degraded,nan,nan,nan,15.504288637946932,32.07325744628906,36.27234649658203,nan,nan,-0.1479116573543564,16.944604873657227,19.719703674316406
adaptive_shard_00004.pt:54,adaptive_shard_00004.pt,54,medium,1.0,23.087987899780273,2,2,base,nan,nan,nan,15.652200295301288,15.128652572631836,16.552642822265625,nan,nan,0.0,0.0,0.0
adaptive_shard_00004.pt:54,adaptive_shard_00004.pt,54,medium,1.0,23.087987899780273,2,2,v1,nan,nan,nan,15.693827481854647,14.927007675170898,16.463489532470703,nan,nan,0.04162718655335951,-0.2016448974609375,-0.08915328979492188
adaptive_shard_00004.pt:54,adaptive_shard_00004.pt,54,medium,1.0,23.087987899780273,2,2,v2,nan,nan,nan,15.635885234065096,14.522319793701172,16.255216598510742,nan,nan,-0.016315061236191752,-0.6063327789306641,-0.2974262237548828
adaptive_shard_00004.pt:55,adaptive_shard_00004.pt,55,heavy,1.0,9.655773162841797,2,3,degraded,nan,nan,nan,8.660376883792066,42.61136245727539,47.32329559326172,nan,nan,-5.609078261164592,27.990851402282715,31.81385898590088
adaptive_shard_00004.pt:55,adaptive_shard_00004.pt,55,heavy,1.0,9.655773162841797,2,3,base,nan,nan,nan,14.269455144956659,14.620511054992676,15.50943660736084,nan,nan,0.0,0.0,0.0
adaptive_shard_00004.pt:55,adaptive_shard_00004.pt,55,heavy,1.0,9.655773162841797,2,3,v1,nan,nan,nan,14.307510190467505,14.408391952514648,15.34708023071289,nan,nan,0.0380550455108466,-0.21211910247802734,-0.16235637664794922
adaptive_shard_00004.pt:55,adaptive_shard_00004.pt,55,heavy,1.0,9.655773162841797,2,3,v2,nan,nan,nan,14.260365452808859,14.286706924438477,15.155365943908691,nan,nan,-0.009089692147799866,-0.3338041305541992,-0.35407066345214844
adaptive_shard_00004.pt:104,adaptive_shard_00004.pt,104,clean,0.0,0.0,0,0,degraded,nan,nan,nan,106.96325251384543,10.582032203674316,10.582019805908203,nan,nan,88.11461878906846,-0.42209339141845703,-0.8609762191772461
adaptive_shard_00004.pt:104,adaptive_shard_00004.pt,104,clean,0.0,0.0,0,0,base,nan,nan,nan,18.848633724776978,11.004125595092773,11.44299602508545,nan,nan,0.0,0.0,0.0
adaptive_shard_00004.pt:104,adaptive_shard_00004.pt,104,clean,0.0,0.0,0,0,v1,nan,nan,nan,19.10012135175681,7.955924034118652,7.2265238761901855,nan,nan,0.25148762697983074,-3.048201560974121,-4.216472148895264
adaptive_shard_00004.pt:104,adaptive_shard_00004.pt,104,clean,0.0,0.0,0,0,v2,nan,nan,nan,18.77405224529114,8.414852142333984,8.399974822998047,nan,nan,-0.07458147948583616,-2.589273452758789,-3.0430212020874023
adaptive_shard_00004.pt:105,adaptive_shard_00004.pt,105,light,0.0,0.0,1,1,degraded,nan,nan,nan,27.11056971806447,14.530633926391602,15.43831729888916,nan,nan,8.498290283609762,2.310117721557617,1.1109771728515625
adaptive_shard_00004.pt:105,adaptive_shard_00004.pt,105,light,0.0,0.0,1,1,base,nan,nan,nan,18.612279434454706,12.220516204833984,14.327340126037598,nan,nan,0.0,0.0,0.0
adaptive_shard_00004.pt:105,adaptive_shard_00004.pt,105,light,0.0,0.0,1,1,v1,nan,nan,nan,18.85093235912909,10.053016662597656,11.281828880310059,nan,nan,0.23865292467438337,-2.167499542236328,-3.045511245727539
adaptive_shard_00004.pt:105,adaptive_shard_00004.pt,105,light,0.0,0.0,1,1,v2,nan,nan,nan,18.55023686410266,11.09316349029541,13.597370147705078,nan,nan,-0.062042570352044635,-1.1273527145385742,-0.7299699783325195
adaptive_shard_00004.pt:106,adaptive_shard_00004.pt,106,medium,1.0,23.00649642944336,2,1,degraded,nan,nan,nan,20.193232685888887,29.857315063476562,34.35026931762695,nan,nan,1.7070373041671623,15.851418495178223,20.057510375976562
adaptive_shard_00004.pt:106,adaptive_shard_00004.pt,106,medium,1.0,23.00649642944336,2,1,base,nan,nan,nan,18.486195381721725,14.00589656829834,14.29275894165039,nan,nan,0.0,0.0,0.0
adaptive_shard_00004.pt:106,adaptive_shard_00004.pt,106,medium,1.0,23.00649642944336,2,1,v1,nan,nan,nan,18.910336288198994,13.180065155029297,13.02497386932373,nan,nan,0.42414090647726965,-0.825831413269043,-1.2677850723266602
adaptive_shard_00004.pt:106,adaptive_shard_00004.pt,106,medium,1.0,23.00649642944336,2,1,v2,nan,nan,nan,18.478438850779828,13.065404891967773,14.042994499206543,nan,nan,-0.007756530941897211,-0.9404916763305664,-0.24976444244384766
adaptive_shard_00004.pt:107,adaptive_shard_00004.pt,107,heavy,1.0,5.6163330078125,2,3,degraded,nan,nan,nan,5.415298250139552,43.909114837646484,49.75028991699219,nan,nan,-9.547430437670714,29.953129768371582,35.99478530883789
adaptive_shard_00004.pt:107,adaptive_shard_00004.pt,107,heavy,1.0,5.6163330078125,2,3,base,nan,nan,nan,14.962728687810266,13.955985069274902,13.755504608154297,nan,nan,0.0,0.0,0.0
adaptive_shard_00004.pt:107,adaptive_shard_00004.pt,107,heavy,1.0,5.6163330078125,2,3,v1,nan,nan,nan,15.042380804926555,13.489300727844238,13.189288139343262,nan,nan,0.07965211711628939,-0.46668434143066406,-0.5662164688110352
adaptive_shard_00004.pt:107,adaptive_shard_00004.pt,107,heavy,1.0,5.6163330078125,2,3,v2,nan,nan,nan,14.928306038771675,13.435782432556152,13.288300514221191,nan,nan,-0.03442264903859105,-0.52020263671875,-0.46720409393310547
adaptive_shard_00005.pt:40,adaptive_shard_00005.pt,40,clean,0.0,0.0,0,0,degraded,nan,nan,nan,97.82032101814332,3.5034618377685547,3.503474473953247,nan,nan,75.16095207131613,-10.266067504882812,-10.582510709762573
adaptive_shard_00005.pt:40,adaptive_shard_00005.pt,40,clean,0.0,0.0,0,0,base,nan,nan,nan,22.659368946827193,13.769529342651367,14.08598518371582,nan,nan,0.0,0.0,0.0
adaptive_shard_00005.pt:40,adaptive_shard_00005.pt,40,clean,0.0,0.0,0,0,v1,nan,nan,nan,22.805730075588514,8.933939933776855,7.415449142456055,nan,nan,0.14636112876132046,-4.835589408874512,-6.670536041259766
adaptive_shard_00005.pt:40,adaptive_shard_00005.pt,40,clean,0.0,0.0,0,0,v2,nan,nan,nan,22.312638085283147,9.76794147491455,10.738768577575684,nan,nan,-0.34673086154404587,-4.001587867736816,-3.3472166061401367
adaptive_shard_00005.pt:41,adaptive_shard_00005.pt,41,light,0.0,0.0,1,1,degraded,nan,nan,nan,28.15224638316764,9.242488861083984,11.489846229553223,nan,nan,5.830735213447138,-8.256954193115234,-9.4688138961792
adaptive_shard_00005.pt:41,adaptive_shard_00005.pt,41,light,0.0,0.0,1,1,base,nan,nan,nan,22.3215111697205,17.49944305419922,20.958660125732422,nan,nan,0.0,0.0,0.0
adaptive_shard_00005.pt:41,adaptive_shard_00005.pt,41,light,0.0,0.0,1,1,v1,nan,nan,nan,22.259314989228727,11.288505554199219,11.789548873901367,nan,nan,-0.062196180491774555,-6.2109375,-9.169111251831055
adaptive_shard_00005.pt:41,adaptive_shard_00005.pt,41,light,0.0,0.0,1,1,v2,nan,nan,nan,22.036900635943425,14.614201545715332,19.53327178955078,nan,nan,-0.28461053377707657,-2.8852415084838867,-1.4253883361816406
adaptive_shard_00005.pt:42,adaptive_shard_00005.pt,42,medium,1.0,20.607507705688477,2,1,degraded,nan,nan,nan,14.88524436239093,27.25730323791504,31.389204025268555,nan,nan,-0.601182824491536,12.767398834228516,14.993974685668945
adaptive_shard_00005.pt:42,adaptive_shard_00005.pt,42,medium,1.0,20.607507705688477,2,1,base,nan,nan,nan,15.486427186882466,14.489904403686523,16.39522933959961,nan,nan,0.0,0.0,0.0
adaptive_shard_00005.pt:42,adaptive_shard_00005.pt,42,medium,1.0,20.607507705688477,2,1,v1,nan,nan,nan,15.585923776247437,13.634929656982422,13.974422454833984,nan,nan,0.0994965893649713,-0.8549747467041016,-2.420806884765625
adaptive_shard_00005.pt:42,adaptive_shard_00005.pt,42,medium,1.0,20.607507705688477,2,1,v2,nan,nan,nan,15.420807619280822,13.737977981567383,15.92481517791748,nan,nan,-0.06561956760164378,-0.7519264221191406,-0.4704141616821289
adaptive_shard_00005.pt:43,adaptive_shard_00005.pt,43,heavy,1.0,5.166540622711182,2,3,degraded,nan,nan,nan,4.712859401599088,40.322601318359375,45.31702423095703,nan,nan,-8.690161769872573,28.211145401000977,32.6787166595459
adaptive_shard_00005.pt:43,adaptive_shard_00005.pt,43,heavy,1.0,5.166540622711182,2,3,base,nan,nan,nan,13.40302117147166,12.111455917358398,12.638307571411133,nan,nan,0.0,0.0,0.0
adaptive_shard_00005.pt:43,adaptive_shard_00005.pt,43,heavy,1.0,5.166540622711182,2,3,v1,nan,nan,nan,13.337096399850905,12.66585636138916,12.763652801513672,nan,nan,-0.0659247716207556,0.5544004440307617,0.12534523010253906
adaptive_shard_00005.pt:43,adaptive_shard_00005.pt,43,heavy,1.0,5.166540622711182,2,3,v2,nan,nan,nan,13.21593006092591,12.563353538513184,13.04173755645752,nan,nan,-0.1870911105457509,0.45189762115478516,0.4034299850463867
adaptive_shard_00005.pt:52,adaptive_shard_00005.pt,52,clean,0.0,0.0,0,0,degraded,nan,nan,nan,102.07983124919267,21.873050689697266,21.872629165649414,nan,nan,107.60228672031724,13.418996810913086,11.978260040283203
adaptive_shard_00005.pt:52,adaptive_shard_00005.pt,52,clean,0.0,0.0,0,0,base,nan,nan,nan,-5.5224554711245775,8.45405387878418,9.894369125366211,nan,nan,0.0,0.0,0.0
adaptive_shard_00005.pt:52,adaptive_shard_00005.pt,52,clean,0.0,0.0,0,0,v1,nan,nan,nan,-5.123247414901697,7.974798679351807,7.396717548370361,nan,nan,0.39920805622288036,-0.47925519943237305,-2.4976515769958496
adaptive_shard_00005.pt:52,adaptive_shard_00005.pt,52,clean,0.0,0.0,0,0,v2,nan,nan,nan,-5.599920311908388,9.243083000183105,8.338631629943848,nan,nan,-0.07746484078381055,0.7890291213989258,-1.5557374954223633
adaptive_shard_00005.pt:53,adaptive_shard_00005.pt,53,light,0.0,0.0,1,1,degraded,nan,nan,nan,31.61046821273164,29.85110855102539,29.766475677490234,nan,nan,37.5592237377112,19.677631378173828,19.387697219848633
adaptive_shard_00005.pt:53,adaptive_shard_00005.pt,53,light,0.0,0.0,1,1,base,nan,nan,nan,-5.948755524979562,10.173477172851562,10.378778457641602,nan,nan,0.0,0.0,0.0
adaptive_shard_00005.pt:53,adaptive_shard_00005.pt,53,light,0.0,0.0,1,1,v1,nan,nan,nan,-5.639734946549588,8.608894348144531,7.631875038146973,nan,nan,0.30902057842997444,-1.5645828247070312,-2.746903419494629
adaptive_shard_00005.pt:53,adaptive_shard_00005.pt,53,light,0.0,0.0,1,1,v2,nan,nan,nan,-6.006562295070747,10.17530345916748,9.943731307983398,nan,nan,-0.057806770091184845,0.0018262863159179688,-0.4350471496582031
adaptive_shard_00005.pt:54,adaptive_shard_00005.pt,54,medium,1.0,15.205265998840332,2,2,degraded,nan,nan,nan,13.883371840163152,46.61103439331055,48.961273193359375,nan,nan,18.05238015903999,36.3931245803833,39.528231620788574
adaptive_shard_00005.pt:54,adaptive_shard_00005.pt,54,medium,1.0,15.205265998840332,2,2,base,nan,nan,nan,-4.16900831887684,10.217909812927246,9.4330415725708,nan,nan,0.0,0.0,0.0
adaptive_shard_00005.pt:54,adaptive_shard_00005.pt,54,medium,1.0,15.205265998840332,2,2,v1,nan,nan,nan,-3.882489956993961,9.981009483337402,9.155447006225586,nan,nan,0.28651836188287927,-0.23690032958984375,-0.27759456634521484
adaptive_shard_00005.pt:54,adaptive_shard_00005.pt,54,medium,1.0,15.205265998840332,2,2,v2,nan,nan,nan,-4.223964113999576,10.475997924804688,9.376179695129395,nan,nan,-0.054955795122735296,0.2580881118774414,-0.05686187744140625
adaptive_shard_00005.pt:55,adaptive_shard_00005.pt,55,heavy,1.0,8.94116497039795,2,3,degraded,nan,nan,nan,5.13195621677335,52.85343551635742,55.348384857177734,nan,nan,7.67792252676559,40.44215393066406,43.80591678619385
adaptive_shard_00005.pt:55,adaptive_shard_00005.pt,55,heavy,1.0,8.94116497039795,2,3,base,nan,nan,nan,-2.5459663099922403,12.41128158569336,11.542468070983887,nan,nan,0.0,0.0,0.0
adaptive_shard_00005.pt:55,adaptive_shard_00005.pt,55,heavy,1.0,8.94116497039795,2,3,v1,nan,nan,nan,-2.3067192450583525,11.029420852661133,10.507100105285645,nan,nan,0.2392470649338878,-1.3818607330322266,-1.0353679656982422
adaptive_shard_00005.pt:55,adaptive_shard_00005.pt,55,heavy,1.0,8.94116497039795,2,3,v2,nan,nan,nan,-2.669285090918781,11.383301734924316,10.297749519348145,nan,nan,-0.12331878092654058,-1.027979850769043,-1.2447185516357422
adaptive_shard_00005.pt:124,adaptive_shard_00005.pt,124,clean,0.0,0.0,0,0,degraded,nan,nan,nan,107.56728652499844,7.448643684387207,7.448630332946777,nan,nan,84.76001145494149,-4.006023406982422,-4.087953567504883
adaptive_shard_00005.pt:124,adaptive_shard_00005.pt,124,clean,0.0,0.0,0,0,base,nan,nan,nan,22.80727507005695,11.454667091369629,11.53658390045166,nan,nan,0.0,0.0,0.0
adaptive_shard_00005.pt:124,adaptive_shard_00005.pt,124,clean,0.0,0.0,0,0,v1,nan,nan,nan,22.370041066599352,7.790320873260498,7.127895355224609,nan,nan,-0.437234003457597,-3.664346218109131,-4.408688545227051
adaptive_shard_00005.pt:124,adaptive_shard_00005.pt,124,clean,0.0,0.0,0,0,v2,nan,nan,nan,22.427063352694802,7.962230682373047,7.231284141540527,nan,nan,-0.38021171736214754,-3.492436408996582,-4.305299758911133
adaptive_shard_00005.pt:125,adaptive_shard_00005.pt,125,light,0.0,0.0,1,2,degraded,nan,nan,nan,30.709455361004366,15.685373306274414,17.75114631652832,nan,nan,8.816698790792064,2.868846893310547,3.881129264831543
adaptive_shard_00005.pt:125,adaptive_shard_00005.pt,125,light,0.0,0.0,1,2,base,nan,nan,nan,21.892756570212303,12.816526412963867,13.870017051696777,nan,nan,0.0,0.0,0.0
adaptive_shard_00005.pt:125,adaptive_shard_00005.pt,125,light,0.0,0.0,1,2,v1,nan,nan,nan,21.659781223884096,10.821991920471191,11.342012405395508,nan,nan,-0.2329753463282067,-1.9945344924926758,-2.5280046463012695
adaptive_shard_00005.pt:125,adaptive_shard_00005.pt,125,light,0.0,0.0,1,2,v2,nan,nan,nan,21.608812871650436,11.41066837310791,12.97079849243164,nan,nan,-0.28394369856186685,-1.405858039855957,-0.8992185592651367
adaptive_shard_00005.pt:126,adaptive_shard_00005.pt,126,medium,1.0,17.526010513305664,2,1,degraded,nan,nan,nan,15.68588406885599,33.179927825927734,39.10372543334961,nan,nan,-2.2513984062472083,18.68867301940918,24.306461334228516
adaptive_shard_00005.pt:126,adaptive_shard_00005.pt,126,medium,1.0,17.526010513305664,2,1,base,nan,nan,nan,17.9372824751032,14.491254806518555,14.797264099121094,nan,nan,0.0,0.0,0.0
adaptive_shard_00005.pt:126,adaptive_shard_00005.pt,126,medium,1.0,17.526010513305664,2,1,v1,nan,nan,nan,17.96345618330855,14.53226375579834,14.918140411376953,nan,nan,0.026173708205352142,0.041008949279785156,0.12087631225585938
adaptive_shard_00005.pt:126,adaptive_shard_00005.pt,126,medium,1.0,17.526010513305664,2,1,v2,nan,nan,nan,17.851507723572283,14.510992050170898,15.209458351135254,nan,nan,-0.0857747515309164,0.01973724365234375,0.41219425201416016
adaptive_shard_00005.pt:127,adaptive_shard_00005.pt,127,heavy,1.0,6.437076091766357,2,3,degraded,nan,nan,nan,6.139341960878113,42.12458801269531,48.907779693603516,nan,nan,-8.328113460722017,26.4897403717041,32.76165771484375
adaptive_shard_00005.pt:127,adaptive_shard_00005.pt,127,heavy,1.0,6.437076091766357,2,3,base,nan,nan,nan,14.46745542160013,15.634847640991211,16.146121978759766,nan,nan,0.0,0.0,0.0
adaptive_shard_00005.pt:127,adaptive_shard_00005.pt,127,heavy,1.0,6.437076091766357,2,3,v1,nan,nan,nan,14.389049580269242,15.06203842163086,15.439953804016113,nan,nan,-0.07840584133088768,-0.5728092193603516,-0.7061681747436523
adaptive_shard_00005.pt:127,adaptive_shard_00005.pt,127,heavy,1.0,6.437076091766357,2,3,v2,nan,nan,nan,14.404524892499593,15.036972999572754,15.497193336486816,nan,nan,-0.06293052910053731,-0.597874641418457,-0.6489286422729492
adaptive_shard_00006.pt:36,adaptive_shard_00006.pt,36,clean,0.0,0.0,0,0,degraded,nan,nan,nan,109.6448023101067,13.16993522644043,13.169919967651367,nan,nan,90.1873507920159,3.574101448059082,3.2309999465942383
adaptive_shard_00006.pt:36,adaptive_shard_00006.pt,36,clean,0.0,0.0,0,0,base,nan,nan,nan,19.4574515180908,9.595833778381348,9.938920021057129,nan,nan,0.0,0.0,0.0
adaptive_shard_00006.pt:36,adaptive_shard_00006.pt,36,clean,0.0,0.0,0,0,v1,nan,nan,nan,19.75643286814576,7.956534385681152,7.702236175537109,nan,nan,0.2989813500549623,-1.6392993927001953,-2.2366838455200195
adaptive_shard_00006.pt:36,adaptive_shard_00006.pt,36,clean,0.0,0.0,0,0,v2,nan,nan,nan,19.263364641947106,8.216843605041504,7.900304794311523,nan,nan,-0.19408687614369313,-1.3789901733398438,-2.0386152267456055
adaptive_shard_00006.pt:37,adaptive_shard_00006.pt,37,light,0.0,0.0,1,1,degraded,nan,nan,nan,21.527566424342922,17.20255470275879,17.610088348388672,nan,nan,4.013890993981477,4.546225547790527,3.5375938415527344
adaptive_shard_00006.pt:37,adaptive_shard_00006.pt,37,light,0.0,0.0,1,1,base,nan,nan,nan,17.513675430361445,12.656329154968262,14.072494506835938,nan,nan,0.0,0.0,0.0
adaptive_shard_00006.pt:37,adaptive_shard_00006.pt,37,light,0.0,0.0,1,1,v1,nan,nan,nan,17.64024181284973,10.727283477783203,11.470463752746582,nan,nan,0.126566382488285,-1.9290456771850586,-2.6020307540893555
adaptive_shard_00006.pt:37,adaptive_shard_00006.pt,37,light,0.0,0.0,1,1,v2,nan,nan,nan,17.448056036702145,11.374157905578613,13.212550163269043,nan,nan,-0.06561939365930058,-1.2821712493896484,-0.8599443435668945
adaptive_shard_00006.pt:38,adaptive_shard_00006.pt,38,medium,1.0,15.916913032531738,2,2,degraded,nan,nan,nan,14.11986409756503,39.45347595214844,43.34686279296875,nan,nan,-2.7842619318132247,25.680999755859375,29.87720489501953
adaptive_shard_00006.pt:38,adaptive_shard_00006.pt,38,medium,1.0,15.916913032531738,2,2,base,nan,nan,nan,16.904126029378254,13.772476196289062,13.469657897949219,nan,nan,0.0,0.0,0.0
adaptive_shard_00006.pt:38,adaptive_shard_00006.pt,38,medium,1.0,15.916913032531738,2,2,v1,nan,nan,nan,17.064608919195376,13.451626777648926,13.448171615600586,nan,nan,0.16048288981712133,-0.3208494186401367,-0.021486282348632812
adaptive_shard_00006.pt:38,adaptive_shard_00006.pt,38,medium,1.0,15.916913032531738,2,2,v2,nan,nan,nan,16.820283354129057,13.203413009643555,13.675400733947754,nan,nan,-0.08384267524919764,-0.5690631866455078,0.20574283599853516
adaptive_shard_00006.pt:39,adaptive_shard_00006.pt,39,heavy,1.0,5.624917507171631,2,3,degraded,nan,nan,nan,5.302812474994035,47.933170318603516,52.342262268066406,nan,nan,-9.183352581667457,32.38435935974121,36.706360816955566
adaptive_shard_00006.pt:39,adaptive_shard_00006.pt,39,heavy,1.0,5.624917507171631,2,3,base,nan,nan,nan,14.486165056661491,15.548810958862305,15.63590145111084,nan,nan,0.0,0.0,0.0
adaptive_shard_00006.pt:39,adaptive_shard_00006.pt,39,heavy,1.0,5.624917507171631,2,3,v1,nan,nan,nan,14.561611022879173,14.726818084716797,14.859722137451172,nan,nan,0.07544596621768207,-0.8219928741455078,-0.776179313659668
adaptive_shard_00006.pt:39,adaptive_shard_00006.pt,39,heavy,1.0,5.624917507171631,2,3,v2,nan,nan,nan,14.475639540431244,14.728387832641602,14.898231506347656,nan,nan,-0.010525516230247334,-0.8204231262207031,-0.7376699447631836
adaptive_shard_00006.pt:56,adaptive_shard_00006.pt,56,clean,0.0,0.0,0,0,degraded,nan,nan,nan,101.496226782116,3.704108476638794,3.704103469848633,nan,nan,69.18352402378044,-3.4305880069732666,-3.519835948944092
adaptive_shard_00006.pt:56,adaptive_shard_00006.pt,56,clean,0.0,0.0,0,0,base,nan,nan,nan,32.31270275833556,7.1346964836120605,7.223939418792725,nan,nan,0.0,0.0,0.0
adaptive_shard_00006.pt:56,adaptive_shard_00006.pt,56,clean,0.0,0.0,0,0,v1,nan,nan,nan,28.23913088363951,6.675476551055908,6.477395057678223,nan,nan,-4.07357187469605,-0.45921993255615234,-0.746544361114502
adaptive_shard_00006.pt:56,adaptive_shard_00006.pt,56,clean,0.0,0.0,0,0,v2,nan,nan,nan,25.752895104666024,7.530581951141357,7.202263832092285,nan,nan,-6.559807653669537,0.3958854675292969,-0.021675586700439453
adaptive_shard_00006.pt:57,adaptive_shard_00006.pt,57,light,0.0,0.0,1,1,degraded,nan,nan,nan,44.732929794744,8.72997760772705,10.591693878173828,nan,nan,11.761559093256963,-1.3506031036376953,-2.4906797409057617
adaptive_shard_00006.pt:57,adaptive_shard_00006.pt,57,light,0.0,0.0,1,1,base,nan,nan,nan,32.97137070148704,10.080580711364746,13.08237361907959,nan,nan,0.0,0.0,0.0
adaptive_shard_00006.pt:57,adaptive_shard_00006.pt,57,light,0.0,0.0,1,1,v1,nan,nan,nan,28.62778252821686,9.534064292907715,11.844169616699219,nan,nan,-4.343588173270181,-0.5465164184570312,-1.238204002380371
adaptive_shard_00006.pt:57,adaptive_shard_00006.pt,57,light,0.0,0.0,1,1,v2,nan,nan,nan,25.991812046851447,10.441534042358398,13.004355430603027,nan,nan,-6.979558654635593,0.36095333099365234,-0.0780181884765625
adaptive_shard_00006.pt:58,adaptive_shard_00006.pt,58,medium,1.0,17.09197425842285,2,2,degraded,nan,nan,nan,13.569761502849133,30.465593338012695,37.06924819946289,nan,nan,-1.5617415400896437,15.496583938598633,22.024113655090332
adaptive_shard_00006.pt:58,adaptive_shard_00006.pt,58,medium,1.0,17.09197425842285,2,2,base,nan,nan,nan,15.131503042938776,14.969009399414062,15.045134544372559,nan,nan,0.0,0.0,0.0
adaptive_shard_00006.pt:58,adaptive_shard_00006.pt,58,medium,1.0,17.09197425842285,2,2,v1,nan,nan,nan,15.15917110380898,15.390891075134277,15.267840385437012,nan,nan,0.027668060870203348,0.42188167572021484,0.22270584106445312
adaptive_shard_00006.pt:58,adaptive_shard_00006.pt,58,medium,1.0,17.09197425842285,2,2,v2,nan,nan,nan,14.805305541203147,15.1322660446167,15.50886344909668,nan,nan,-0.32619750173562956,0.16325664520263672,0.4637289047241211
adaptive_shard_00006.pt:59,adaptive_shard_00006.pt,59,heavy,1.0,6.605242729187012,2,3,degraded,nan,nan,nan,6.033595127071606,38.77540588378906,46.64265441894531,nan,nan,-6.515739456988789,23.266819953918457,31.319607734680176
adaptive_shard_00006.pt:59,adaptive_shard_00006.pt,59,heavy,1.0,6.605242729187012,2,3,base,nan,nan,nan,12.549334584060395,15.508585929870605,15.323046684265137,nan,nan,0.0,0.0,0.0
adaptive_shard_00006.pt:59,adaptive_shard_00006.pt,59,heavy,1.0,6.605242729187012,2,3,v1,nan,nan,nan,12.534570603995991,15.615951538085938,15.107171058654785,nan,nan,-0.01476398006440327,0.10736560821533203,-0.21587562561035156
adaptive_shard_00006.pt:59,adaptive_shard_00006.pt,59,heavy,1.0,6.605242729187012,2,3,v2,nan,nan,nan,12.255211193294004,15.622087478637695,15.106161117553711,nan,nan,-0.2941233907663907,0.11350154876708984,-0.21688556671142578
adaptive_shard_00006.pt:80,adaptive_shard_00006.pt,80,clean,0.0,0.0,0,0,degraded,nan,nan,nan,107.03019413993765,7.999092102050781,7.999128341674805,nan,nan,82.20180354395873,-4.174433708190918,-4.311821937561035
adaptive_shard_00006.pt:80,adaptive_shard_00006.pt,80,clean,0.0,0.0,0,0,base,nan,nan,nan,24.828390595978913,12.1735258102417,12.31095027923584,nan,nan,0.0,0.0,0.0
adaptive_shard_00006.pt:80,adaptive_shard_00006.pt,80,clean,0.0,0.0,0,0,v1,nan,nan,nan,24.10277588495005,6.22445011138916,5.582408428192139,nan,nan,-0.7256147110288644,-5.949075698852539,-6.728541851043701
adaptive_shard_00006.pt:80,adaptive_shard_00006.pt,80,clean,0.0,0.0,0,0,v2,nan,nan,nan,24.239197648221527,6.209729194641113,5.9109978675842285,nan,nan,-0.5891929477573861,-5.963796615600586,-6.399952411651611
adaptive_shard_00006.pt:81,adaptive_shard_00006.pt,81,light,0.0,0.0,1,1,degraded,nan,nan,nan,24.31102628690492,13.108282089233398,14.752546310424805,nan,nan,2.7701876436838617,-1.8742752075195312,-3.2928199768066406
adaptive_shard_00006.pt:81,adaptive_shard_00006.pt,81,light,0.0,0.0,1,1,base,nan,nan,nan,21.540838643221058,14.98255729675293,18.045366287231445,nan,nan,0.0,0.0,0.0
adaptive_shard_00006.pt:81,adaptive_shard_00006.pt,81,light,0.0,0.0,1,1,v1,nan,nan,nan,21.45372922033831,10.210161209106445,11.872186660766602,nan,nan,-0.08710942288274737,-4.772396087646484,-6.173179626464844
adaptive_shard_00006.pt:81,adaptive_shard_00006.pt,81,light,0.0,0.0,1,1,v2,nan,nan,nan,21.944590953309586,12.550536155700684,16.7882022857666,nan,nan,0.4037523100885281,-2.432021141052246,-1.2571640014648438
adaptive_shard_00006.pt:82,adaptive_shard_00006.pt,82,medium,1.0,16.837289810180664,2,1,degraded,nan,nan,nan,14.937307016926795,35.45587921142578,40.90934371948242,nan,nan,-2.7357204565091138,24.291489601135254,28.56815242767334
adaptive_shard_00006.pt:82,adaptive_shard_00006.pt,82,medium,1.0,16.837289810180664,2,1,base,nan,nan,nan,17.67302747343591,11.164389610290527,12.341191291809082,nan,nan,0.0,0.0,0.0
adaptive_shard_00006.pt:82,adaptive_shard_00006.pt,82,medium,1.0,16.837289810180664,2,1,v1,nan,nan,nan,17.831232384634347,11.182849884033203,12.529572486877441,nan,nan,0.15820491119843894,0.01846027374267578,0.18838119506835938
adaptive_shard_00006.pt:82,adaptive_shard_00006.pt,82,medium,1.0,16.837289810180664,2,1,v2,nan,nan,nan,17.65811792849185,11.254443168640137,12.329879760742188,nan,nan,-0.014909544944057274,0.09005355834960938,-0.011311531066894531
adaptive_shard_00006.pt:83,adaptive_shard_00006.pt,83,heavy,1.0,5.378970146179199,2,3,degraded,nan,nan,nan,5.1599646274195425,44.770225524902344,50.925262451171875,nan,nan,-9.157623083320809,31.637065887451172,37.05979061126709
adaptive_shard_00006.pt:83,adaptive_shard_00006.pt,83,heavy,1.0,5.378970146179199,2,3,base,nan,nan,nan,14.317587710740352,13.133159637451172,13.865471839904785,nan,nan,0.0,0.0,0.0
adaptive_shard_00006.pt:83,adaptive_shard_00006.pt,83,heavy,1.0,5.378970146179199,2,3,v1,nan,nan,nan,14.374507748269739,12.48685073852539,13.229243278503418,nan,nan,0.05692003752938746,-0.6463088989257812,-0.6362285614013672
adaptive_shard_00006.pt:83,adaptive_shard_00006.pt,83,heavy,1.0,5.378970146179199,2,3,v2,nan,nan,nan,14.321797000049688,12.670058250427246,13.164124488830566,nan,nan,0.004209289309336839,-0.4631013870239258,-0.7013473510742188
adaptive_shard_00006.pt:100,adaptive_shard_00006.pt,100,clean,0.0,0.0,0,0,degraded,nan,nan,nan,108.5314087543633,9.028460502624512,9.02840805053711,nan,nan,90.4188352584219,0.011549949645996094,0.21645069122314453
adaptive_shard_00006.pt:100,adaptive_shard_00006.pt,100,clean,0.0,0.0,0,0,base,nan,nan,nan,18.11257349594141,9.016910552978516,8.811957359313965,nan,nan,0.0,0.0,0.0
adaptive_shard_00006.pt:100,adaptive_shard_00006.pt,100,clean,0.0,0.0,0,0,v1,nan,nan,nan,18.467229723121786,6.641238689422607,6.518126010894775,nan,nan,0.3546562271803744,-2.375671863555908,-2.2938313484191895
adaptive_shard_00006.pt:100,adaptive_shard_00006.pt,100,clean,0.0,0.0,0,0,v2,nan,nan,nan,18.25617282547183,7.076396465301514,7.103116989135742,nan,nan,0.1435993295304172,-1.940514087677002,-1.7088403701782227
adaptive_shard_00006.pt:101,adaptive_shard_00006.pt,101,light,0.0,0.0,1,2,degraded,nan,nan,nan,32.345269247015715,16.4627685546875,17.965669631958008,nan,nan,13.393278915481783,5.090781211853027,5.353642463684082
adaptive_shard_00006.pt:101,adaptive_shard_00006.pt,101,light,0.0,0.0,1,2,base,nan,nan,nan,18.95199033153393,11.371987342834473,12.612027168273926,nan,nan,0.0,0.0,0.0
adaptive_shard_00006.pt:101,adaptive_shard_00006.pt,101,light,0.0,0.0,1,2,v1,nan,nan,nan,19.287236502133624,10.171360969543457,11.421357154846191,nan,nan,0.3352461705996923,-1.2006263732910156,-1.1906700134277344
adaptive_shard_00006.pt:101,adaptive_shard_00006.pt,101,light,0.0,0.0,1,2,v2,nan,nan,nan,19.071936144802017,10.380402565002441,12.043417930603027,nan,nan,0.11994581326808529,-0.9915847778320312,-0.5686092376708984
adaptive_shard_00006.pt:102,adaptive_shard_00006.pt,102,medium,1.0,16.585968017578125,2,2,degraded,nan,nan,nan,16.20673006530273,33.960357666015625,38.9652214050293,nan,nan,-2.764084212053639,20.68652057647705,25.33604335784912
adaptive_shard_00006.pt:102,adaptive_shard_00006.pt,102,medium,1.0,16.585968017578125,2,2,base,nan,nan,nan,18.970814277356368,13.273837089538574,13.629178047180176,nan,nan,0.0,0.0,0.0
adaptive_shard_00006.pt:102,adaptive_shard_00006.pt,102,medium,1.0,16.585968017578125,2,2,v1,nan,nan,nan,19.421111061560655,13.045923233032227,13.612696647644043,nan,nan,0.4502967842042871,-0.22791385650634766,-0.016481399536132812
adaptive_shard_00006.pt:102,adaptive_shard_00006.pt,102,medium,1.0,16.585968017578125,2,2,v2,nan,nan,nan,19.08076021015082,12.8793306350708,13.732832908630371,nan,nan,0.10994593279445297,-0.39450645446777344,0.10365486145019531
adaptive_shard_00006.pt:103,adaptive_shard_00006.pt,103,heavy,1.0,5.436938762664795,2,3,degraded,nan,nan,nan,5.401719553352068,43.638607025146484,49.37153625488281,nan,nan,-10.857284670787381,29.870962142944336,35.42408847808838
adaptive_shard_00006.pt:103,adaptive_shard_00006.pt,103,heavy,1.0,5.436938762664795,2,3,base,nan,nan,nan,16.25900422413945,13.767644882202148,13.947447776794434,nan,nan,0.0,0.0,0.0
adaptive_shard_00006.pt:103,adaptive_shard_00006.pt,103,heavy,1.0,5.436938762664795,2,3,v1,nan,nan,nan,16.39994737715362,13.218031883239746,13.404342651367188,nan,nan,0.14094315301417026,-0.5496129989624023,-0.5431051254272461
adaptive_shard_00006.pt:103,adaptive_shard_00006.pt,103,heavy,1.0,5.436938762664795,2,3,v2,nan,nan,nan,16.26311437555979,13.305554389953613,13.382740020751953,nan,nan,0.004110151420341879,-0.46209049224853516,-0.5647077560424805
adaptive_shard_00006.pt:108,adaptive_shard_00006.pt,108,clean,0.0,0.0,0,0,degraded,nan,nan,nan,106.71996259175191,11.944981575012207,11.944910049438477,nan,nan,98.62660889330324,0.3270902633666992,-0.5078344345092773
adaptive_shard_00006.pt:108,adaptive_shard_00006.pt,108,clean,0.0,0.0,0,0,base,nan,nan,nan,8.093353698448665,11.617891311645508,12.452744483947754,nan,nan,0.0,0.0,0.0
adaptive_shard_00006.pt:108,adaptive_shard_00006.pt,108,clean,0.0,0.0,0,0,v1,nan,nan,nan,8.65494259450591,7.744466304779053,7.375051498413086,nan,nan,0.5615888960572448,-3.873425006866455,-5.077692985534668
adaptive_shard_00006.pt:108,adaptive_shard_00006.pt,108,clean,0.0,0.0,0,0,v2,nan,nan,nan,8.27370075119078,8.723401069641113,8.04304027557373,nan,nan,0.18034705274211582,-2.8944902420043945,-4.409704208374023
adaptive_shard_00006.pt:109,adaptive_shard_00006.pt,109,light,0.0,0.0,1,2,degraded,nan,nan,nan,33.75129998840606,26.25363540649414,26.46491050720215,nan,nan,26.69160571076518,15.098885536193848,15.023188591003418
adaptive_shard_00006.pt:109,adaptive_shard_00006.pt,109,light,0.0,0.0,1,2,base,nan,nan,nan,7.059694277640881,11.154749870300293,11.44172191619873,nan,nan,0.0,0.0,0.0
adaptive_shard_00006.pt:109,adaptive_shard_00006.pt,109,light,0.0,0.0,1,2,v1,nan,nan,nan,7.5618304199224315,9.318102836608887,8.569321632385254,nan,nan,0.5021361422815502,-1.8366470336914062,-2.8724002838134766
adaptive_shard_00006.pt:109,adaptive_shard_00006.pt,109,light,0.0,0.0,1,2,v2,nan,nan,nan,7.254708568445713,10.60081672668457,10.769670486450195,nan,nan,0.19501429080483135,-0.5539331436157227,-0.6720514297485352
adaptive_shard_00006.pt:110,adaptive_shard_00006.pt,110,medium,1.0,21.39756202697754,2,2,degraded,nan,nan,nan,21.038742671007263,41.69413375854492,45.249610900878906,nan,nan,5.938946634695551,30.899263381958008,35.16692066192627
adaptive_shard_00006.pt:110,adaptive_shard_00006.pt,110,medium,1.0,21.39756202697754,2,2,base,nan,nan,nan,15.099796036311712,10.794870376586914,10.082690238952637,nan,nan,0.0,0.0,0.0
adaptive_shard_00006.pt:110,adaptive_shard_00006.pt,110,medium,1.0,21.39756202697754,2,2,v1,nan,nan,nan,15.651603376699052,10.375038146972656,9.577736854553223,nan,nan,0.5518073403873398,-0.4198322296142578,-0.5049533843994141
adaptive_shard_00006.pt:110,adaptive_shard_00006.pt,110,medium,1.0,21.39756202697754,2,2,v2,nan,nan,nan,14.092400885742515,10.797723770141602,9.89384937286377,nan,nan,-1.007395150569197,0.0028533935546875,-0.1888408660888672
adaptive_shard_00006.pt:111,adaptive_shard_00006.pt,111,heavy,1.0,8.043523788452148,2,3,degraded,nan,nan,nan,7.8863339155232755,53.475440979003906,57.46371841430664,nan,nan,-8.271966678980705,39.77685832977295,44.24361610412598
adaptive_shard_00006.pt:111,adaptive_shard_00006.pt,111,heavy,1.0,8.043523788452148,2,3,base,nan,nan,nan,16.15830059450398,13.698582649230957,13.220102310180664,nan,nan,0.0,0.0,0.0
adaptive_shard_00006.pt:111,adaptive_shard_00006.pt,111,heavy,1.0,8.043523788452148,2,3,v1,nan,nan,nan,16.331686249111307,12.170507431030273,11.684341430664062,nan,nan,0.17338565460732625,-1.5280752182006836,-1.5357608795166016
adaptive_shard_00006.pt:111,adaptive_shard_00006.pt,111,heavy,1.0,8.043523788452148,2,3,v2,nan,nan,nan,14.801749227196595,12.507383346557617,11.713001251220703,nan,nan,-1.356551367307386,-1.1911993026733398,-1.507101058959961
adaptive_shard_00007.pt:60,adaptive_shard_00007.pt,60,clean,0.0,0.0,0,0,degraded,nan,nan,nan,106.51604968285157,6.637275695800781,6.637270927429199,nan,nan,84.10287399003776,-7.21549129486084,-7.629865646362305
adaptive_shard_00007.pt:60,adaptive_shard_00007.pt,60,clean,0.0,0.0,0,0,base,nan,nan,nan,22.41317569281381,13.852766990661621,14.267136573791504,nan,nan,0.0,0.0,0.0
adaptive_shard_00007.pt:60,adaptive_shard_00007.pt,60,clean,0.0,0.0,0,0,v1,nan,nan,nan,22.102968074475715,5.585221290588379,5.065345287322998,nan,nan,-0.31020761833809374,-8.267545700073242,-9.201791286468506
adaptive_shard_00007.pt:60,adaptive_shard_00007.pt,60,clean,0.0,0.0,0,0,v2,nan,nan,nan,22.01407175962105,6.150331497192383,5.203756809234619,nan,nan,-0.39910393319275883,-7.702435493469238,-9.063379764556885
adaptive_shard_00007.pt:61,adaptive_shard_00007.pt,61,light,0.0,0.0,1,1,degraded,nan,nan,nan,23.72650285864333,13.792562484741211,15.005370140075684,nan,nan,3.790569214272743,-1.9102153778076172,-4.20114803314209
adaptive_shard_00007.pt:61,adaptive_shard_00007.pt,61,light,0.0,0.0,1,1,base,nan,nan,nan,19.935933644370586,15.702777862548828,19.206518173217773,nan,nan,0.0,0.0,0.0
adaptive_shard_00007.pt:61,adaptive_shard_00007.pt,61,light,0.0,0.0,1,1,v1,nan,nan,nan,20.021976882131398,10.66517448425293,13.080700874328613,nan,nan,0.08604323776081202,-5.037603378295898,-6.12581729888916
adaptive_shard_00007.pt:61,adaptive_shard_00007.pt,61,light,0.0,0.0,1,1,v2,nan,nan,nan,20.018847613840638,13.564645767211914,17.949726104736328,nan,nan,0.08291396947005225,-2.138132095336914,-1.2567920684814453
adaptive_shard_00007.pt:62,adaptive_shard_00007.pt,62,medium,1.0,18.730571746826172,2,1,degraded,nan,nan,nan,15.822234110577398,34.245582580566406,36.84455871582031,nan,nan,-1.6963459821509375,21.440361976623535,22.293794631958008
adaptive_shard_00007.pt:62,adaptive_shard_00007.pt,62,medium,1.0,18.730571746826172,2,1,base,nan,nan,nan,17.518580092728335,12.805220603942871,14.550764083862305,nan,nan,0.0,0.0,0.0
adaptive_shard_00007.pt:62,adaptive_shard_00007.pt,62,medium,1.0,18.730571746826172,2,1,v1,nan,nan,nan,17.6356991381938,13.224771499633789,15.413329124450684,nan,nan,0.11711904546546492,0.41955089569091797,0.8625650405883789
adaptive_shard_00007.pt:62,adaptive_shard_00007.pt,62,medium,1.0,18.730571746826172,2,1,v2,nan,nan,nan,17.428605747727218,13.187668800354004,14.887933731079102,nan,nan,-0.08997434500111723,0.3824481964111328,0.3371696472167969
adaptive_shard_00007.pt:63,adaptive_shard_00007.pt,63,heavy,1.0,9.984021186828613,2,3,degraded,nan,nan,nan,9.367164004263168,41.436065673828125,44.316162109375,nan,nan,-6.496392368049767,28.268651962280273,30.111472129821777
adaptive_shard_00007.pt:63,adaptive_shard_00007.pt,63,heavy,1.0,9.984021186828613,2,3,base,nan,nan,nan,15.863556372312935,13.167413711547852,14.204689979553223,nan,nan,0.0,0.0,0.0
adaptive_shard_00007.pt:63,adaptive_shard_00007.pt,63,heavy,1.0,9.984021186828613,2,3,v1,nan,nan,nan,15.997136081785904,13.037971496582031,14.488198280334473,nan,nan,0.1335797094729685,-0.1294422149658203,0.28350830078125
adaptive_shard_00007.pt:63,adaptive_shard_00007.pt,63,heavy,1.0,9.984021186828613,2,3,v2,nan,nan,nan,15.834997240818742,13.195270538330078,14.236555099487305,nan,nan,-0.02855913149419287,0.027856826782226562,0.03186511993408203
adaptive_shard_00007.pt:124,adaptive_shard_00007.pt,124,clean,0.0,0.0,0,0,degraded,nan,nan,nan,110.03332683048245,16.576236724853516,16.57620620727539,nan,nan,96.80217479002789,5.304262161254883,5.439659118652344
adaptive_shard_00007.pt:124,adaptive_shard_00007.pt,124,clean,0.0,0.0,0,0,base,nan,nan,nan,13.231152040454557,11.271974563598633,11.136547088623047,nan,nan,0.0,0.0,0.0
adaptive_shard_00007.pt:124,adaptive_shard_00007.pt,124,clean,0.0,0.0,0,0,v1,nan,nan,nan,13.345687043868917,8.789977073669434,8.635642051696777,nan,nan,0.1145350034143604,-2.481997489929199,-2.5009050369262695
adaptive_shard_00007.pt:124,adaptive_shard_00007.pt,124,clean,0.0,0.0,0,0,v2,nan,nan,nan,13.186197658719403,8.788935661315918,8.317216873168945,nan,nan,-0.044954381735154314,-2.483038902282715,-2.8193302154541016
adaptive_shard_00007.pt:125,adaptive_shard_00007.pt,125,light,0.0,0.0,1,2,degraded,nan,nan,nan,30.451135990613682,25.950185775756836,26.97772789001465,nan,nan,16.81828079587851,12.953125,14.46603775024414
adaptive_shard_00007.pt:125,adaptive_shard_00007.pt,125,light,0.0,0.0,1,2,base,nan,nan,nan,13.632855194735171,12.997060775756836,12.511690139770508,nan,nan,0.0,0.0,0.0
adaptive_shard_00007.pt:125,adaptive_shard_00007.pt,125,light,0.0,0.0,1,2,v1,nan,nan,nan,13.759152616991539,10.177580833435059,9.76036262512207,nan,nan,0.12629742225636775,-2.8194799423217773,-2.7513275146484375
adaptive_shard_00007.pt:125,adaptive_shard_00007.pt,125,light,0.0,0.0,1,2,v2,nan,nan,nan,13.575740695124402,10.736176490783691,11.63502311706543,nan,nan,-0.05711449961076909,-2.2608842849731445,-0.8766670227050781
adaptive_shard_00007.pt:126,adaptive_shard_00007.pt,126,medium,1.0,17.25559425354004,2,2,degraded,nan,nan,nan,16.513477604457595,40.87611389160156,45.85011672973633,nan,nan,2.9742200442169366,28.116877555847168,33.78633689880371
adaptive_shard_00007.pt:126,adaptive_shard_00007.pt,126,medium,1.0,17.25559425354004,2,2,base,nan,nan,nan,13.539257560240658,12.759236335754395,12.063779830932617,nan,nan,0.0,0.0,0.0
adaptive_shard_00007.pt:126,adaptive_shard_00007.pt,126,medium,1.0,17.25559425354004,2,2,v1,nan,nan,nan,13.679338617087742,11.599405288696289,11.472484588623047,nan,nan,0.14008105684708383,-1.1598310470581055,-0.5912952423095703
adaptive_shard_00007.pt:126,adaptive_shard_00007.pt,126,medium,1.0,17.25559425354004,2,2,v2,nan,nan,nan,13.498414399509556,11.562758445739746,11.91865348815918,nan,nan,-0.040843160731101946,-1.1964778900146484,-0.1451263427734375
adaptive_shard_00007.pt:127,adaptive_shard_00007.pt,127,heavy,1.0,5.085334300994873,2,3,degraded,nan,nan,nan,4.875767330178502,50.745548248291016,56.67451477050781,nan,nan,-6.767370502152889,35.27235412597656,40.9148473739624
adaptive_shard_00007.pt:127,adaptive_shard_00007.pt,127,heavy,1.0,5.085334300994873,2,3,base,nan,nan,nan,11.64313783233139,15.473194122314453,15.75966739654541,nan,nan,0.0,0.0,0.0
adaptive_shard_00007.pt:127,adaptive_shard_00007.pt,127,heavy,1.0,5.085334300994873,2,3,v1,nan,nan,nan,11.770264490913224,13.622245788574219,14.110383987426758,nan,nan,0.12712665858183314,-1.8509483337402344,-1.6492834091186523
adaptive_shard_00007.pt:127,adaptive_shard_00007.pt,127,heavy,1.0,5.085334300994873,2,3,v2,nan,nan,nan,11.653754234758388,13.789005279541016,14.3056058883667,nan,nan,0.01061640242699724,-1.6841888427734375,-1.454061508178711
adaptive_shard_00008.pt:4,adaptive_shard_00008.pt,4,clean,0.0,0.0,0,0,degraded,nan,nan,nan,97.12546559322521,2.2399842739105225,2.239889621734619,nan,nan,75.17396349588047,-10.828421831130981,-11.033325672149658
adaptive_shard_00008.pt:4,adaptive_shard_00008.pt,4,clean,0.0,0.0,0,0,base,nan,nan,nan,21.951502097344743,13.068406105041504,13.273215293884277,nan,nan,0.0,0.0,0.0
adaptive_shard_00008.pt:4,adaptive_shard_00008.pt,4,clean,0.0,0.0,0,0,v1,nan,nan,nan,21.06117475874758,7.924381256103516,7.175894737243652,nan,nan,-0.8903273385971637,-5.144024848937988,-6.097320556640625
adaptive_shard_00008.pt:4,adaptive_shard_00008.pt,4,clean,0.0,0.0,0,0,v2,nan,nan,nan,21.013059302665752,8.922296524047852,8.609489440917969,nan,nan,-0.9384427946789913,-4.146109580993652,-4.663725852966309
adaptive_shard_00008.pt:5,adaptive_shard_00008.pt,5,light,0.0,0.0,1,1,degraded,nan,nan,nan,22.402763075162767,10.325725555419922,12.209946632385254,nan,nan,3.098169624412119,-6.889070510864258,-9.318154335021973
adaptive_shard_00008.pt:5,adaptive_shard_00008.pt,5,light,0.0,0.0,1,1,base,nan,nan,nan,19.304593450750648,17.21479606628418,21.528100967407227,nan,nan,0.0,0.0,0.0
adaptive_shard_00008.pt:5,adaptive_shard_00008.pt,5,light,0.0,0.0,1,1,v1,nan,nan,nan,18.856164690645954,10.832483291625977,12.289466857910156,nan,nan,-0.4484287601046937,-6.382312774658203,-9.23863410949707
adaptive_shard_00008.pt:5,adaptive_shard_00008.pt,5,light,0.0,0.0,1,1,v2,nan,nan,nan,18.78202309960201,15.35938549041748,20.30690574645996,nan,nan,-0.5225703511486373,-1.8554105758666992,-1.2211952209472656
adaptive_shard_00008.pt:6,adaptive_shard_00008.pt,6,medium,1.0,15.662065505981445,2,1,degraded,nan,nan,nan,12.539967185968802,31.571422576904297,35.618228912353516,nan,nan,-1.9557682695769554,18.488361358642578,21.31594944000244
adaptive_shard_00008.pt:6,adaptive_shard_00008.pt,6,medium,1.0,15.662065505981445,2,1,base,nan,nan,nan,14.495735455545757,13.083061218261719,14.302279472351074,nan,nan,0.0,0.0,0.0
adaptive_shard_00008.pt:6,adaptive_shard_00008.pt,6,medium,1.0,15.662065505981445,2,1,v1,nan,nan,nan,14.485410899196616,13.54189395904541,14.602967262268066,nan,nan,-0.010324556349141645,0.4588327407836914,0.3006877899169922
adaptive_shard_00008.pt:6,adaptive_shard_00008.pt,6,medium,1.0,15.662065505981445,2,1,v2,nan,nan,nan,14.3427590975341,13.573006629943848,14.607327461242676,nan,nan,-0.15297635801165654,0.4899454116821289,0.30504798889160156
adaptive_shard_00008.pt:7,adaptive_shard_00008.pt,7,heavy,1.0,5.097613334655762,2,3,degraded,nan,nan,nan,4.576807935281667,40.2644157409668,45.11563491821289,nan,nan,-7.374315733483587,27.24405002593994,31.8738374710083
adaptive_shard_00008.pt:7,adaptive_shard_00008.pt,7,heavy,1.0,5.097613334655762,2,3,base,nan,nan,nan,11.951123668765254,13.020365715026855,13.24179744720459,nan,nan,0.0,0.0,0.0
adaptive_shard_00008.pt:7,adaptive_shard_00008.pt,7,heavy,1.0,5.097613334655762,2,3,v1,nan,nan,nan,11.875481465470276,13.083858489990234,13.3200101852417,nan,nan,-0.0756422032949775,0.0634927749633789,0.07821273803710938
adaptive_shard_00008.pt:7,adaptive_shard_00008.pt,7,heavy,1.0,5.097613334655762,2,3,v2,nan,nan,nan,11.7845111974723,13.153955459594727,13.257996559143066,nan,nan,-0.16661247129295376,0.1335897445678711,0.016199111938476562
adaptive_shard_00008.pt:40,adaptive_shard_00008.pt,40,clean,0.0,0.0,0,0,degraded,nan,nan,nan,96.61908479219625,3.004706382751465,3.004646062850952,nan,nan,76.25899881228152,-8.535670280456543,-9.195870637893677
adaptive_shard_00008.pt:40,adaptive_shard_00008.pt,40,clean,0.0,0.0,0,0,base,nan,nan,nan,20.360085979914725,11.540376663208008,12.200516700744629,nan,nan,0.0,0.0,0.0
adaptive_shard_00008.pt:40,adaptive_shard_00008.pt,40,clean,0.0,0.0,0,0,v1,nan,nan,nan,20.36812121149474,7.082864284515381,5.405059814453125,nan,nan,0.008035231580013402,-4.457512378692627,-6.795456886291504
adaptive_shard_00008.pt:40,adaptive_shard_00008.pt,40,clean,0.0,0.0,0,0,v2,nan,nan,nan,20.155429496679464,8.17774486541748,7.919081211090088,nan,nan,-0.20465648323526153,-3.3626317977905273,-4.281435489654541
adaptive_shard_00008.pt:41,adaptive_shard_00008.pt,41,light,0.0,0.0,1,2,degraded,nan,nan,nan,21.34993212192601,13.819572448730469,15.603446960449219,nan,nan,3.5703730914407146,-2.5902748107910156,-3.517690658569336
adaptive_shard_00008.pt:41,adaptive_shard_00008.pt,41,light,0.0,0.0,1,2,base,nan,nan,nan,17.779559030485295,16.409847259521484,19.121137619018555,nan,nan,0.0,0.0,0.0
adaptive_shard_00008.pt:41,adaptive_shard_00008.pt,41,light,0.0,0.0,1,2,v1,nan,nan,nan,17.887078021381203,12.525666236877441,13.016469955444336,nan,nan,0.10751899089590822,-3.884181022644043,-6.104667663574219
adaptive_shard_00008.pt:41,adaptive_shard_00008.pt,41,light,0.0,0.0,1,2,v2,nan,nan,nan,17.793733420599985,14.05967903137207,17.814176559448242,nan,nan,0.014174390114689572,-2.350168228149414,-1.3069610595703125
adaptive_shard_00008.pt:42,adaptive_shard_00008.pt,42,medium,1.0,16.457719802856445,2,1,degraded,nan,nan,nan,14.655639228112161,31.18838119506836,34.91334533691406,nan,nan,-2.7459864844987614,17.534034729003906,19.962434768676758
adaptive_shard_00008.pt:42,adaptive_shard_00008.pt,42,medium,1.0,16.457719802856445,2,1,base,nan,nan,nan,17.401625712610922,13.654346466064453,14.950910568237305,nan,nan,0.0,0.0,0.0
adaptive_shard_00008.pt:42,adaptive_shard_00008.pt,42,medium,1.0,16.457719802856445,2,1,v1,nan,nan,nan,17.629526186618797,14.464489936828613,15.272321701049805,nan,nan,0.22790047400787472,0.8101434707641602,0.3214111328125
adaptive_shard_00008.pt:42,adaptive_shard_00008.pt,42,medium,1.0,16.457719802856445,2,1,v2,nan,nan,nan,17.336853095736217,13.926126480102539,15.11337947845459,nan,nan,-0.06477261687470559,0.27178001403808594,0.16246891021728516
adaptive_shard_00008.pt:43,adaptive_shard_00008.pt,43,heavy,1.0,6.17079496383667,2,3,degraded,nan,nan,nan,5.928382782838821,39.937225341796875,43.96310043334961,nan,nan,-8.947627711542243,27.03987979888916,30.46698570251465
adaptive_shard_00008.pt:43,adaptive_shard_00008.pt,43,heavy,1.0,6.17079496383667,2,3,base,nan,nan,nan,14.876010494381065,12.897345542907715,13.496114730834961,nan,nan,0.0,0.0,0.0
adaptive_shard_00008.pt:43,adaptive_shard_00008.pt,43,heavy,1.0,6.17079496383667,2,3,v1,nan,nan,nan,14.974372603971204,13.56356430053711,13.9139404296875,nan,nan,0.09836210959013947,0.6662187576293945,0.41782569885253906
adaptive_shard_00008.pt:43,adaptive_shard_00008.pt,43,heavy,1.0,6.17079496383667,2,3,v2,nan,nan,nan,14.847071820993015,13.521926879882812,13.810184478759766,nan,nan,-0.028938673388049452,0.6245813369750977,0.3140697479248047
adaptive_shard_00008.pt:72,adaptive_shard_00008.pt,72,clean,0.0,0.0,0,0,degraded,nan,nan,nan,104.59327491955813,9.834722518920898,9.834571838378906,nan,nan,89.72096832340134,-2.5641250610351562,-2.9133081436157227
adaptive_shard_00008.pt:72,adaptive_shard_00008.pt,72,clean,0.0,0.0,0,0,base,nan,nan,nan,14.87230659615679,12.398847579956055,12.747879981994629,nan,nan,0.0,0.0,0.0
adaptive_shard_00008.pt:72,adaptive_shard_00008.pt,72,clean,0.0,0.0,0,0,v1,nan,nan,nan,14.962449978482741,6.6995415687561035,5.909964561462402,nan,nan,0.09014338232595165,-5.699306011199951,-6.837915420532227
adaptive_shard_00008.pt:72,adaptive_shard_00008.pt,72,clean,0.0,0.0,0,0,v2,nan,nan,nan,14.719568125413463,6.838322162628174,6.995901107788086,nan,nan,-0.15273847074332636,-5.560525417327881,-5.751978874206543
adaptive_shard_00008.pt:73,adaptive_shard_00008.pt,73,light,0.0,0.0,1,2,degraded,nan,nan,nan,23.71013864871134,18.387466430664062,19.671188354492188,nan,nan,8.971412665628382,4.539087295532227,4.640089988708496
adaptive_shard_00008.pt:73,adaptive_shard_00008.pt,73,light,0.0,0.0,1,2,base,nan,nan,nan,14.738725983082958,13.848379135131836,15.031098365783691,nan,nan,0.0,0.0,0.0
adaptive_shard_00008.pt:73,adaptive_shard_00008.pt,73,light,0.0,0.0,1,2,v1,nan,nan,nan,14.908377204207309,9.513690948486328,9.720495223999023,nan,nan,0.16965122112435083,-4.334688186645508,-5.310603141784668
adaptive_shard_00008.pt:73,adaptive_shard_00008.pt,73,light,0.0,0.0,1,2,v2,nan,nan,nan,14.657938173338714,10.72498607635498,13.534975051879883,nan,nan,-0.08078780974424404,-3.1233930587768555,-1.4961233139038086
adaptive_shard_00008.pt:74,adaptive_shard_00008.pt,74,medium,1.0,15.074274063110352,2,1,degraded,nan,nan,nan,13.66598923933912,35.492366790771484,39.99968719482422,nan,nan,-0.11077429053155896,24.0982723236084,28.022452354431152
adaptive_shard_00008.pt:74,adaptive_shard_00008.pt,74,medium,1.0,15.074274063110352,2,1,base,nan,nan,nan,13.77676352987068,11.394094467163086,11.977234840393066,nan,nan,0.0,0.0,0.0
adaptive_shard_00008.pt:74,adaptive_shard_00008.pt,74,medium,1.0,15.074274063110352,2,1,v1,nan,nan,nan,13.955167985146282,11.152774810791016,11.663080215454102,nan,nan,0.17840445527560256,-0.2413196563720703,-0.31415462493896484
adaptive_shard_00008.pt:74,adaptive_shard_00008.pt,74,medium,1.0,15.074274063110352,2,1,v2,nan,nan,nan,13.66805736683334,10.890872955322266,11.996052742004395,nan,nan,-0.10870616303733982,-0.5032215118408203,0.018817901611328125
adaptive_shard_00008.pt:75,adaptive_shard_00008.pt,75,heavy,1.0,6.912574291229248,2,3,degraded,nan,nan,nan,6.456052004464179,42.40431594848633,47.440032958984375,nan,nan,-6.2005931061450665,31.02068042755127,35.456109046936035
adaptive_shard_00008.pt:75,adaptive_shard_00008.pt,75,heavy,1.0,6.912574291229248,2,3,base,nan,nan,nan,12.656645110609245,11.383635520935059,11.98392391204834,nan,nan,0.0,0.0,0.0
adaptive_shard_00008.pt:75,adaptive_shard_00008.pt,75,heavy,1.0,6.912574291229248,2,3,v1,nan,nan,nan,12.783711324593964,11.015192031860352,11.56503963470459,nan,nan,0.12706621398471896,-0.36844348907470703,-0.41888427734375
adaptive_shard_00008.pt:75,adaptive_shard_00008.pt,75,heavy,1.0,6.912574291229248,2,3,v2,nan,nan,nan,12.500024540992358,10.966689109802246,11.68417739868164,nan,nan,-0.1566205696168872,-0.4169464111328125,-0.2997465133666992
adaptive_shard_00009.pt:12,adaptive_shard_00009.pt,12,clean,0.0,0.0,0,0,degraded,nan,nan,nan,94.49813336079646,0.7213014364242554,0.7213443517684937,nan,nan,63.70049133082032,-10.24978220462799,-10.941641449928284
adaptive_shard_00009.pt:12,adaptive_shard_00009.pt,12,clean,0.0,0.0,0,0,base,nan,nan,nan,30.79764202997614,10.971083641052246,11.662985801696777,nan,nan,0.0,0.0,0.0
adaptive_shard_00009.pt:12,adaptive_shard_00009.pt,12,clean,0.0,0.0,0,0,v1,nan,nan,nan,27.175646357331978,8.67686653137207,7.615371227264404,nan,nan,-3.621995672644161,-2.294217109680176,-4.047614574432373
adaptive_shard_00009.pt:12,adaptive_shard_00009.pt,12,clean,0.0,0.0,0,0,v2,nan,nan,nan,26.187072010429123,9.5427827835083,9.162577629089355,nan,nan,-4.610570019547016,-1.4283008575439453,-2.500408172607422
adaptive_shard_00009.pt:13,adaptive_shard_00009.pt,13,light,0.0,0.0,1,2,degraded,nan,nan,nan,28.68968001694538,11.713484764099121,14.204051971435547,nan,nan,2.3076882469994047,-3.4445343017578125,-3.1186256408691406
adaptive_shard_00009.pt:13,adaptive_shard_00009.pt,13,light,0.0,0.0,1,2,base,nan,nan,nan,26.381991769945977,15.158019065856934,17.322677612304688,nan,nan,0.0,0.0,0.0
adaptive_shard_00009.pt:13,adaptive_shard_00009.pt,13,light,0.0,0.0,1,2,v1,nan,nan,nan,24.99796251175496,12.393511772155762,12.961502075195312,nan,nan,-1.384029258191017,-2.764507293701172,-4.361175537109375
adaptive_shard_00009.pt:13,adaptive_shard_00009.pt,13,light,0.0,0.0,1,2,v2,nan,nan,nan,24.222506418326127,13.669671058654785,16.332637786865234,nan,nan,-2.15948535161985,-1.4883480072021484,-0.9900398254394531
adaptive_shard_00009.pt:14,adaptive_shard_00009.pt,14,medium,1.0,17.50445556640625,2,1,degraded,nan,nan,nan,13.72618469896742,30.46358299255371,35.69904708862305,nan,nan,-1.8381631767836097,15.34896183013916,19.77700138092041
adaptive_shard_00009.pt:14,adaptive_shard_00009.pt,14,medium,1.0,17.50445556640625,2,1,base,nan,nan,nan,15.56434787575103,15.11462116241455,15.922045707702637,nan,nan,0.0,0.0,0.0
adaptive_shard_00009.pt:14,adaptive_shard_00009.pt,14,medium,1.0,17.50445556640625,2,1,v1,nan,nan,nan,15.50042114029955,15.905085563659668,16.391958236694336,nan,nan,-0.06392673545147964,0.7904644012451172,0.4699125289916992
adaptive_shard_00009.pt:14,adaptive_shard_00009.pt,14,medium,1.0,17.50445556640625,2,1,v2,nan,nan,nan,15.326124096464511,15.61342716217041,16.286842346191406,nan,nan,-0.2382237792865194,0.4988059997558594,0.36479663848876953
adaptive_shard_00009.pt:15,adaptive_shard_00009.pt,15,heavy,1.0,8.089576721191406,2,3,degraded,nan,nan,nan,7.351956868377416,38.245582580566406,43.993492126464844,nan,nan,-6.658176731724604,23.924424171447754,29.390207290649414
adaptive_shard_00009.pt:15,adaptive_shard_00009.pt,15,heavy,1.0,8.089576721191406,2,3,base,nan,nan,nan,14.01013360010202,14.321158409118652,14.60328483581543,nan,nan,0.0,0.0,0.0
adaptive_shard_00009.pt:15,adaptive_shard_00009.pt,15,heavy,1.0,8.089576721191406,2,3,v1,nan,nan,nan,13.943989569049233,14.892022132873535,14.857217788696289,nan,nan,-0.06614403105278654,0.5708637237548828,0.2539329528808594
adaptive_shard_00009.pt:15,adaptive_shard_00009.pt,15,heavy,1.0,8.089576721191406,2,3,v2,nan,nan,nan,13.797298007162656,14.821456909179688,14.649273872375488,nan,nan,-0.2128355929393635,0.5002985000610352,0.045989036560058594
adaptive_shard_00009.pt:16,adaptive_shard_00009.pt,16,clean,0.0,0.0,0,0,degraded,nan,nan,nan,105.62162605805295,6.541342258453369,6.541314125061035,nan,nan,84.31127053988942,-4.837368488311768,-5.310690879821777
adaptive_shard_00009.pt:16,adaptive_shard_00009.pt,16,clean,0.0,0.0,0,0,base,nan,nan,nan,21.310355518163536,11.378710746765137,11.852005004882812,nan,nan,0.0,0.0,0.0
adaptive_shard_00009.pt:16,adaptive_shard_00009.pt,16,clean,0.0,0.0,0,0,v1,nan,nan,nan,21.654712898816562,7.646259784698486,6.675811767578125,nan,nan,0.344357380653026,-3.7324509620666504,-5.1761932373046875
adaptive_shard_00009.pt:16,adaptive_shard_00009.pt,16,clean,0.0,0.0,0,0,v2,nan,nan,nan,21.17851379204806,8.258491516113281,7.891386985778809,nan,nan,-0.13184172611547496,-3.1202192306518555,-3.960618019104004
adaptive_shard_00009.pt:17,adaptive_shard_00009.pt,17,light,0.0,0.0,1,1,degraded,nan,nan,nan,31.57199511169697,12.641408920288086,13.835578918457031,nan,nan,9.907199512273046,-0.2933177947998047,-1.3208675384521484
adaptive_shard_00009.pt:17,adaptive_shard_00009.pt,17,light,0.0,0.0,1,1,base,nan,nan,nan,21.664795599423925,12.93472671508789,15.15644645690918,nan,nan,0.0,0.0,0.0
adaptive_shard_00009.pt:17,adaptive_shard_00009.pt,17,light,0.0,0.0,1,1,v1,nan,nan,nan,21.971469365896258,9.694709777832031,9.973213195800781,nan,nan,0.3066737664723327,-3.2400169372558594,-5.183233261108398
adaptive_shard_00009.pt:17,adaptive_shard_00009.pt,17,light,0.0,0.0,1,1,v2,nan,nan,nan,21.549283609093436,11.695683479309082,14.264644622802734,nan,nan,-0.11551199033048931,-1.2390432357788086,-0.8918018341064453
adaptive_shard_00009.pt:18,adaptive_shard_00009.pt,18,medium,1.0,19.44127655029297,2,1,degraded,nan,nan,nan,18.651012507125767,35.03102111816406,40.04694747924805,nan,nan,-2.8498105325850744,22.232563972473145,27.36653232574463
adaptive_shard_00009.pt:18,adaptive_shard_00009.pt,18,medium,1.0,19.44127655029297,2,1,base,nan,nan,nan,21.50082303971084,12.798457145690918,12.680415153503418,nan,nan,0.0,0.0,0.0
adaptive_shard_00009.pt:18,adaptive_shard_00009.pt,18,medium,1.0,19.44127655029297,2,1,v1,nan,nan,nan,21.970998421028945,12.492012977600098,12.278115272521973,nan,nan,0.47017538131810355,-0.3064441680908203,-0.4022998809814453
adaptive_shard_00009.pt:18,adaptive_shard_00009.pt,18,medium,1.0,19.44127655029297,2,1,v2,nan,nan,nan,21.385853638536545,12.631657600402832,12.747047424316406,nan,nan,-0.11496940117429588,-0.16679954528808594,0.06663227081298828
adaptive_shard_00009.pt:19,adaptive_shard_00009.pt,19,heavy,1.0,8.076627731323242,2,3,degraded,nan,nan,nan,7.945668224498829,45.36726379394531,51.125492095947266,nan,nan,-9.231903249539837,32.07290744781494,37.9366979598999
adaptive_shard_00009.pt:19,adaptive_shard_00009.pt,19,heavy,1.0,8.076627731323242,2,3,base,nan,nan,nan,17.177571474038665,13.294356346130371,13.188794136047363,nan,nan,0.0,0.0,0.0
adaptive_shard_00009.pt:19,adaptive_shard_00009.pt,19,heavy,1.0,8.076627731323242,2,3,v1,nan,nan,nan,17.348956983379914,12.862812042236328,12.403525352478027,nan,nan,0.17138550934124908,-0.43154430389404297,-0.7852687835693359
adaptive_shard_00009.pt:19,adaptive_shard_00009.pt,19,heavy,1.0,8.076627731323242,2,3,v2,nan,nan,nan,17.19245537854151,12.934765815734863,12.45949935913086,nan,nan,0.014883904502845269,-0.3595905303955078,-0.7292947769165039
adaptive_shard_00009.pt:32,adaptive_shard_00009.pt,32,clean,0.0,0.0,0,0,degraded,nan,nan,nan,107.7583962820081,7.605991363525391,7.605983734130859,nan,nan,85.88195555145904,-4.09135627746582,-4.261272430419922
adaptive_shard_00009.pt:32,adaptive_shard_00009.pt,32,clean,0.0,0.0,0,0,base,nan,nan,nan,21.876440730549067,11.697347640991211,11.867256164550781,nan,nan,0.0,0.0,0.0
adaptive_shard_00009.pt:32,adaptive_shard_00009.pt,32,clean,0.0,0.0,0,0,v1,nan,nan,nan,21.770599326985423,5.965105056762695,5.6523051261901855,nan,nan,-0.10584140356364458,-5.732242584228516,-6.214951038360596
adaptive_shard_00009.pt:32,adaptive_shard_00009.pt,32,clean,0.0,0.0,0,0,v2,nan,nan,nan,21.617533745202365,6.265183925628662,6.165901184082031,nan,nan,-0.25890698534670165,-5.432163715362549,-5.70135498046875
adaptive_shard_00009.pt:33,adaptive_shard_00009.pt,33,light,0.0,0.0,1,1,degraded,nan,nan,nan,19.545193207297476,13.443981170654297,15.548552513122559,nan,nan,2.423503213253003,-1.9769153594970703,-3.664698600769043
adaptive_shard_00009.pt:33,adaptive_shard_00009.pt,33,light,0.0,0.0,1,1,base,nan,nan,nan,17.121689994044473,15.420896530151367,19.2132511138916,nan,nan,0.0,0.0,0.0
adaptive_shard_00009.pt:33,adaptive_shard_00009.pt,33,light,0.0,0.0,1,1,v1,nan,nan,nan,17.398531067826937,11.545554161071777,14.5149564743042,nan,nan,0.2768410737824638,-3.87534236907959,-4.698294639587402
adaptive_shard_00009.pt:33,adaptive_shard_00009.pt,33,light,0.0,0.0,1,1,v2,nan,nan,nan,17.28473069723053,13.344525337219238,18.17164421081543,nan,nan,0.16304070318605568,-2.076371192932129,-1.0416069030761719
adaptive_shard_00009.pt:34,adaptive_shard_00009.pt,34,medium,1.0,21.061429977416992,2,1,degraded,nan,nan,nan,11.730570895243062,29.398210525512695,33.28843688964844,nan,nan,-0.18237758039902907,15.917381286621094,17.52641010284424
adaptive_shard_00009.pt:34,adaptive_shard_00009.pt,34,medium,1.0,21.061429977416992,2,1,base,nan,nan,nan,11.912948475642091,13.480829238891602,15.7620267868042,nan,nan,0.0,0.0,0.0
adaptive_shard_00009.pt:34,adaptive_shard_00009.pt,34,medium,1.0,21.061429977416992,2,1,v1,nan,nan,nan,11.990485813146353,13.641996383666992,16.100330352783203,nan,nan,0.07753733750426228,0.16116714477539062,0.3383035659790039
adaptive_shard_00009.pt:34,adaptive_shard_00009.pt,34,medium,1.0,21.061429977416992,2,1,v2,nan,nan,nan,11.92626985340233,13.50871467590332,15.924875259399414,nan,nan,0.013321377760238562,0.02788543701171875,0.16284847259521484
adaptive_shard_00009.pt:35,adaptive_shard_00009.pt,35,heavy,1.0,9.731871604919434,2,3,degraded,nan,nan,nan,7.611234654270445,38.02349090576172,41.824668884277344,nan,nan,-3.5691863297307194,23.590954780578613,25.667919158935547
adaptive_shard_00009.pt:35,adaptive_shard_00009.pt,35,heavy,1.0,9.731871604919434,2,3,base,nan,nan,nan,11.180420984001165,14.432536125183105,16.156749725341797,nan,nan,0.0,0.0,0.0
adaptive_shard_00009.pt:35,adaptive_shard_00009.pt,35,heavy,1.0,9.731871604919434,2,3,v1,nan,nan,nan,11.256499631443777,14.543378829956055,16.138891220092773,nan,nan,0.07607864744261228,0.11084270477294922,-0.017858505249023438
adaptive_shard_00009.pt:35,adaptive_shard_00009.pt,35,heavy,1.0,9.731871604919434,2,3,v2,nan,nan,nan,11.258358135517533,14.757091522216797,16.182497024536133,nan,nan,0.07793715151636782,0.3245553970336914,0.025747299194335938
adaptive_shard_00009.pt:40,adaptive_shard_00009.pt,40,clean,0.0,0.0,0,0,degraded,nan,nan,nan,105.60147927826381,6.927790641784668,6.927680969238281,nan,nan,85.43128690326917,-2.9719743728637695,-3.0308008193969727
adaptive_shard_00009.pt:40,adaptive_shard_00009.pt,40,clean,0.0,0.0,0,0,base,nan,nan,nan,20.170192374994645,9.899765014648438,9.958481788635254,nan,nan,0.0,0.0,0.0
adaptive_shard_00009.pt:40,adaptive_shard_00009.pt,40,clean,0.0,0.0,0,0,v1,nan,nan,nan,20.11176933800503,6.267543792724609,4.886751651763916,nan,nan,-0.05842303698961615,-3.632221221923828,-5.071730136871338
adaptive_shard_00009.pt:40,adaptive_shard_00009.pt,40,clean,0.0,0.0,0,0,v2,nan,nan,nan,19.64575516917116,6.763692378997803,5.325810432434082,nan,nan,-0.5244372058234852,-3.1360726356506348,-4.632671356201172
adaptive_shard_00009.pt:41,adaptive_shard_00009.pt,41,light,0.0,0.0,1,2,degraded,nan,nan,nan,13.732503373802217,15.755996704101562,17.24233627319336,nan,nan,1.1524991872805384,1.0063037872314453,-0.1888885498046875
adaptive_shard_00009.pt:41,adaptive_shard_00009.pt,41,light,0.0,0.0,1,2,base,nan,nan,nan,12.580004186521679,14.749692916870117,17.431224822998047,nan,nan,0.0,0.0,0.0
adaptive_shard_00009.pt:41,adaptive_shard_00009.pt,41,light,0.0,0.0,1,2,v1,nan,nan,nan,12.631095823031217,12.413057327270508,14.73029613494873,nan,nan,0.05109163650953796,-2.3366355895996094,-2.7009286880493164
adaptive_shard_00009.pt:41,adaptive_shard_00009.pt,41,light,0.0,0.0,1,2,v2,nan,nan,nan,12.578871109091466,12.972406387329102,16.444671630859375,nan,nan,-0.0011330774302127367,-1.7772865295410156,-0.9865531921386719
adaptive_shard_00009.pt:42,adaptive_shard_00009.pt,42,medium,1.0,15.318326950073242,2,2,degraded,nan,nan,nan,10.441283600704933,31.751779556274414,34.591514587402344,nan,nan,-1.113389703227936,16.496169090270996,17.315948486328125
adaptive_shard_00009.pt:42,adaptive_shard_00009.pt,42,medium,1.0,15.318326950073242,2,2,base,nan,nan,nan,11.55467330393287,15.255610466003418,17.27556610107422,nan,nan,0.0,0.0,0.0
adaptive_shard_00009.pt:42,adaptive_shard_00009.pt,42,medium,1.0,15.318326950073242,2,2,v1,nan,nan,nan,11.636634300023069,15.881441116333008,18.34419822692871,nan,nan,0.08196099609019925,0.6258306503295898,1.0686321258544922
adaptive_shard_00009.pt:42,adaptive_shard_00009.pt,42,medium,1.0,15.318326950073242,2,2,v2,nan,nan,nan,11.539140571241028,15.283658027648926,17.70555877685547,nan,nan,-0.015532732691841744,0.028047561645507812,0.42999267578125
adaptive_shard_00009.pt:43,adaptive_shard_00009.pt,43,heavy,1.0,8.92218017578125,2,3,degraded,nan,nan,nan,7.073739498869303,36.73005676269531,39.5028190612793,nan,nan,-3.8626425361409833,21.558545112609863,23.11078643798828
adaptive_shard_00009.pt:43,adaptive_shard_00009.pt,43,heavy,1.0,8.92218017578125,2,3,base,nan,nan,nan,10.936382035010286,15.17151165008545,16.392032623291016,nan,nan,0.0,0.0,0.0
adaptive_shard_00009.pt:43,adaptive_shard_00009.pt,43,heavy,1.0,8.92218017578125,2,3,v1,nan,nan,nan,10.983501740736711,15.529091835021973,17.047931671142578,nan,nan,0.04711970572642521,0.35758018493652344,0.6558990478515625
adaptive_shard_00009.pt:43,adaptive_shard_00009.pt,43,heavy,1.0,8.92218017578125,2,3,v2,nan,nan,nan,10.926184075066566,15.335014343261719,16.845165252685547,nan,nan,-0.010197959943720747,0.16350269317626953,0.45313262939453125
adaptive_shard_00009.pt:80,adaptive_shard_00009.pt,80,clean,0.0,0.0,0,0,degraded,nan,nan,nan,107.42386907508305,10.499395370483398,10.499382019042969,nan,nan,86.5704337465719,-3.193873405456543,-3.3295631408691406
adaptive_shard_00009.pt:80,adaptive_shard_00009.pt,80,clean,0.0,0.0,0,0,base,nan,nan,nan,20.853435328511154,13.693268775939941,13.82894515991211,nan,nan,0.0,0.0,0.0
adaptive_shard_00009.pt:80,adaptive_shard_00009.pt,80,clean,0.0,0.0,0,0,v1,nan,nan,nan,20.577941492180617,7.472257614135742,6.266846656799316,nan,nan,-0.27549383633053637,-6.221011161804199,-7.562098503112793
adaptive_shard_00009.pt:80,adaptive_shard_00009.pt,80,clean,0.0,0.0,0,0,v2,nan,nan,nan,20.56019390998923,7.066253185272217,6.812014102935791,nan,nan,-0.293241418521923,-6.627015590667725,-7.016931056976318
adaptive_shard_00009.pt:81,adaptive_shard_00009.pt,81,light,0.0,0.0,1,1,degraded,nan,nan,nan,25.451849402307435,14.98375415802002,16.303150177001953,nan,nan,5.50905582112868,-0.11025047302246094,-0.8935050964355469
adaptive_shard_00009.pt:81,adaptive_shard_00009.pt,81,light,0.0,0.0,1,1,base,nan,nan,nan,19.942793581178755,15.09400463104248,17.1966552734375,nan,nan,0.0,0.0,0.0
adaptive_shard_00009.pt:81,adaptive_shard_00009.pt,81,light,0.0,0.0,1,1,v1,nan,nan,nan,19.891873735111783,11.06338119506836,12.297369003295898,nan,nan,-0.05091984606697153,-4.030623435974121,-4.899286270141602
adaptive_shard_00009.pt:81,adaptive_shard_00009.pt,81,light,0.0,0.0,1,1,v2,nan,nan,nan,19.757192969120435,12.157233238220215,15.805632591247559,nan,nan,-0.18560061205831957,-2.9367713928222656,-1.3910226821899414
adaptive_shard_00009.pt:82,adaptive_shard_00009.pt,82,medium,1.0,21.97394561767578,2,1,degraded,nan,nan,nan,19.49022151914251,30.824485778808594,35.27927017211914,nan,nan,-0.7668658156002373,18.62605381011963,22.42041778564453
adaptive_shard_00009.pt:82,adaptive_shard_00009.pt,82,medium,1.0,21.97394561767578,2,1,base,nan,nan,nan,20.257087334742746,12.198431968688965,12.85885238647461,nan,nan,0.0,0.0,0.0
adaptive_shard_00009.pt:82,adaptive_shard_00009.pt,82,medium,1.0,21.97394561767578,2,1,v1,nan,nan,nan,20.392620017591476,11.824057579040527,12.86076831817627,nan,nan,0.13553268284873,-0.3743743896484375,0.0019159317016601562
adaptive_shard_00009.pt:82,adaptive_shard_00009.pt,82,medium,1.0,21.97394561767578,2,1,v2,nan,nan,nan,20.081914692768137,11.178736686706543,12.548140525817871,nan,nan,-0.17517264197460847,-1.0196952819824219,-0.3107118606567383
adaptive_shard_00009.pt:83,adaptive_shard_00009.pt,83,heavy,1.0,6.92498254776001,2,3,degraded,nan,nan,nan,6.681169032628479,43.20768356323242,48.87931442260742,nan,nan,-8.819806973008983,29.807854652404785,34.68728065490723
adaptive_shard_00009.pt:83,adaptive_shard_00009.pt,83,heavy,1.0,6.92498254776001,2,3,base,nan,nan,nan,15.500976005637462,13.399828910827637,14.192033767700195,nan,nan,0.0,0.0,0.0
adaptive_shard_00009.pt:83,adaptive_shard_00009.pt,83,heavy,1.0,6.92498254776001,2,3,v1,nan,nan,nan,15.576965938317652,13.032532691955566,13.770018577575684,nan,nan,0.07598993268019072,-0.3672962188720703,-0.4220151901245117
adaptive_shard_00009.pt:83,adaptive_shard_00009.pt,83,heavy,1.0,6.92498254776001,2,3,v2,nan,nan,nan,15.507171671269282,13.055727005004883,13.722597122192383,nan,nan,0.0061956656318198355,-0.3441019058227539,-0.4694366455078125
adaptive_shard_00009.pt:84,adaptive_shard_00009.pt,84,clean,0.0,0.0,0,0,degraded,nan,nan,nan,96.24907715409286,3.1254072189331055,3.12540864944458,nan,nan,68.4271817665002,-5.976161003112793,-6.4016594886779785
adaptive_shard_00009.pt:84,adaptive_shard_00009.pt,84,clean,0.0,0.0,0,0,base,nan,nan,nan,27.82189538759266,9.101568222045898,9.527068138122559,nan,nan,0.0,0.0,0.0
adaptive_shard_00009.pt:84,adaptive_shard_00009.pt,84,clean,0.0,0.0,0,0,v1,nan,nan,nan,27.225016258787736,7.247485160827637,6.65535306930542,nan,nan,-0.5968791288049253,-1.8540830612182617,-2.8717150688171387
adaptive_shard_00009.pt:84,adaptive_shard_00009.pt,84,clean,0.0,0.0,0,0,v2,nan,nan,nan,27.23637611442316,7.83344030380249,8.693977355957031,nan,nan,-0.5855192731695027,-1.2681279182434082,-0.8330907821655273
adaptive_shard_00009.pt:85,adaptive_shard_00009.pt,85,light,0.0,0.0,1,2,degraded,nan,nan,nan,22.90160248337544,10.221117973327637,12.861344337463379,nan,nan,1.2665448864711166,-3.7473526000976562,-4.666489601135254
adaptive_shard_00009.pt:85,adaptive_shard_00009.pt,85,light,0.0,0.0,1,2,base,nan,nan,nan,21.635057596904325,13.968470573425293,17.527833938598633,nan,nan,0.0,0.0,0.0
adaptive_shard_00009.pt:85,adaptive_shard_00009.pt,85,light,0.0,0.0,1,2,v1,nan,nan,nan,21.62863352080571,12.331316947937012,14.768661499023438,nan,nan,-0.006424076098614506,-1.6371536254882812,-2.7591724395751953
adaptive_shard_00009.pt:85,adaptive_shard_00009.pt,85,light,0.0,0.0,1,2,v2,nan,nan,nan,21.57739616802333,12.877449035644531,17.106670379638672,nan,nan,-0.05766142888099424,-1.0910215377807617,-0.42116355895996094
adaptive_shard_00009.pt:86,adaptive_shard_00009.pt,86,medium,1.0,21.286298751831055,2,1,degraded,nan,nan,nan,18.63383430369393,24.871335983276367,30.3629150390625,nan,nan,-1.8398170526422177,11.153690338134766,14.163715362548828
adaptive_shard_00009.pt:86,adaptive_shard_00009.pt,86,medium,1.0,21.286298751831055,2,1,base,nan,nan,nan,20.47365135633615,13.717645645141602,16.199199676513672,nan,nan,0.0,0.0,0.0
adaptive_shard_00009.pt:86,adaptive_shard_00009.pt,86,medium,1.0,21.286298751831055,2,1,v1,nan,nan,nan,20.49481100110207,15.134527206420898,17.0468692779541,nan,nan,0.021159644765923247,1.4168815612792969,0.8476696014404297
adaptive_shard_00009.pt:86,adaptive_shard_00009.pt,86,medium,1.0,21.286298751831055,2,1,v2,nan,nan,nan,20.411835141215505,14.61310863494873,16.747116088867188,nan,nan,-0.06181621512064339,0.8954629898071289,0.5479164123535156
adaptive_shard_00009.pt:87,adaptive_shard_00009.pt,87,heavy,1.0,8.84492015838623,2,3,degraded,nan,nan,nan,8.620308162290272,34.63119125366211,40.84602355957031,nan,nan,-8.012526758398835,21.469999313354492,26.105589866638184
adaptive_shard_00009.pt:87,adaptive_shard_00009.pt,87,heavy,1.0,8.84492015838623,2,3,base,nan,nan,nan,16.632834920689106,13.161191940307617,14.740433692932129,nan,nan,0.0,0.0,0.0
adaptive_shard_00009.pt:87,adaptive_shard_00009.pt,87,heavy,1.0,8.84492015838623,2,3,v1,nan,nan,nan,16.658420353939352,14.250930786132812,15.487035751342773,nan,nan,0.02558543325024587,1.0897388458251953,0.7466020584106445
adaptive_shard_00009.pt:87,adaptive_shard_00009.pt,87,heavy,1.0,8.84492015838623,2,3,v2,nan,nan,nan,16.621424455872518,14.170616149902344,15.268876075744629,nan,nan,-0.011410464816588473,1.0094242095947266,0.5284423828125
adaptive_shard_00009.pt:88,adaptive_shard_00009.pt,88,clean,0.0,0.0,0,0,degraded,nan,nan,nan,97.25479969981764,4.251528263092041,4.2516679763793945,nan,nan,78.9773628359858,-3.2107911109924316,-3.589812755584717
adaptive_shard_00009.pt:88,adaptive_shard_00009.pt,88,clean,0.0,0.0,0,0,base,nan,nan,nan,18.277436863831834,7.462319374084473,7.841480731964111,nan,nan,0.0,0.0,0.0
adaptive_shard_00009.pt:88,adaptive_shard_00009.pt,88,clean,0.0,0.0,0,0,v1,nan,nan,nan,18.140194856263896,5.316795825958252,5.01540994644165,nan,nan,-0.13724200756793792,-2.1455235481262207,-2.826070785522461
adaptive_shard_00009.pt:88,adaptive_shard_00009.pt,88,clean,0.0,0.0,0,0,v2,nan,nan,nan,18.049389623441005,6.207286834716797,5.684842109680176,nan,nan,-0.22804724039082913,-1.2550325393676758,-2.1566386222839355
adaptive_shard_00009.pt:89,adaptive_shard_00009.pt,89,light,0.0,0.0,1,2,degraded,nan,nan,nan,21.843339573852397,13.599847793579102,16.130460739135742,nan,nan,3.675644084095172,1.785400390625,1.2573966979980469
adaptive_shard_00009.pt:89,adaptive_shard_00009.pt,89,light,0.0,0.0,1,2,base,nan,nan,nan,18.167695489757225,11.814447402954102,14.873064041137695,nan,nan,0.0,0.0,0.0
adaptive_shard_00009.pt:89,adaptive_shard_00009.pt,89,light,0.0,0.0,1,2,v1,nan,nan,nan,18.11996303902196,10.389041900634766,12.877598762512207,nan,nan,-0.04773245073526411,-1.425405502319336,-1.9954652786254883
adaptive_shard_00009.pt:89,adaptive_shard_00009.pt,89,light,0.0,0.0,1,2,v2,nan,nan,nan,18.078660496255118,11.178303718566895,14.215692520141602,nan,nan,-0.08903499350210708,-0.636143684387207,-0.6573715209960938
adaptive_shard_00009.pt:90,adaptive_shard_00009.pt,90,medium,1.0,22.7518253326416,2,2,degraded,nan,nan,nan,11.149367984734457,25.57765769958496,29.800888061523438,nan,nan,0.3533760931440355,10.661529541015625,11.897073745727539
adaptive_shard_00009.pt:90,adaptive_shard_00009.pt,90,medium,1.0,22.7518253326416,2,2,base,nan,nan,nan,10.795991891590422,14.916128158569336,17.9038143157959,nan,nan,0.0,0.0,0.0
adaptive_shard_00009.pt:90,adaptive_shard_00009.pt,90,medium,1.0,22.7518253326416,2,2,v1,nan,nan,nan,10.86425193761879,15.167485237121582,18.262096405029297,nan,nan,0.06826004602836733,0.2513570785522461,0.35828208923339844
adaptive_shard_00009.pt:90,adaptive_shard_00009.pt,90,medium,1.0,22.7518253326416,2,2,v2,nan,nan,nan,10.891707662576025,15.207520484924316,18.32123565673828,nan,nan,0.09571577098560269,0.29139232635498047,0.4174213409423828
adaptive_shard_00009.pt:91,adaptive_shard_00009.pt,91,heavy,1.0,6.985345363616943,2,3,degraded,nan,nan,nan,5.3923432459923735,37.769187927246094,42.840206146240234,nan,nan,-0.25633204195004566,22.442566871643066,25.881370544433594
adaptive_shard_00009.pt:91,adaptive_shard_00009.pt,91,heavy,1.0,6.985345363616943,2,3,base,nan,nan,nan,5.648675287942419,15.326621055603027,16.95883560180664,nan,nan,0.0,0.0,0.0
adaptive_shard_00009.pt:91,adaptive_shard_00009.pt,91,heavy,1.0,6.985345363616943,2,3,v1,nan,nan,nan,5.7418513693934035,15.32562255859375,16.936864852905273,nan,nan,0.09317608145098433,-0.0009984970092773438,-0.021970748901367188
adaptive_shard_00009.pt:91,adaptive_shard_00009.pt,91,heavy,1.0,6.985345363616943,2,3,v2,nan,nan,nan,5.929936471675657,15.345290184020996,16.809558868408203,nan,nan,0.28126118373323816,0.01866912841796875,-0.1492767333984375
adaptive_shard_00010.pt:36,adaptive_shard_00010.pt,36,clean,0.0,0.0,0,0,degraded,nan,nan,nan,106.62124446323132,6.945235252380371,6.9452290534973145,nan,nan,88.67175686246674,-2.1206674575805664,-2.2460618019104004
adaptive_shard_00010.pt:36,adaptive_shard_00010.pt,36,clean,0.0,0.0,0,0,base,nan,nan,nan,17.94948760076458,9.065902709960938,9.191290855407715,nan,nan,0.0,0.0,0.0
adaptive_shard_00010.pt:36,adaptive_shard_00010.pt,36,clean,0.0,0.0,0,0,v1,nan,nan,nan,18.083954148263217,7.336246967315674,6.197591304779053,nan,nan,0.1344665474986364,-1.7296557426452637,-2.993699550628662
adaptive_shard_00010.pt:36,adaptive_shard_00010.pt,36,clean,0.0,0.0,0,0,v2,nan,nan,nan,17.785681730223175,8.066038131713867,7.325134754180908,nan,nan,-0.16380587054140605,-0.9998645782470703,-1.8661561012268066
adaptive_shard_00010.pt:37,adaptive_shard_00010.pt,37,light,0.0,0.0,1,2,degraded,nan,nan,nan,16.473196748588386,14.558042526245117,16.165882110595703,nan,nan,1.3946154564574087,0.3618488311767578,-0.3989295959472656
adaptive_shard_00010.pt:37,adaptive_shard_00010.pt,37,light,0.0,0.0,1,2,base,nan,nan,nan,15.078581292130977,14.19619369506836,16.56481170654297,nan,nan,0.0,0.0,0.0
adaptive_shard_00010.pt:37,adaptive_shard_00010.pt,37,light,0.0,0.0,1,2,v1,nan,nan,nan,15.18540208722937,12.560497283935547,14.009175300598145,nan,nan,0.10682079509839326,-1.6356964111328125,-2.555636405944824
adaptive_shard_00010.pt:37,adaptive_shard_00010.pt,37,light,0.0,0.0,1,2,v2,nan,nan,nan,15.061697651639424,12.760343551635742,15.56103229522705,nan,nan,-0.01688364049155311,-1.4358501434326172,-1.003779411315918
adaptive_shard_00010.pt:38,adaptive_shard_00010.pt,38,medium,1.0,21.6709041595459,2,2,degraded,nan,nan,nan,14.270955495578564,26.19276237487793,29.35671615600586,nan,nan,-0.5123789545758761,11.178539276123047,12.368907928466797
adaptive_shard_00010.pt:38,adaptive_shard_00010.pt,38,medium,1.0,21.6709041595459,2,2,base,nan,nan,nan,14.78333445015444,15.014223098754883,16.987808227539062,nan,nan,0.0,0.0,0.0
adaptive_shard_00010.pt:38,adaptive_shard_00010.pt,38,medium,1.0,21.6709041595459,2,2,v1,nan,nan,nan,14.800009850001414,15.577235221862793,17.526519775390625,nan,nan,0.016675399846974415,0.5630121231079102,0.5387115478515625
adaptive_shard_00010.pt:38,adaptive_shard_00010.pt,38,medium,1.0,21.6709041595459,2,2,v2,nan,nan,nan,14.720258600777596,15.01284122467041,17.246084213256836,nan,nan,-0.06307584937684396,-0.0013818740844726562,0.25827598571777344
adaptive_shard_00010.pt:39,adaptive_shard_00010.pt,39,heavy,1.0,7.157865524291992,2,3,degraded,nan,nan,nan,6.3270521989736555,37.764671325683594,41.31517791748047,nan,nan,-6.64739282663048,23.77163600921631,26.25103759765625
adaptive_shard_00010.pt:39,adaptive_shard_00010.pt,39,heavy,1.0,7.157865524291992,2,3,base,nan,nan,nan,12.974445025604135,13.993035316467285,15.064140319824219,nan,nan,0.0,0.0,0.0
adaptive_shard_00010.pt:39,adaptive_shard_00010.pt,39,heavy,1.0,7.157865524291992,2,3,v1,nan,nan,nan,13.025530993541508,14.581822395324707,15.773335456848145,nan,nan,0.05108596793737341,0.5887870788574219,0.7091951370239258
adaptive_shard_00010.pt:39,adaptive_shard_00010.pt,39,heavy,1.0,7.157865524291992,2,3,v2,nan,nan,nan,12.975577956445889,14.53634262084961,15.662582397460938,nan,nan,0.0011329308417540318,0.5433073043823242,0.5984420776367188
adaptive_shard_00010.pt:40,adaptive_shard_00010.pt,40,clean,0.0,0.0,0,0,degraded,nan,nan,nan,105.19935027730637,10.07772159576416,10.077706336975098,nan,nan,87.33577659343146,0.5595922470092773,0.2725858688354492
adaptive_shard_00010.pt:40,adaptive_shard_00010.pt,40,clean,0.0,0.0,0,0,base,nan,nan,nan,17.863573683874897,9.518129348754883,9.805120468139648,nan,nan,0.0,0.0,0.0
adaptive_shard_00010.pt:40,adaptive_shard_00010.pt,40,clean,0.0,0.0,0,0,v1,nan,nan,nan,17.800014452903422,6.554434299468994,6.297935962677002,nan,nan,-0.06355923097147453,-2.9636950492858887,-3.5071845054626465
adaptive_shard_00010.pt:40,adaptive_shard_00010.pt,40,clean,0.0,0.0,0,0,v2,nan,nan,nan,17.75842703963005,6.655029773712158,6.209596157073975,nan,nan,-0.10514664424484721,-2.8630995750427246,-3.595524311065674
adaptive_shard_00010.pt:41,adaptive_shard_00010.pt,41,light,0.0,0.0,1,1,degraded,nan,nan,nan,30.14521437466176,15.22559642791748,16.27640724182129,nan,nan,12.50728251118943,2.0470285415649414,1.323472023010254
adaptive_shard_00010.pt:41,adaptive_shard_00010.pt,41,light,0.0,0.0,1,1,base,nan,nan,nan,17.63793186347233,13.178567886352539,14.952935218811035,nan,nan,0.0,0.0,0.0
adaptive_shard_00010.pt:41,adaptive_shard_00010.pt,41,light,0.0,0.0,1,1,v1,nan,nan,nan,17.61792582696397,9.913322448730469,10.958206176757812,nan,nan,-0.020006036508359415,-3.2652454376220703,-3.9947290420532227
adaptive_shard_00010.pt:41,adaptive_shard_00010.pt,41,light,0.0,0.0,1,1,v2,nan,nan,nan,17.562893573435087,11.172383308410645,13.921565055847168,nan,nan,-0.0750382900372415,-2.0061845779418945,-1.0313701629638672
adaptive_shard_00010.pt:42,adaptive_shard_00010.pt,42,medium,1.0,20.050962448120117,2,1,degraded,nan,nan,nan,17.318863850392603,33.123130798339844,37.74639892578125,nan,nan,0.2832280300939445,21.06855297088623,26.1950101852417
adaptive_shard_00010.pt:42,adaptive_shard_00010.pt,42,medium,1.0,20.050962448120117,2,1,base,nan,nan,nan,17.03563582029866,12.054577827453613,11.55138874053955,nan,nan,0.0,0.0,0.0
adaptive_shard_00010.pt:42,adaptive_shard_00010.pt,42,medium,1.0,20.050962448120117,2,1,v1,nan,nan,nan,17.35252936815599,11.682565689086914,11.692811012268066,nan,nan,0.31689354785733315,-0.3720121383666992,0.14142227172851562
adaptive_shard_00010.pt:42,adaptive_shard_00010.pt,42,medium,1.0,20.050962448120117,2,1,v2,nan,nan,nan,17.013140378872542,11.338896751403809,11.63527774810791,nan,nan,-0.02249544142611626,-0.7156810760498047,0.08388900756835938
adaptive_shard_00010.pt:43,adaptive_shard_00010.pt,43,heavy,1.0,5.294693470001221,2,3,degraded,nan,nan,nan,5.029795924760663,45.58271789550781,51.46894836425781,nan,nan,-8.41033080815144,31.47433376312256,37.13841724395752
adaptive_shard_00010.pt:43,adaptive_shard_00010.pt,43,heavy,1.0,5.294693470001221,2,3,base,nan,nan,nan,13.440126732912102,14.108384132385254,14.330531120300293,nan,nan,0.0,0.0,0.0
adaptive_shard_00010.pt:43,adaptive_shard_00010.pt,43,heavy,1.0,5.294693470001221,2,3,v1,nan,nan,nan,13.52677898014413,13.0820951461792,13.224833488464355,nan,nan,0.08665224723202769,-1.0262889862060547,-1.1056976318359375
adaptive_shard_00010.pt:43,adaptive_shard_00010.pt,43,heavy,1.0,5.294693470001221,2,3,v2,nan,nan,nan,13.413484331679948,13.100354194641113,13.241777420043945,nan,nan,-0.026642401232154,-1.0080299377441406,-1.0887537002563477
adaptive_shard_00010.pt:68,adaptive_shard_00010.pt,68,clean,0.0,0.0,0,0,degraded,nan,nan,nan,109.2858723988993,11.917469024658203,11.917442321777344,nan,nan,85.96179470200715,2.440670967102051,2.165109634399414
adaptive_shard_00010.pt:68,adaptive_shard_00010.pt,68,clean,0.0,0.0,0,0,base,nan,nan,nan,23.324077696892147,9.476798057556152,9.75233268737793,nan,nan,0.0,0.0,0.0
adaptive_shard_00010.pt:68,adaptive_shard_00010.pt,68,clean,0.0,0.0,0,0,v1,nan,nan,nan,23.346337670950312,6.815455436706543,6.955686092376709,nan,nan,0.02225997405816571,-2.6613426208496094,-2.7966465950012207
adaptive_shard_00010.pt:68,adaptive_shard_00010.pt,68,clean,0.0,0.0,0,0,v2,nan,nan,nan,23.0443357656802,7.033342361450195,6.894376277923584,nan,nan,-0.279741931211948,-2.443455696105957,-2.8579564094543457
adaptive_shard_00010.pt:69,adaptive_shard_00010.pt,69,light,0.0,0.0,1,2,degraded,nan,nan,nan,22.738915590333228,19.837482452392578,20.760534286499023,nan,nan,3.3119420753416087,7.909940719604492,8.49942684173584
adaptive_shard_00010.pt:69,adaptive_shard_00010.pt,69,light,0.0,0.0,1,2,base,nan,nan,nan,19.42697351499162,11.927541732788086,12.261107444763184,nan,nan,0.0,0.0,0.0
adaptive_shard_00010.pt:69,adaptive_shard_00010.pt,69,light,0.0,0.0,1,2,v1,nan,nan,nan,19.574130367721047,10.744316101074219,11.540580749511719,nan,nan,0.14715685272942736,-1.1832256317138672,-0.7205266952514648
adaptive_shard_00010.pt:69,adaptive_shard_00010.pt,69,light,0.0,0.0,1,2,v2,nan,nan,nan,19.425049696411154,10.455090522766113,11.78071403503418,nan,nan,-0.0019238185804653085,-1.4724512100219727,-0.4803934097290039
adaptive_shard_00010.pt:70,adaptive_shard_00010.pt,70,medium,1.0,19.725753784179688,2,1,degraded,nan,nan,nan,17.461459469191073,34.15522384643555,37.80604553222656,nan,nan,-2.3177093041549135,20.37891960144043,23.67506504058838
adaptive_shard_00010.pt:70,adaptive_shard_00010.pt,70,medium,1.0,19.725753784179688,2,1,base,nan,nan,nan,19.779168773345987,13.776304244995117,14.130980491638184,nan,nan,0.0,0.0,0.0
adaptive_shard_00010.pt:70,adaptive_shard_00010.pt,70,medium,1.0,19.725753784179688,2,1,v1,nan,nan,nan,19.85184996841687,13.342263221740723,14.461241722106934,nan,nan,0.072681195070885,-0.43404102325439453,0.33026123046875
adaptive_shard_00010.pt:70,adaptive_shard_00010.pt,70,medium,1.0,19.725753784179688,2,1,v2,nan,nan,nan,19.6727751692928,12.844860076904297,14.028894424438477,nan,nan,-0.10639360405318499,-0.9314441680908203,-0.10208606719970703
adaptive_shard_00010.pt:71,adaptive_shard_00010.pt,71,heavy,1.0,9.359153747558594,2,3,degraded,nan,nan,nan,8.998554877683787,42.80936813354492,47.11274719238281,nan,nan,-7.858211634076817,28.43442440032959,31.995078086853027
adaptive_shard_00010.pt:71,adaptive_shard_00010.pt,71,heavy,1.0,9.359153747558594,2,3,base,nan,nan,nan,16.856766511760604,14.374943733215332,15.117669105529785,nan,nan,0.0,0.0,0.0
adaptive_shard_00010.pt:71,adaptive_shard_00010.pt,71,heavy,1.0,9.359153747558594,2,3,v1,nan,nan,nan,16.96322833092551,13.85274600982666,14.87321949005127,nan,nan,0.10646181916490605,-0.5221977233886719,-0.24444961547851562
adaptive_shard_00010.pt:71,adaptive_shard_00010.pt,71,heavy,1.0,9.359153747558594,2,3,v2,nan,nan,nan,16.856890010608886,13.814262390136719,14.7597017288208,nan,nan,0.00012349884828211088,-0.5606813430786133,-0.3579673767089844
adaptive_shard_00010.pt:84,adaptive_shard_00010.pt,84,clean,0.0,0.0,0,0,degraded,nan,nan,nan,101.86224128555666,4.974869728088379,4.9748969078063965,nan,nan,74.05630463430009,-6.961607933044434,-7.355285167694092
adaptive_shard_00010.pt:84,adaptive_shard_00010.pt,84,clean,0.0,0.0,0,0,base,nan,nan,nan,27.805936651256566,11.936477661132812,12.330182075500488,nan,nan,0.0,0.0,0.0
adaptive_shard_00010.pt:84,adaptive_shard_00010.pt,84,clean,0.0,0.0,0,0,v1,nan,nan,nan,27.208716105539388,7.243260860443115,5.7067084312438965,nan,nan,-0.5972205457171782,-4.693216800689697,-6.623473644256592
adaptive_shard_00010.pt:84,adaptive_shard_00010.pt,84,clean,0.0,0.0,0,0,v2,nan,nan,nan,26.99258210682138,7.503495216369629,6.217061996459961,nan,nan,-0.8133545444351853,-4.432982444763184,-6.113120079040527
adaptive_shard_00010.pt:85,adaptive_shard_00010.pt,85,light,0.0,0.0,1,2,degraded,nan,nan,nan,30.152473943241684,15.078883171081543,17.140594482421875,nan,nan,3.9045308603895315,-1.2723875045776367,-0.6497840881347656
adaptive_shard_00010.pt:85,adaptive_shard_00010.pt,85,light,0.0,0.0,1,2,base,nan,nan,nan,26.247943082852153,16.35127067565918,17.79037857055664,nan,nan,0.0,0.0,0.0
adaptive_shard_00010.pt:85,adaptive_shard_00010.pt,85,light,0.0,0.0,1,2,v1,nan,nan,nan,25.896623025260283,12.534777641296387,13.08099365234375,nan,nan,-0.35132005759187024,-3.816493034362793,-4.709384918212891
adaptive_shard_00010.pt:85,adaptive_shard_00010.pt,85,light,0.0,0.0,1,2,v2,nan,nan,nan,25.707962620870216,13.146194458007812,16.235660552978516,nan,nan,-0.539980461981937,-3.205076217651367,-1.554718017578125
adaptive_shard_00010.pt:86,adaptive_shard_00010.pt,86,medium,1.0,17.0908145904541,2,1,degraded,nan,nan,nan,16.362420669576842,34.65822982788086,39.30425262451172,nan,nan,-5.184775451668823,20.85508441925049,25.36512565612793
adaptive_shard_00010.pt:86,adaptive_shard_00010.pt,86,medium,1.0,17.0908145904541,2,1,base,nan,nan,nan,21.547196121245666,13.803145408630371,13.939126968383789,nan,nan,0.0,0.0,0.0
adaptive_shard_00010.pt:86,adaptive_shard_00010.pt,86,medium,1.0,17.0908145904541,2,1,v1,nan,nan,nan,21.564918349937994,14.381426811218262,14.557198524475098,nan,nan,0.0177222286923282,0.5782814025878906,0.6180715560913086
adaptive_shard_00010.pt:86,adaptive_shard_00010.pt,86,medium,1.0,17.0908145904541,2,1,v2,nan,nan,nan,21.37062192439892,13.591397285461426,14.159229278564453,nan,nan,-0.1765741968467438,-0.2117481231689453,0.22010231018066406
adaptive_shard_00010.pt:87,adaptive_shard_00010.pt,87,heavy,1.0,9.27666187286377,2,3,degraded,nan,nan,nan,9.130189940976496,41.118412017822266,46.177852630615234,nan,nan,-9.053276697477003,26.797884941101074,31.566486358642578
adaptive_shard_00010.pt:87,adaptive_shard_00010.pt,87,heavy,1.0,9.27666187286377,2,3,base,nan,nan,nan,18.1834666384535,14.320527076721191,14.611366271972656,nan,nan,0.0,0.0,0.0
adaptive_shard_00010.pt:87,adaptive_shard_00010.pt,87,heavy,1.0,9.27666187286377,2,3,v1,nan,nan,nan,18.058600357803915,14.49593448638916,14.537605285644531,nan,nan,-0.12486628064958438,0.17540740966796875,-0.073760986328125
adaptive_shard_00010.pt:87,adaptive_shard_00010.pt,87,heavy,1.0,9.27666187286377,2,3,v2,nan,nan,nan,18.025149227444423,14.150226593017578,14.455744743347168,nan,nan,-0.15831741100907593,-0.17030048370361328,-0.15562152862548828
adaptive_shard_00010.pt:88,adaptive_shard_00010.pt,88,clean,0.0,0.0,0,0,degraded,nan,nan,nan,93.18077348260499,1.123864769935608,1.1237084865570068,nan,nan,65.44610814600728,-11.527852416038513,-11.788909196853638
adaptive_shard_00010.pt:88,adaptive_shard_00010.pt,88,clean,0.0,0.0,0,0,base,nan,nan,nan,27.734665336597708,12.651717185974121,12.912617683410645,nan,nan,0.0,0.0,0.0
adaptive_shard_00010.pt:88,adaptive_shard_00010.pt,88,clean,0.0,0.0,0,0,v1,nan,nan,nan,26.032953602057983,7.143505096435547,6.618617534637451,nan,nan,-1.7017117345397246,-5.508212089538574,-6.294000148773193
adaptive_shard_00010.pt:88,adaptive_shard_00010.pt,88,clean,0.0,0.0,0,0,v2,nan,nan,nan,24.896773857174136,8.118879318237305,7.787837505340576,nan,nan,-2.837891479423572,-4.532837867736816,-5.124780178070068
adaptive_shard_00010.pt:89,adaptive_shard_00010.pt,89,light,0.0,0.0,1,1,degraded,nan,nan,nan,32.71538786811266,10.675124168395996,13.012979507446289,nan,nan,5.969715223786061,-6.123709678649902,-8.031238555908203
adaptive_shard_00010.pt:89,adaptive_shard_00010.pt,89,light,0.0,0.0,1,1,base,nan,nan,nan,26.745672644326596,16.7988338470459,21.044218063354492,nan,nan,0.0,0.0,0.0
adaptive_shard_00010.pt:89,adaptive_shard_00010.pt,89,light,0.0,0.0,1,1,v1,nan,nan,nan,25.389960227300836,10.990684509277344,13.234553337097168,nan,nan,-1.3557124170257602,-5.808149337768555,-7.809664726257324
adaptive_shard_00010.pt:89,adaptive_shard_00010.pt,89,light,0.0,0.0,1,1,v2,nan,nan,nan,24.39481127850543,14.930047988891602,20.00143814086914,nan,nan,-2.3508613658211672,-1.8687858581542969,-1.0427799224853516
adaptive_shard_00010.pt:90,adaptive_shard_00010.pt,90,medium,1.0,19.869691848754883,2,1,degraded,nan,nan,nan,17.01454460841734,31.619354248046875,35.38823699951172,nan,nan,-1.79576813806149,18.268285751342773,20.41125774383545
adaptive_shard_00010.pt:90,adaptive_shard_00010.pt,90,medium,1.0,19.869691848754883,2,1,base,nan,nan,nan,18.81031274647883,13.351068496704102,14.97697925567627,nan,nan,0.0,0.0,0.0
adaptive_shard_00010.pt:90,adaptive_shard_00010.pt,90,medium,1.0,19.869691848754883,2,1,v1,nan,nan,nan,18.927405500970366,13.96148681640625,15.738516807556152,nan,nan,0.11709275449153722,0.6104183197021484,0.7615375518798828
adaptive_shard_00010.pt:90,adaptive_shard_00010.pt,90,medium,1.0,19.869691848754883,2,1,v2,nan,nan,nan,18.470335928461107,13.966374397277832,15.37681770324707,nan,nan,-0.33997681801772117,0.6153059005737305,0.3998384475708008
adaptive_shard_00010.pt:91,adaptive_shard_00010.pt,91,heavy,1.0,7.300032615661621,2,3,degraded,nan,nan,nan,7.012269699643853,41.75397872924805,46.50708770751953,nan,nan,-7.689248970393929,27.675169944763184,31.854416847229004
adaptive_shard_00010.pt:91,adaptive_shard_00010.pt,91,heavy,1.0,7.300032615661621,2,3,base,nan,nan,nan,14.701518670037782,14.078808784484863,14.652670860290527,nan,nan,0.0,0.0,0.0
adaptive_shard_00010.pt:91,adaptive_shard_00010.pt,91,heavy,1.0,7.300032615661621,2,3,v1,nan,nan,nan,14.698633664482445,14.022403717041016,14.711295127868652,nan,nan,-0.0028850055553366616,-0.056405067443847656,0.058624267578125
adaptive_shard_00010.pt:91,adaptive_shard_00010.pt,91,heavy,1.0,7.300032615661621,2,3,v2,nan,nan,nan,14.613122555632144,14.169824600219727,14.52544116973877,nan,nan,-0.08839611440563822,0.09101581573486328,-0.1272296905517578
adaptive_shard_00010.pt:100,adaptive_shard_00010.pt,100,clean,0.0,0.0,0,0,degraded,nan,nan,nan,109.0826923616433,27.524635314941406,27.52456283569336,nan,nan,117.52336193965343,18.6554536819458,18.89182186126709
adaptive_shard_00010.pt:100,adaptive_shard_00010.pt,100,clean,0.0,0.0,0,0,base,nan,nan,nan,-8.440669578010132,8.869181632995605,8.63274097442627,nan,nan,0.0,0.0,0.0
adaptive_shard_00010.pt:100,adaptive_shard_00010.pt,100,clean,0.0,0.0,0,0,v1,nan,nan,nan,-8.250998861512262,10.320544242858887,8.709428787231445,nan,nan,0.18967071649787037,1.4513626098632812,0.07668781280517578
adaptive_shard_00010.pt:100,adaptive_shard_00010.pt,100,clean,0.0,0.0,0,0,v2,nan,nan,nan,-8.596397374300516,11.202812194824219,11.6135835647583,nan,nan,-0.15572779629038358,2.3336305618286133,2.9808425903320312
adaptive_shard_00010.pt:101,adaptive_shard_00010.pt,101,light,0.0,0.0,1,2,degraded,nan,nan,nan,21.2428760926081,34.655609130859375,36.21623229980469,nan,nan,29.490919845884,23.43806266784668,24.70369243621826
adaptive_shard_00010.pt:101,adaptive_shard_00010.pt,101,light,0.0,0.0,1,2,base,nan,nan,nan,-8.248043753275903,11.217546463012695,11.512539863586426,nan,nan,0.0,0.0,0.0
adaptive_shard_00010.pt:101,adaptive_shard_00010.pt,101,light,0.0,0.0,1,2,v1,nan,nan,nan,-8.073284462571337,11.628103256225586,9.736204147338867,nan,nan,0.17475929070456608,0.4105567932128906,-1.7763357162475586
adaptive_shard_00010.pt:101,adaptive_shard_00010.pt,101,light,0.0,0.0,1,2,v2,nan,nan,nan,-8.41745211991304,11.754341125488281,11.303433418273926,nan,nan,-0.16940836663713732,0.5367946624755859,-0.2091064453125
adaptive_shard_00010.pt:102,adaptive_shard_00010.pt,102,medium,1.0,15.783072471618652,2,1,degraded,nan,nan,nan,15.41862383305864,40.337520599365234,44.36164093017578,nan,nan,23.055325030737208,30.160207748413086,34.22376537322998
adaptive_shard_00010.pt:102,adaptive_shard_00010.pt,102,medium,1.0,15.783072471618652,2,1,base,nan,nan,nan,-7.636701197678567,10.177312850952148,10.1378755569458,nan,nan,0.0,0.0,0.0
adaptive_shard_00010.pt:102,adaptive_shard_00010.pt,102,medium,1.0,15.783072471618652,2,1,v1,nan,nan,nan,-7.462305679704489,11.142986297607422,9.794869422912598,nan,nan,0.17439551797407837,0.9656734466552734,-0.3430061340332031
adaptive_shard_00010.pt:102,adaptive_shard_00010.pt,102,medium,1.0,15.783072471618652,2,1,v2,nan,nan,nan,-7.844996184564346,11.000118255615234,10.296189308166504,nan,nan,-0.20829498688577885,0.8228054046630859,0.15831375122070312
adaptive_shard_00010.pt:103,adaptive_shard_00010.pt,103,heavy,1.0,6.576857089996338,2,3,degraded,nan,nan,nan,4.416791427555491,48.445186614990234,52.9494743347168,nan,nan,10.67296648490546,38.77818012237549,43.482747077941895
adaptive_shard_00010.pt:103,adaptive_shard_00010.pt,103,heavy,1.0,6.576857089996338,2,3,base,nan,nan,nan,-6.256175057349969,9.667006492614746,9.466727256774902,nan,nan,0.0,0.0,0.0
adaptive_shard_00010.pt:103,adaptive_shard_00010.pt,103,heavy,1.0,6.576857089996338,2,3,v1,nan,nan,nan,-6.0940533732649,9.960813522338867,9.281862258911133,nan,nan,0.16212168408506944,0.2938070297241211,-0.18486499786376953
adaptive_shard_00010.pt:103,adaptive_shard_00010.pt,103,heavy,1.0,6.576857089996338,2,3,v2,nan,nan,nan,-6.5304795732365175,10.19401741027832,9.344527244567871,nan,nan,-0.2743045158865485,0.5270109176635742,-0.12220001220703125
adaptive_shard_00010.pt:120,adaptive_shard_00010.pt,120,clean,0.0,0.0,0,0,degraded,nan,nan,nan,107.62888491803038,9.077544212341309,9.077527046203613,nan,nan,85.5592414286935,-1.6594476699829102,-2.090116500854492
adaptive_shard_00010.pt:120,adaptive_shard_00010.pt,120,clean,0.0,0.0,0,0,base,nan,nan,nan,22.069643489336876,10.736991882324219,11.167643547058105,nan,nan,0.0,0.0,0.0
adaptive_shard_00010.pt:120,adaptive_shard_00010.pt,120,clean,0.0,0.0,0,0,v1,nan,nan,nan,21.936702177072796,6.259443759918213,5.900167465209961,nan,nan,-0.13294131226408012,-4.477548122406006,-5.2674760818481445
adaptive_shard_00010.pt:120,adaptive_shard_00010.pt,120,clean,0.0,0.0,0,0,v2,nan,nan,nan,21.86435178542275,6.5910868644714355,6.4596476554870605,nan,nan,-0.20529170391412777,-4.145905017852783,-4.707995891571045
adaptive_shard_00010.pt:121,adaptive_shard_00010.pt,121,light,0.0,0.0,1,1,degraded,nan,nan,nan,25.85406331155599,14.651988983154297,16.297199249267578,nan,nan,5.385629061957925,2.34116268157959,1.4388847351074219
adaptive_shard_00010.pt:121,adaptive_shard_00010.pt,121,light,0.0,0.0,1,1,base,nan,nan,nan,20.468434249598065,12.310826301574707,14.858314514160156,nan,nan,0.0,0.0,0.0
adaptive_shard_00010.pt:121,adaptive_shard_00010.pt,121,light,0.0,0.0,1,1,v1,nan,nan,nan,20.52374181932249,10.072277069091797,11.921533584594727,nan,nan,0.05530756972442319,-2.23854923248291,-2.9367809295654297
adaptive_shard_00010.pt:121,adaptive_shard_00010.pt,121,light,0.0,0.0,1,1,v2,nan,nan,nan,20.436210891002613,11.16888427734375,14.138838768005371,nan,nan,-0.03222335859545211,-1.141942024230957,-0.7194757461547852
adaptive_shard_00010.pt:122,adaptive_shard_00010.pt,122,medium,1.0,16.479671478271484,2,1,degraded,nan,nan,nan,15.836235674432658,37.07667541503906,42.13752746582031,nan,nan,-5.219174335753511,23.82431697845459,29.183523178100586
adaptive_shard_00010.pt:122,adaptive_shard_00010.pt,122,medium,1.0,16.479671478271484,2,1,base,nan,nan,nan,21.05541001018617,13.252358436584473,12.954004287719727,nan,nan,0.0,0.0,0.0
adaptive_shard_00010.pt:122,adaptive_shard_00010.pt,122,medium,1.0,16.479671478271484,2,1,v1,nan,nan,nan,21.066795285367345,13.025494575500488,12.80707836151123,nan,nan,0.011385275181176269,-0.22686386108398438,-0.1469259262084961
adaptive_shard_00010.pt:122,adaptive_shard_00010.pt,122,medium,1.0,16.479671478271484,2,1,v2,nan,nan,nan,20.872591889754737,12.668734550476074,12.793719291687012,nan,nan,-0.1828181204314312,-0.5836238861083984,-0.16028499603271484
adaptive_shard_00010.pt:123,adaptive_shard_00010.pt,123,heavy,1.0,8.779802322387695,2,3,degraded,nan,nan,nan,8.569533683368869,43.421661376953125,48.94076919555664,nan,nan,-9.661079191928915,29.697688102722168,35.45564270019531
adaptive_shard_00010.pt:123,adaptive_shard_00010.pt,123,heavy,1.0,8.779802322387695,2,3,base,nan,nan,nan,18.230612875297783,13.723973274230957,13.485126495361328,nan,nan,0.0,0.0,0.0
adaptive_shard_00010.pt:123,adaptive_shard_00010.pt,123,heavy,1.0,8.779802322387695,2,3,v1,nan,nan,nan,18.187184970145363,13.138168334960938,12.767411231994629,nan,nan,-0.04342790515242001,-0.5858049392700195,-0.7177152633666992
adaptive_shard_00010.pt:123,adaptive_shard_00010.pt,123,heavy,1.0,8.779802322387695,2,3,v2,nan,nan,nan,18.112318821279935,13.07894515991211,12.768815040588379,nan,nan,-0.11829405401784854,-0.6450281143188477,-0.7163114547729492
adaptive_shard_00011.pt:16,adaptive_shard_00011.pt,16,clean,0.0,0.0,0,0,degraded,nan,nan,nan,109.09303299670965,8.999342918395996,8.999333381652832,nan,nan,83.09687756959745,-1.0583810806274414,-1.1710634231567383
adaptive_shard_00011.pt:16,adaptive_shard_00011.pt,16,clean,0.0,0.0,0,0,base,nan,nan,nan,25.996155427112196,10.057723999023438,10.17039680480957,nan,nan,0.0,0.0,0.0
adaptive_shard_00011.pt:16,adaptive_shard_00011.pt,16,clean,0.0,0.0,0,0,v1,nan,nan,nan,25.270709696720573,5.937117576599121,5.411535739898682,nan,nan,-0.7254457303916233,-4.120606422424316,-4.758861064910889
adaptive_shard_00011.pt:16,adaptive_shard_00011.pt,16,clean,0.0,0.0,0,0,v2,nan,nan,nan,25.37911594400361,6.150191307067871,6.317802906036377,nan,nan,-0.6170394831085879,-3.9075326919555664,-3.8525938987731934
adaptive_shard_00011.pt:17,adaptive_shard_00011.pt,17,light,0.0,0.0,1,2,degraded,nan,nan,nan,27.03752959460076,17.31771469116211,18.22062110900879,nan,nan,3.3698769266549284,5.329536437988281,4.918704032897949
adaptive_shard_00011.pt:17,adaptive_shard_00011.pt,17,light,0.0,0.0,1,2,base,nan,nan,nan,23.66765266794583,11.988178253173828,13.30191707611084,nan,nan,0.0,0.0,0.0
adaptive_shard_00011.pt:17,adaptive_shard_00011.pt,17,light,0.0,0.0,1,2,v1,nan,nan,nan,23.445666314326555,8.871898651123047,9.821237564086914,nan,nan,-0.22198635361927543,-3.1162796020507812,-3.480679512023926
adaptive_shard_00011.pt:17,adaptive_shard_00011.pt,17,light,0.0,0.0,1,2,v2,nan,nan,nan,23.35675931243219,9.775559425354004,12.233495712280273,nan,nan,-0.3108933555136417,-2.212618827819824,-1.0684213638305664
adaptive_shard_00011.pt:18,adaptive_shard_00011.pt,18,medium,1.0,24.317100524902344,2,2,degraded,nan,nan,nan,21.331835197829175,31.571693420410156,35.591697692871094,nan,nan,-1.7211420483325277,20.576354026794434,24.086559295654297
adaptive_shard_00011.pt:18,adaptive_shard_00011.pt,18,medium,1.0,24.317100524902344,2,2,base,nan,nan,nan,23.052977246161703,10.995339393615723,11.505138397216797,nan,nan,0.0,0.0,0.0
adaptive_shard_00011.pt:18,adaptive_shard_00011.pt,18,medium,1.0,24.317100524902344,2,2,v1,nan,nan,nan,22.849428130255653,10.838943481445312,11.879312515258789,nan,nan,-0.20354911590604985,-0.15639591217041016,0.3741741180419922
adaptive_shard_00011.pt:18,adaptive_shard_00011.pt,18,medium,1.0,24.317100524902344,2,2,v2,nan,nan,nan,22.80358395733936,10.554731369018555,11.660591125488281,nan,nan,-0.24939328882234335,-0.44060802459716797,0.15545272827148438
adaptive_shard_00011.pt:19,adaptive_shard_00011.pt,19,heavy,1.0,8.953413009643555,2,3,degraded,nan,nan,nan,8.727128122115879,44.42974853515625,49.545352935791016,nan,nan,-9.312521476579334,32.247246742248535,37.50570297241211
adaptive_shard_00011.pt:19,adaptive_shard_00011.pt,19,heavy,1.0,8.953413009643555,2,3,base,nan,nan,nan,18.039649598695213,12.182501792907715,12.039649963378906,nan,nan,0.0,0.0,0.0
adaptive_shard_00011.pt:19,adaptive_shard_00011.pt,19,heavy,1.0,8.953413009643555,2,3,v1,nan,nan,nan,18.008450444101168,11.338786125183105,11.535079002380371,nan,nan,-0.031199154594045098,-0.8437156677246094,-0.5045709609985352
adaptive_shard_00011.pt:19,adaptive_shard_00011.pt,19,heavy,1.0,8.953413009643555,2,3,v2,nan,nan,nan,17.969788669242615,11.372227668762207,11.467065811157227,nan,nan,-0.0698609294525987,-0.8102741241455078,-0.5725841522216797
adaptive_shard_00011.pt:76,adaptive_shard_00011.pt,76,clean,0.0,0.0,0,0,degraded,nan,nan,nan,107.99927710514362,6.938396453857422,6.938391208648682,nan,nan,88.5666407424639,-5.14829158782959,-5.904942989349365
adaptive_shard_00011.pt:76,adaptive_shard_00011.pt,76,clean,0.0,0.0,0,0,base,nan,nan,nan,19.43263636267972,12.086688041687012,12.843334197998047,nan,nan,0.0,0.0,0.0
adaptive_shard_00011.pt:76,adaptive_shard_00011.pt,76,clean,0.0,0.0,0,0,v1,nan,nan,nan,19.50411244906711,6.352882385253906,5.171424865722656,nan,nan,0.071476086387392,-5.7338056564331055,-7.671909332275391
adaptive_shard_00011.pt:76,adaptive_shard_00011.pt,76,clean,0.0,0.0,0,0,v2,nan,nan,nan,19.3303306324647,7.017384052276611,7.37141227722168,nan,nan,-0.10230573021501854,-5.0693039894104,-5.471921920776367
adaptive_shard_00011.pt:77,adaptive_shard_00011.pt,77,light,0.0,0.0,1,1,degraded,nan,nan,nan,21.789914015184245,12.817264556884766,14.811721801757812,nan,nan,4.005290524983366,-3.4076690673828125,-4.710004806518555
adaptive_shard_00011.pt:77,adaptive_shard_00011.pt,77,light,0.0,0.0,1,1,base,nan,nan,nan,17.78462349020088,16.224933624267578,19.521726608276367,nan,nan,0.0,0.0,0.0
adaptive_shard_00011.pt:77,adaptive_shard_00011.pt,77,light,0.0,0.0,1,1,v1,nan,nan,nan,17.876224311097303,10.575730323791504,11.669394493103027,nan,nan,0.0916008208964243,-5.649203300476074,-7.85233211517334
adaptive_shard_00011.pt:77,adaptive_shard_00011.pt,77,light,0.0,0.0,1,1,v2,nan,nan,nan,17.733138339472436,13.183698654174805,17.833505630493164,nan,nan,-0.05148515072844262,-3.0412349700927734,-1.6882209777832031
adaptive_shard_00011.pt:78,adaptive_shard_00011.pt,78,medium,1.0,22.03169059753418,2,2,degraded,nan,nan,nan,18.24735479892552,31.395898818969727,35.36677932739258,nan,nan,0.590065034236801,19.91007423400879,22.57268714904785
adaptive_shard_00011.pt:78,adaptive_shard_00011.pt,78,medium,1.0,22.03169059753418,2,2,base,nan,nan,nan,17.65728976468872,11.485824584960938,12.794092178344727,nan,nan,0.0,0.0,0.0
adaptive_shard_00011.pt:78,adaptive_shard_00011.pt,78,medium,1.0,22.03169059753418,2,2,v1,nan,nan,nan,17.917378360431087,11.657608985900879,12.608905792236328,nan,nan,0.2600885957423671,0.1717844009399414,-0.18518638610839844
adaptive_shard_00011.pt:78,adaptive_shard_00011.pt,78,medium,1.0,22.03169059753418,2,2,v2,nan,nan,nan,17.629301787944744,11.428765296936035,12.876416206359863,nan,nan,-0.027987976743975906,-0.057059288024902344,0.08232402801513672
adaptive_shard_00011.pt:79,adaptive_shard_00011.pt,79,heavy,1.0,5.848330974578857,2,3,degraded,nan,nan,nan,5.618737677352947,44.70438766479492,49.377689361572266,nan,nan,-9.711415652512162,31.490188598632812,35.69597911834717
adaptive_shard_00011.pt:79,adaptive_shard_00011.pt,79,heavy,1.0,5.848330974578857,2,3,base,nan,nan,nan,15.330153329865109,13.21419906616211,13.681710243225098,nan,nan,0.0,0.0,0.0
adaptive_shard_00011.pt:79,adaptive_shard_00011.pt,79,heavy,1.0,5.848330974578857,2,3,v1,nan,nan,nan,15.468334261667739,12.76652717590332,13.11736011505127,nan,nan,0.1381809318026299,-0.44767189025878906,-0.5643501281738281
adaptive_shard_00011.pt:79,adaptive_shard_00011.pt,79,heavy,1.0,5.848330974578857,2,3,v2,nan,nan,nan,15.314156644530675,12.90156364440918,13.086668968200684,nan,nan,-0.01599668533443399,-0.3126354217529297,-0.5950412750244141
adaptive_shard_00011.pt:100,adaptive_shard_00011.pt,100,clean,0.0,0.0,0,0,degraded,nan,nan,nan,107.36759015918778,5.804845809936523,5.804899215698242,nan,nan,79.32070040744485,-1.7923264503479004,-1.921703815460205
adaptive_shard_00011.pt:100,adaptive_shard_00011.pt,100,clean,0.0,0.0,0,0,base,nan,nan,nan,28.046889751742935,7.597172260284424,7.726603031158447,nan,nan,0.0,0.0,0.0
adaptive_shard_00011.pt:100,adaptive_shard_00011.pt,100,clean,0.0,0.0,0,0,v1,nan,nan,nan,26.792709051940477,6.8260817527771,6.855390548706055,nan,nan,-1.2541806998024576,-0.7710905075073242,-0.8712124824523926
adaptive_shard_00011.pt:100,adaptive_shard_00011.pt,100,clean,0.0,0.0,0,0,v2,nan,nan,nan,27.000203964464852,7.432525157928467,6.824495792388916,nan,nan,-1.0466857872780828,-0.16464710235595703,-0.9021072387695312
adaptive_shard_00011.pt:101,adaptive_shard_00011.pt,101,light,0.0,0.0,1,1,degraded,nan,nan,nan,23.362794146392673,12.440823554992676,14.596494674682617,nan,nan,1.5917194012556344,0.3676290512084961,-0.6374692916870117
adaptive_shard_00011.pt:101,adaptive_shard_00011.pt,101,light,0.0,0.0,1,1,base,nan,nan,nan,21.77107474513704,12.07319450378418,15.233963966369629,nan,nan,0.0,0.0,0.0
adaptive_shard_00011.pt:101,adaptive_shard_00011.pt,101,light,0.0,0.0,1,1,v1,nan,nan,nan,21.627105037840426,11.315596580505371,13.608490943908691,nan,nan,-0.14396970729661263,-0.7575979232788086,-1.6254730224609375
adaptive_shard_00011.pt:101,adaptive_shard_00011.pt,101,light,0.0,0.0,1,1,v2,nan,nan,nan,21.672103517938638,12.526754379272461,15.256124496459961,nan,nan,-0.09897122719840112,0.45355987548828125,0.02216053009033203
adaptive_shard_00011.pt:102,adaptive_shard_00011.pt,102,medium,1.0,24.02174186706543,2,1,degraded,nan,nan,nan,19.747312218026096,29.72863006591797,34.80266571044922,nan,nan,-0.9309848943670147,14.553045272827148,18.809178352355957
adaptive_shard_00011.pt:102,adaptive_shard_00011.pt,102,medium,1.0,24.02174186706543,2,1,base,nan,nan,nan,20.67829711239311,15.17558479309082,15.993487358093262,nan,nan,0.0,0.0,0.0
adaptive_shard_00011.pt:102,adaptive_shard_00011.pt,102,medium,1.0,24.02174186706543,2,1,v1,nan,nan,nan,20.493285094727103,15.013099670410156,15.838504791259766,nan,nan,-0.18501201766600772,-0.16248512268066406,-0.1549825668334961
adaptive_shard_00011.pt:102,adaptive_shard_00011.pt,102,medium,1.0,24.02174186706543,2,1,v2,nan,nan,nan,20.50040700520651,14.72792911529541,15.868365287780762,nan,nan,-0.1778901071865988,-0.44765567779541016,-0.1251220703125
adaptive_shard_00011.pt:103,adaptive_shard_00011.pt,103,heavy,1.0,8.403960227966309,2,3,degraded,nan,nan,nan,8.109514132796765,42.79685974121094,48.59101486206055,nan,nan,-8.820157620032084,26.703327178955078,32.06852912902832
adaptive_shard_00011.pt:103,adaptive_shard_00011.pt,103,heavy,1.0,8.403960227966309,2,3,base,nan,nan,nan,16.92967175282885,16.09353256225586,16.522485733032227,nan,nan,0.0,0.0,0.0
adaptive_shard_00011.pt:103,adaptive_shard_00011.pt,103,heavy,1.0,8.403960227966309,2,3,v1,nan,nan,nan,16.75576132384561,15.58535099029541,15.985647201538086,nan,nan,-0.1739104289832376,-0.5081815719604492,-0.5368385314941406
adaptive_shard_00011.pt:103,adaptive_shard_00011.pt,103,heavy,1.0,8.403960227966309,2,3,v2,nan,nan,nan,16.773369649573567,15.496678352355957,16.069408416748047,nan,nan,-0.15630210325528182,-0.5968542098999023,-0.4530773162841797
adaptive_shard_00011.pt:124,adaptive_shard_00011.pt,124,clean,0.0,0.0,0,0,degraded,nan,nan,nan,107.16372163009771,9.512616157531738,9.512432098388672,nan,nan,84.65035075824329,1.5886802673339844,1.3913459777832031
adaptive_shard_00011.pt:124,adaptive_shard_00011.pt,124,clean,0.0,0.0,0,0,base,nan,nan,nan,22.513370871854413,7.923935890197754,8.121086120605469,nan,nan,0.0,0.0,0.0
adaptive_shard_00011.pt:124,adaptive_shard_00011.pt,124,clean,0.0,0.0,0,0,v1,nan,nan,nan,22.717757150528865,6.047152996063232,6.011958599090576,nan,nan,0.20438627867445192,-1.8767828941345215,-2.1091275215148926
adaptive_shard_00011.pt:124,adaptive_shard_00011.pt,124,clean,0.0,0.0,0,0,v2,nan,nan,nan,22.044034416898945,6.426416873931885,6.103481292724609,nan,nan,-0.4693364549554673,-1.4975190162658691,-2.0176048278808594
adaptive_shard_00011.pt:125,adaptive_shard_00011.pt,125,light,0.0,0.0,1,2,degraded,nan,nan,nan,26.764186076406396,17.8897762298584,19.232154846191406,nan,nan,5.51664129116196,4.821054458618164,5.536188125610352
adaptive_shard_00011.pt:125,adaptive_shard_00011.pt,125,light,0.0,0.0,1,2,base,nan,nan,nan,21.247544785244436,13.068721771240234,13.695966720581055,nan,nan,0.0,0.0,0.0
adaptive_shard_00011.pt:125,adaptive_shard_00011.pt,125,light,0.0,0.0,1,2,v1,nan,nan,nan,21.474034264194334,10.376256942749023,10.481411933898926,nan,nan,0.22648947894989746,-2.692464828491211,-3.214554786682129
adaptive_shard_00011.pt:125,adaptive_shard_00011.pt,125,light,0.0,0.0,1,2,v2,nan,nan,nan,20.921284581463713,10.680994033813477,12.31587028503418,nan,nan,-0.3262602037807234,-2.387727737426758,-1.380096435546875
adaptive_shard_00011.pt:126,adaptive_shard_00011.pt,126,medium,1.0,20.222354888916016,2,1,degraded,nan,nan,nan,18.538946763446944,32.551265716552734,36.728965759277344,nan,nan,-2.2084234690175997,19.563977241516113,23.606014251708984
adaptive_shard_00011.pt:126,adaptive_shard_00011.pt,126,medium,1.0,20.222354888916016,2,1,base,nan,nan,nan,20.747370232464544,12.987288475036621,13.12295150756836,nan,nan,0.0,0.0,0.0
adaptive_shard_00011.pt:126,adaptive_shard_00011.pt,126,medium,1.0,20.222354888916016,2,1,v1,nan,nan,nan,21.044453413328124,12.896286010742188,13.3106689453125,nan,nan,0.29708318086358076,-0.0910024642944336,0.18771743774414062
adaptive_shard_00011.pt:126,adaptive_shard_00011.pt,126,medium,1.0,20.222354888916016,2,1,v2,nan,nan,nan,20.455375256966807,12.499056816101074,13.17478084564209,nan,nan,-0.2919949754977367,-0.4882316589355469,0.05182933807373047
adaptive_shard_00011.pt:127,adaptive_shard_00011.pt,127,heavy,1.0,7.965799808502197,2,3,degraded,nan,nan,nan,7.735178329456743,43.45964813232422,48.5700569152832,nan,nan,-9.116310758077159,29.87231731414795,35.13241767883301
adaptive_shard_00011.pt:127,adaptive_shard_00011.pt,127,heavy,1.0,7.965799808502197,2,3,base,nan,nan,nan,16.851489087533903,13.58733081817627,13.437639236450195,nan,nan,0.0,0.0,0.0
adaptive_shard_00011.pt:127,adaptive_shard_00011.pt,127,heavy,1.0,7.965799808502197,2,3,v1,nan,nan,nan,16.974917453001616,13.027018547058105,12.89798641204834,nan,nan,0.12342836546771352,-0.5603122711181641,-0.5396528244018555
adaptive_shard_00011.pt:127,adaptive_shard_00011.pt,127,heavy,1.0,7.965799808502197,2,3,v2,nan,nan,nan,16.74399436885116,12.92514705657959,12.831830978393555,nan,nan,-0.1074947186827444,-0.6621837615966797,-0.6058082580566406
adaptive_shard_00012.pt:124,adaptive_shard_00012.pt,124,clean,0.0,0.0,0,0,degraded,nan,nan,nan,106.76436970001417,8.644190788269043,8.64417552947998,nan,nan,84.71924262505227,-6.022744178771973,-6.578922271728516
adaptive_shard_00012.pt:124,adaptive_shard_00012.pt,124,clean,0.0,0.0,0,0,base,nan,nan,nan,22.045127074961897,14.666934967041016,15.223097801208496,nan,nan,0.0,0.0,0.0
adaptive_shard_00012.pt:124,adaptive_shard_00012.pt,124,clean,0.0,0.0,0,0,v1,nan,nan,nan,21.977644891740074,7.810513019561768,6.730775356292725,nan,nan,-0.06748218322182353,-6.856421947479248,-8.492322444915771
adaptive_shard_00012.pt:124,adaptive_shard_00012.pt,124,clean,0.0,0.0,0,0,v2,nan,nan,nan,21.844937930597204,8.227899551391602,8.052929878234863,nan,nan,-0.2001891443646926,-6.439035415649414,-7.170167922973633
adaptive_shard_00012.pt:125,adaptive_shard_00012.pt,125,light,0.0,0.0,1,1,degraded,nan,nan,nan,40.15076263554221,14.650357246398926,15.670024871826172,nan,nan,18.23448436709105,-0.2651538848876953,-0.938385009765625
adaptive_shard_00012.pt:125,adaptive_shard_00012.pt,125,light,0.0,0.0,1,1,base,nan,nan,nan,21.91627826845116,14.915511131286621,16.608409881591797,nan,nan,0.0,0.0,0.0
adaptive_shard_00012.pt:125,adaptive_shard_00012.pt,125,light,0.0,0.0,1,1,v1,nan,nan,nan,21.860139760311736,9.078885078430176,8.783005714416504,nan,nan,-0.05613850813942278,-5.836626052856445,-7.825404167175293
adaptive_shard_00012.pt:125,adaptive_shard_00012.pt,125,light,0.0,0.0,1,1,v2,nan,nan,nan,21.73004226331368,11.956846237182617,14.984722137451172,nan,nan,-0.18623600513747718,-2.958664894104004,-1.623687744140625
adaptive_shard_00012.pt:126,adaptive_shard_00012.pt,126,medium,1.0,23.12450408935547,2,1,degraded,nan,nan,nan,22.74807471472325,36.18233871459961,40.579437255859375,nan,nan,-1.7564060007001459,25.28221321105957,30.158662796020508
adaptive_shard_00012.pt:126,adaptive_shard_00012.pt,126,medium,1.0,23.12450408935547,2,1,base,nan,nan,nan,24.504480715423394,10.900125503540039,10.420774459838867,nan,nan,0.0,0.0,0.0
adaptive_shard_00012.pt:126,adaptive_shard_00012.pt,126,medium,1.0,23.12450408935547,2,1,v1,nan,nan,nan,24.93259345215211,10.795559883117676,9.579747200012207,nan,nan,0.4281127367287141,-0.10456562042236328,-0.8410272598266602
adaptive_shard_00012.pt:126,adaptive_shard_00012.pt,126,medium,1.0,23.12450408935547,2,1,v2,nan,nan,nan,24.146112359502233,10.543274879455566,10.08761978149414,nan,nan,-0.35836835592116145,-0.35685062408447266,-0.33315467834472656
adaptive_shard_00012.pt:127,adaptive_shard_00012.pt,127,heavy,1.0,5.810553073883057,2,3,degraded,nan,nan,nan,5.778667572553143,51.812503814697266,57.01435852050781,nan,nan,-13.878970851524695,38.95770454406738,44.13287544250488
adaptive_shard_00012.pt:127,adaptive_shard_00012.pt,127,heavy,1.0,5.810553073883057,2,3,base,nan,nan,nan,19.657638424077838,12.854799270629883,12.88148307800293,nan,nan,0.0,0.0,0.0
adaptive_shard_00012.pt:127,adaptive_shard_00012.pt,127,heavy,1.0,5.810553073883057,2,3,v1,nan,nan,nan,19.712699121213767,11.903702735900879,11.638595581054688,nan,nan,0.05506069713592865,-0.9510965347290039,-1.2428874969482422
adaptive_shard_00012.pt:127,adaptive_shard_00012.pt,127,heavy,1.0,5.810553073883057,2,3,v2,nan,nan,nan,19.59473770445127,12.033808708190918,11.62543773651123,nan,nan,-0.06290071962656896,-0.8209905624389648,-1.2560453414916992
adaptive_shard_00013.pt:68,adaptive_shard_00013.pt,68,clean,0.0,0.0,0,0,degraded,nan,nan,nan,102.7325045054721,17.984294891357422,17.984119415283203,nan,nan,97.31856217863124,8.339235305786133,8.242635726928711
adaptive_shard_00013.pt:68,adaptive_shard_00013.pt,68,clean,0.0,0.0,0,0,base,nan,nan,nan,5.413942326840847,9.645059585571289,9.741483688354492,nan,nan,0.0,0.0,0.0
adaptive_shard_00013.pt:68,adaptive_shard_00013.pt,68,clean,0.0,0.0,0,0,v1,nan,nan,nan,5.5640141919257715,7.874019622802734,7.330495357513428,nan,nan,0.1500718650849242,-1.7710399627685547,-2.4109883308410645
adaptive_shard_00013.pt:68,adaptive_shard_00013.pt,68,clean,0.0,0.0,0,0,v2,nan,nan,nan,5.392034006951375,8.699572563171387,8.284828186035156,nan,nan,-0.02190831988947206,-0.9454870223999023,-1.456655502319336
adaptive_shard_00013.pt:69,adaptive_shard_00013.pt,69,light,0.0,0.0,1,1,degraded,nan,nan,nan,35.50441697258643,24.78943634033203,26.18416404724121,nan,nan,30.317575628578723,14.253907203674316,15.262298583984375
adaptive_shard_00013.pt:69,adaptive_shard_00013.pt,69,light,0.0,0.0,1,1,base,nan,nan,nan,5.186841344007702,10.535529136657715,10.921865463256836,nan,nan,0.0,0.0,0.0
adaptive_shard_00013.pt:69,adaptive_shard_00013.pt,69,light,0.0,0.0,1,1,v1,nan,nan,nan,5.317631799148767,8.472265243530273,7.59233283996582,nan,nan,0.13079045514106546,-2.0632638931274414,-3.3295326232910156
adaptive_shard_00013.pt:69,adaptive_shard_00013.pt,69,light,0.0,0.0,1,1,v2,nan,nan,nan,5.161034049661292,9.775497436523438,10.120692253112793,nan,nan,-0.025807294346409826,-0.7600317001342773,-0.801173210144043
adaptive_shard_00013.pt:70,adaptive_shard_00013.pt,70,medium,1.0,17.25714111328125,2,1,degraded,nan,nan,nan,16.97620070711693,41.19540786743164,46.02210998535156,nan,nan,9.720992988379827,30.09578514099121,36.34317588806152
adaptive_shard_00013.pt:70,adaptive_shard_00013.pt,70,medium,1.0,17.25714111328125,2,1,base,nan,nan,nan,7.255207718737103,11.09962272644043,9.678934097290039,nan,nan,0.0,0.0,0.0
adaptive_shard_00013.pt:70,adaptive_shard_00013.pt,70,medium,1.0,17.25714111328125,2,1,v1,nan,nan,nan,7.504906140683757,10.715055465698242,8.720748901367188,nan,nan,0.24969842194665404,-0.3845672607421875,-0.9581851959228516
adaptive_shard_00013.pt:70,adaptive_shard_00013.pt,70,medium,1.0,17.25714111328125,2,1,v2,nan,nan,nan,7.228089474365352,10.536781311035156,9.352180480957031,nan,nan,-0.027118244371751032,-0.5628414154052734,-0.3267536163330078
adaptive_shard_00013.pt:71,adaptive_shard_00013.pt,71,heavy,1.0,7.151627540588379,2,3,degraded,nan,nan,nan,5.7517920029975125,51.171512603759766,56.21392822265625,nan,nan,-2.2274476497173525,38.21488857269287,44.12979698181152
adaptive_shard_00013.pt:71,adaptive_shard_00013.pt,71,heavy,1.0,7.151627540588379,2,3,base,nan,nan,nan,7.979239652714865,12.956624031066895,12.084131240844727,nan,nan,0.0,0.0,0.0
adaptive_shard_00013.pt:71,adaptive_shard_00013.pt,71,heavy,1.0,7.151627540588379,2,3,v1,nan,nan,nan,8.312186350887242,12.166669845581055,10.683198928833008,nan,nan,0.33294669817237654,-0.7899541854858398,-1.4009323120117188
adaptive_shard_00013.pt:71,adaptive_shard_00013.pt,71,heavy,1.0,7.151627540588379,2,3,v2,nan,nan,nan,7.969580104852252,11.96430778503418,10.573077201843262,nan,nan,-0.009659547862613138,-0.9923162460327148,-1.5110540390014648
adaptive_shard_00013.pt:100,adaptive_shard_00013.pt,100,clean,0.0,0.0,0,0,degraded,nan,nan,nan,105.0030781892587,9.840865135192871,9.840832710266113,nan,nan,84.2237698298555,-4.118084907531738,-4.9260149002075195
adaptive_shard_00013.pt:100,adaptive_shard_00013.pt,100,clean,0.0,0.0,0,0,base,nan,nan,nan,20.7793083594032,13.95895004272461,14.766847610473633,nan,nan,0.0,0.0,0.0
adaptive_shard_00013.pt:100,adaptive_shard_00013.pt,100,clean,0.0,0.0,0,0,v1,nan,nan,nan,21.12602484109135,6.949180603027344,6.595672130584717,nan,nan,0.3467164816881514,-7.009769439697266,-8.171175479888916
adaptive_shard_00013.pt:100,adaptive_shard_00013.pt,100,clean,0.0,0.0,0,0,v2,nan,nan,nan,20.518561790653465,7.573544979095459,6.924689292907715,nan,nan,-0.26074656874973456,-6.38540506362915,-7.842158317565918
adaptive_shard_00013.pt:101,adaptive_shard_00013.pt,101,light,0.0,0.0,1,2,degraded,nan,nan,nan,33.70322076315963,21.43466567993164,21.659099578857422,nan,nan,14.316890675247507,8.441924095153809,8.017513275146484
adaptive_shard_00013.pt:101,adaptive_shard_00013.pt,101,light,0.0,0.0,1,2,base,nan,nan,nan,19.38633008791212,12.992741584777832,13.641586303710938,nan,nan,0.0,0.0,0.0
adaptive_shard_00013.pt:101,adaptive_shard_00013.pt,101,light,0.0,0.0,1,2,v1,nan,nan,nan,19.862174430844767,8.488889694213867,8.236893653869629,nan,nan,0.4758443429326462,-4.503851890563965,-5.404692649841309
adaptive_shard_00013.pt:101,adaptive_shard_00013.pt,101,light,0.0,0.0,1,2,v2,nan,nan,nan,19.20350966128005,10.65750789642334,12.457676887512207,nan,nan,-0.18282042663206965,-2.335233688354492,-1.1839094161987305
adaptive_shard_00013.pt:102,adaptive_shard_00013.pt,102,medium,1.0,24.98346519470215,2,2,degraded,nan,nan,nan,23.547032912351938,34.01200485229492,37.28401184082031,nan,nan,5.0882322933777,23.436172485351562,26.441298484802246
adaptive_shard_00013.pt:102,adaptive_shard_00013.pt,102,medium,1.0,24.98346519470215,2,2,base,nan,nan,nan,18.458800618974237,10.57583236694336,10.842713356018066,nan,nan,0.0,0.0,0.0
adaptive_shard_00013.pt:102,adaptive_shard_00013.pt,102,medium,1.0,24.98346519470215,2,2,v1,nan,nan,nan,19.143571536374683,10.089266777038574,10.22262954711914,nan,nan,0.6847709174004457,-0.48656558990478516,-0.6200838088989258
adaptive_shard_00013.pt:102,adaptive_shard_00013.pt,102,medium,1.0,24.98346519470215,2,2,v2,nan,nan,nan,18.353137059565494,10.431740760803223,10.865996360778809,nan,nan,-0.10566355940874317,-0.14409160614013672,0.023283004760742188
adaptive_shard_00013.pt:103,adaptive_shard_00013.pt,103,heavy,1.0,9.703950881958008,2,3,degraded,nan,nan,nan,9.450349381017345,47.57553482055664,51.87141418457031,nan,nan,-8.51272170645966,35.5745267868042,40.20617389678955
adaptive_shard_00013.pt:103,adaptive_shard_00013.pt,103,heavy,1.0,9.703950881958008,2,3,base,nan,nan,nan,17.963071087477005,12.001008033752441,11.665240287780762,nan,nan,0.0,0.0,0.0
adaptive_shard_00013.pt:103,adaptive_shard_00013.pt,103,heavy,1.0,9.703950881958008,2,3,v1,nan,nan,nan,18.291082007589633,11.26358699798584,11.049518585205078,nan,nan,0.32801092011262867,-0.7374210357666016,-0.6157217025756836
adaptive_shard_00013.pt:103,adaptive_shard_00013.pt,103,heavy,1.0,9.703950881958008,2,3,v2,nan,nan,nan,17.896011337095604,11.321553230285645,10.818291664123535,nan,nan,-0.06705975038140011,-0.6794548034667969,-0.8469486236572266
adaptive_shard_00013.pt:112,adaptive_shard_00013.pt,112,clean,0.0,0.0,0,0,degraded,nan,nan,nan,93.82761473667087,2.083561658859253,2.0838277339935303,nan,nan,67.27936716892158,-6.663583993911743,-7.330852746963501
adaptive_shard_00013.pt:112,adaptive_shard_00013.pt,112,clean,0.0,0.0,0,0,base,nan,nan,nan,26.548247567749282,8.747145652770996,9.414680480957031,nan,nan,0.0,0.0,0.0
adaptive_shard_00013.pt:112,adaptive_shard_00013.pt,112,clean,0.0,0.0,0,0,v1,nan,nan,nan,25.08859055753332,7.0749831199646,6.444818019866943,nan,nan,-1.4596570102159632,-1.6721625328063965,-2.969862461090088
adaptive_shard_00013.pt:112,adaptive_shard_00013.pt,112,clean,0.0,0.0,0,0,v2,nan,nan,nan,24.87741892143823,7.70283317565918,7.459718704223633,nan,nan,-1.670828646311051,-1.0443124771118164,-1.9549617767333984
adaptive_shard_00013.pt:113,adaptive_shard_00013.pt,113,light,0.0,0.0,1,1,degraded,nan,nan,nan,30.079083460448288,10.373820304870605,13.110956192016602,nan,nan,5.1032066590545675,-3.194225311279297,-3.753978729248047
adaptive_shard_00013.pt:113,adaptive_shard_00013.pt,113,light,0.0,0.0,1,1,base,nan,nan,nan,24.97587680139372,13.568045616149902,16.86493492126465,nan,nan,0.0,0.0,0.0
adaptive_shard_00013.pt:113,adaptive_shard_00013.pt,113,light,0.0,0.0,1,1,v1,nan,nan,nan,24.014007954853373,10.963142395019531,12.605574607849121,nan,nan,-0.961868846540348,-2.604903221130371,-4.259360313415527
adaptive_shard_00013.pt:113,adaptive_shard_00013.pt,113,light,0.0,0.0,1,1,v2,nan,nan,nan,23.793307141308098,12.728175163269043,16.244176864624023,nan,nan,-1.1825696600856226,-0.8398704528808594,-0.620758056640625
adaptive_shard_00013.pt:114,adaptive_shard_00013.pt,114,medium,1.0,20.091957092285156,2,2,degraded,nan,nan,nan,18.698067450391868,29.964296340942383,35.08517074584961,nan,nan,-2.8758966126584795,16.755480766296387,20.734715461730957
adaptive_shard_00013.pt:114,adaptive_shard_00013.pt,114,medium,1.0,20.091957092285156,2,2,base,nan,nan,nan,21.573964063050347,13.208815574645996,14.350455284118652,nan,nan,0.0,0.0,0.0
adaptive_shard_00013.pt:114,adaptive_shard_00013.pt,114,medium,1.0,20.091957092285156,2,2,v1,nan,nan,nan,21.343418203545923,13.577045440673828,14.406333923339844,nan,nan,-0.2305458595044243,0.36822986602783203,0.055878639221191406
adaptive_shard_00013.pt:114,adaptive_shard_00013.pt,114,medium,1.0,20.091957092285156,2,2,v2,nan,nan,nan,20.88128565564673,13.247577667236328,14.408123016357422,nan,nan,-0.6926784074036156,0.03876209259033203,0.05766773223876953
adaptive_shard_00013.pt:115,adaptive_shard_00013.pt,115,heavy,1.0,9.728668212890625,2,3,degraded,nan,nan,nan,9.536852467811183,38.35500717163086,44.204864501953125,nan,nan,-8.401668848959783,24.81363010406494,29.919536590576172
adaptive_shard_00013.pt:115,adaptive_shard_00013.pt,115,heavy,1.0,9.728668212890625,2,3,base,nan,nan,nan,17.938521316770967,13.541377067565918,14.285327911376953,nan,nan,0.0,0.0,0.0
adaptive_shard_00013.pt:115,adaptive_shard_00013.pt,115,heavy,1.0,9.728668212890625,2,3,v1,nan,nan,nan,17.826883192277315,13.811630249023438,14.19795036315918,nan,nan,-0.11163812449365196,0.27025318145751953,-0.08737754821777344
adaptive_shard_00013.pt:115,adaptive_shard_00013.pt,115,heavy,1.0,9.728668212890625,2,3,v2,nan,nan,nan,17.54791382076452,13.664917945861816,14.157569885253906,nan,nan,-0.39060749600644584,0.12354087829589844,-0.12775802612304688
adaptive_shard_00014.pt:0,adaptive_shard_00014.pt,0,clean,0.0,0.0,0,0,degraded,nan,nan,nan,95.07192389120925,2.362978219985962,2.3629658222198486,nan,nan,71.72031145618593,-8.175470113754272,-7.914266347885132
adaptive_shard_00014.pt:0,adaptive_shard_00014.pt,0,clean,0.0,0.0,0,0,base,nan,nan,nan,23.35161243502332,10.538448333740234,10.27723217010498,nan,nan,0.0,0.0,0.0
adaptive_shard_00014.pt:0,adaptive_shard_00014.pt,0,clean,0.0,0.0,0,0,v1,nan,nan,nan,23.149085095030703,9.207192420959473,6.276548385620117,nan,nan,-0.20252733999261707,-1.3312559127807617,-4.000683784484863
adaptive_shard_00014.pt:0,adaptive_shard_00014.pt,0,clean,0.0,0.0,0,0,v2,nan,nan,nan,22.984606895962752,9.283038139343262,8.121341705322266,nan,nan,-0.36700553906056754,-1.2554101943969727,-2.155890464782715
adaptive_shard_00014.pt:1,adaptive_shard_00014.pt,1,light,0.0,0.0,1,1,degraded,nan,nan,nan,23.59067162516193,10.997593879699707,15.245278358459473,nan,nan,3.268221849964757,-6.51126766204834,-5.985713005065918
adaptive_shard_00014.pt:1,adaptive_shard_00014.pt,1,light,0.0,0.0,1,1,base,nan,nan,nan,20.322449775197175,17.508861541748047,21.23099136352539,nan,nan,0.0,0.0,0.0
adaptive_shard_00014.pt:1,adaptive_shard_00014.pt,1,light,0.0,0.0,1,1,v1,nan,nan,nan,20.421808091084873,14.548544883728027,15.049549102783203,nan,nan,0.09935831588769872,-2.9603166580200195,-6.1814422607421875
adaptive_shard_00014.pt:1,adaptive_shard_00014.pt,1,light,0.0,0.0,1,1,v2,nan,nan,nan,20.188078861757035,16.200321197509766,20.090002059936523,nan,nan,-0.13437091344014007,-1.3085403442382812,-1.1409893035888672
adaptive_shard_00014.pt:2,adaptive_shard_00014.pt,2,medium,1.0,18.783464431762695,2,1,degraded,nan,nan,nan,16.108352580845914,26.679410934448242,32.89167404174805,nan,nan,-1.769445960514357,12.387468338012695,18.00704574584961
adaptive_shard_00014.pt:2,adaptive_shard_00014.pt,2,medium,1.0,18.783464431762695,2,1,base,nan,nan,nan,17.87779854136027,14.291942596435547,14.884628295898438,nan,nan,0.0,0.0,0.0
adaptive_shard_00014.pt:2,adaptive_shard_00014.pt,2,medium,1.0,18.783464431762695,2,1,v1,nan,nan,nan,17.904999892008547,15.60102367401123,15.25356388092041,nan,nan,0.027201350648276446,1.3090810775756836,0.36893558502197266
adaptive_shard_00014.pt:2,adaptive_shard_00014.pt,2,medium,1.0,18.783464431762695,2,1,v2,nan,nan,nan,17.783362067496228,14.632582664489746,15.003592491149902,nan,nan,-0.09443647386404308,0.3406400680541992,0.11896419525146484
adaptive_shard_00014.pt:3,adaptive_shard_00014.pt,3,heavy,1.0,9.076494216918945,2,3,degraded,nan,nan,nan,8.615078183076365,34.20438003540039,40.97380447387695,nan,nan,-7.426586378352381,19.781004905700684,25.74662685394287
adaptive_shard_00014.pt:3,adaptive_shard_00014.pt,3,heavy,1.0,9.076494216918945,2,3,base,nan,nan,nan,16.041664561428746,14.423375129699707,15.227177619934082,nan,nan,0.0,0.0,0.0
adaptive_shard_00014.pt:3,adaptive_shard_00014.pt,3,heavy,1.0,9.076494216918945,2,3,v1,nan,nan,nan,16.054779667053833,15.595731735229492,15.576226234436035,nan,nan,0.013115105625086443,1.1723566055297852,0.3490486145019531
adaptive_shard_00014.pt:3,adaptive_shard_00014.pt,3,heavy,1.0,9.076494216918945,2,3,v2,nan,nan,nan,15.945375116346954,15.219221115112305,15.500578880310059,nan,nan,-0.09628944508179238,0.7958459854125977,0.27340126037597656
adaptive_shard_00014.pt:12,adaptive_shard_00014.pt,12,clean,0.0,0.0,0,0,degraded,nan,nan,nan,114.72647742211885,37.670955657958984,37.67021560668945,nan,nan,122.08270410838182,29.91623878479004,31.66834020614624
adaptive_shard_00014.pt:12,adaptive_shard_00014.pt,12,clean,0.0,0.0,0,0,base,nan,nan,nan,-7.356226686262976,7.754716873168945,6.001875400543213,nan,nan,0.0,0.0,0.0
adaptive_shard_00014.pt:12,adaptive_shard_00014.pt,12,clean,0.0,0.0,0,0,v1,nan,nan,nan,-7.214921669697993,9.477590560913086,9.020584106445312,nan,nan,0.1413050165649823,1.7228736877441406,3.0187087059020996
adaptive_shard_00014.pt:12,adaptive_shard_00014.pt,12,clean,0.0,0.0,0,0,v2,nan,nan,nan,-7.70117385664177,10.205757141113281,8.924168586730957,nan,nan,-0.3449471703787941,2.451040267944336,2.922293186187744
adaptive_shard_00014.pt:13,adaptive_shard_00014.pt,13,light,0.0,0.0,1,2,degraded,nan,nan,nan,17.040818995505646,51.360313415527344,50.66773223876953,nan,nan,22.221766641824573,38.42757606506348,39.13663291931152
adaptive_shard_00014.pt:13,adaptive_shard_00014.pt,13,light,0.0,0.0,1,2,base,nan,nan,nan,-5.180947646318925,12.932737350463867,11.531099319458008,nan,nan,0.0,0.0,0.0
adaptive_shard_00014.pt:13,adaptive_shard_00014.pt,13,light,0.0,0.0,1,2,v1,nan,nan,nan,-5.165830881507661,11.452836990356445,10.759427070617676,nan,nan,0.015116764811264005,-1.4799003601074219,-0.771672248840332
adaptive_shard_00014.pt:13,adaptive_shard_00014.pt,13,light,0.0,0.0,1,2,v2,nan,nan,nan,-5.607738024920258,12.02393913269043,11.269865989685059,nan,nan,-0.42679037860133295,-0.9087982177734375,-0.2612333297729492
adaptive_shard_00014.pt:14,adaptive_shard_00014.pt,14,medium,1.0,23.59246826171875,2,1,degraded,nan,nan,nan,22.427083999837674,51.59535598754883,53.710235595703125,nan,nan,28.52234623099013,39.967668533325195,42.65682506561279
adaptive_shard_00014.pt:14,adaptive_shard_00014.pt,14,medium,1.0,23.59246826171875,2,1,base,nan,nan,nan,-6.095262231152456,11.627687454223633,11.053410530090332,nan,nan,0.0,0.0,0.0
adaptive_shard_00014.pt:14,adaptive_shard_00014.pt,14,medium,1.0,23.59246826171875,2,1,v1,nan,nan,nan,-5.984407502868162,10.54421615600586,10.394219398498535,nan,nan,0.11085472828429399,-1.0834712982177734,-0.6591911315917969
adaptive_shard_00014.pt:14,adaptive_shard_00014.pt,14,medium,1.0,23.59246826171875,2,1,v2,nan,nan,nan,-6.442961225553544,11.250106811523438,10.890217781066895,nan,nan,-0.347698994401088,-0.3775806427001953,-0.1631927490234375
adaptive_shard_00014.pt:15,adaptive_shard_00014.pt,15,heavy,1.0,7.221816062927246,2,3,degraded,nan,nan,nan,2.362011845225803,63.90519332885742,66.49605560302734,nan,nan,10.065687867599625,44.282182693481445,47.51123809814453
adaptive_shard_00014.pt:15,adaptive_shard_00014.pt,15,heavy,1.0,7.221816062927246,2,3,base,nan,nan,nan,-7.703676022373822,19.623010635375977,18.984817504882812,nan,nan,0.0,0.0,0.0
adaptive_shard_00014.pt:15,adaptive_shard_00014.pt,15,heavy,1.0,7.221816062927246,2,3,v1,nan,nan,nan,-7.514462452362746,16.57076072692871,16.06191635131836,nan,nan,0.1892135700110753,-3.0522499084472656,-2.922901153564453
adaptive_shard_00014.pt:15,adaptive_shard_00014.pt,15,heavy,1.0,7.221816062927246,2,3,v2,nan,nan,nan,-8.538545348508865,16.756681442260742,16.51369285583496,nan,nan,-0.8348693261350437,-2.8663291931152344,-2.4711246490478516
adaptive_shard_00014.pt:88,adaptive_shard_00014.pt,88,clean,0.0,0.0,0,0,degraded,nan,nan,nan,94.78303379956016,4.524593353271484,4.524445533752441,nan,nan,72.58615715337771,-15.22703742980957,-15.976126670837402
adaptive_shard_00014.pt:88,adaptive_shard_00014.pt,88,clean,0.0,0.0,0,0,base,nan,nan,nan,22.19687664618245,19.751630783081055,20.500572204589844,nan,nan,0.0,0.0,0.0
adaptive_shard_00014.pt:88,adaptive_shard_00014.pt,88,clean,0.0,0.0,0,0,v1,nan,nan,nan,21.726727725364793,7.821677207946777,6.701156139373779,nan,nan,-0.4701489208176568,-11.929953575134277,-13.799416065216064
adaptive_shard_00014.pt:88,adaptive_shard_00014.pt,88,clean,0.0,0.0,0,0,v2,nan,nan,nan,21.811796021764383,7.822000026702881,7.482700347900391,nan,nan,-0.385080624418066,-11.929630756378174,-13.017871856689453
adaptive_shard_00014.pt:89,adaptive_shard_00014.pt,89,light,0.0,0.0,1,2,degraded,nan,nan,nan,26.887327233952405,16.445159912109375,17.166431427001953,nan,nan,6.5636108047866095,-0.12101364135742188,-0.6779861450195312
adaptive_shard_00014.pt:89,adaptive_shard_00014.pt,89,light,0.0,0.0,1,2,base,nan,nan,nan,20.323716429165795,16.566173553466797,17.844417572021484,nan,nan,0.0,0.0,0.0
adaptive_shard_00014.pt:89,adaptive_shard_00014.pt,89,light,0.0,0.0,1,2,v1,nan,nan,nan,20.093265719158975,9.777158737182617,9.7820463180542,nan,nan,-0.2304507100068207,-6.78901481628418,-8.062371253967285
adaptive_shard_00014.pt:89,adaptive_shard_00014.pt,89,light,0.0,0.0,1,2,v2,nan,nan,nan,20.11600023310045,12.428174018859863,15.958783149719238,nan,nan,-0.20771619606534486,-4.137999534606934,-1.885634422302246
adaptive_shard_00014.pt:90,adaptive_shard_00014.pt,90,medium,1.0,23.81467628479004,2,1,degraded,nan,nan,nan,20.537699625715945,31.86916732788086,35.237510681152344,nan,nan,-0.04371176802450094,19.511144638061523,22.2130184173584
adaptive_shard_00014.pt:90,adaptive_shard_00014.pt,90,medium,1.0,23.81467628479004,2,1,base,nan,nan,nan,20.581411393740446,12.358022689819336,13.024492263793945,nan,nan,0.0,0.0,0.0
adaptive_shard_00014.pt:90,adaptive_shard_00014.pt,90,medium,1.0,23.81467628479004,2,1,v1,nan,nan,nan,20.561598056049316,11.978428840637207,12.609709739685059,nan,nan,-0.019813337691129362,-0.3795938491821289,-0.4147825241088867
adaptive_shard_00014.pt:90,adaptive_shard_00014.pt,90,medium,1.0,23.81467628479004,2,1,v2,nan,nan,nan,20.375836553303145,11.74559497833252,13.079150199890137,nan,nan,-0.20557484043730057,-0.6124277114868164,0.054657936096191406
adaptive_shard_00014.pt:91,adaptive_shard_00014.pt,91,heavy,1.0,8.412433624267578,2,3,degraded,nan,nan,nan,8.205272237043106,45.08539581298828,48.8894157409668,nan,nan,-10.155186851093747,32.76245403289795,36.128220558166504
adaptive_shard_00014.pt:91,adaptive_shard_00014.pt,91,heavy,1.0,8.412433624267578,2,3,base,nan,nan,nan,18.360459088136853,12.322941780090332,12.761195182800293,nan,nan,0.0,0.0,0.0
adaptive_shard_00014.pt:91,adaptive_shard_00014.pt,91,heavy,1.0,8.412433624267578,2,3,v1,nan,nan,nan,18.307866781029382,12.252082824707031,12.638242721557617,nan,nan,-0.05259230710747076,-0.07085895538330078,-0.12295246124267578
adaptive_shard_00014.pt:91,adaptive_shard_00014.pt,91,heavy,1.0,8.412433624267578,2,3,v2,nan,nan,nan,18.245066991876666,12.011978149414062,12.393279075622559,nan,nan,-0.11539209626018732,-0.31096363067626953,-0.3679161071777344
adaptive_shard_00014.pt:92,adaptive_shard_00014.pt,92,clean,0.0,0.0,0,0,degraded,nan,nan,nan,104.72257259251165,5.054956912994385,5.054939270019531,nan,nan,86.17483494942492,-11.051652431488037,-11.380399703979492
adaptive_shard_00014.pt:92,adaptive_shard_00014.pt,92,clean,0.0,0.0,0,0,base,nan,nan,nan,18.547737643086734,16.106609344482422,16.435338973999023,nan,nan,0.0,0.0,0.0
adaptive_shard_00014.pt:92,adaptive_shard_00014.pt,92,clean,0.0,0.0,0,0,v1,nan,nan,nan,18.792915784273784,7.749377250671387,5.770341873168945,nan,nan,0.2451781411870506,-8.357232093811035,-10.664997100830078
adaptive_shard_00014.pt:92,adaptive_shard_00014.pt,92,clean,0.0,0.0,0,0,v2,nan,nan,nan,18.464280222171755,8.234685897827148,8.236502647399902,nan,nan,-0.08345742091497854,-7.871923446655273,-8.198836326599121
adaptive_shard_00014.pt:93,adaptive_shard_00014.pt,93,light,0.0,0.0,1,2,degraded,nan,nan,nan,24.75049855988844,14.799332618713379,15.976393699645996,nan,nan,7.784878348109029,-1.3299837112426758,-2.2180376052856445
adaptive_shard_00014.pt:93,adaptive_shard_00014.pt,93,light,0.0,0.0,1,2,base,nan,nan,nan,16.965620211779413,16.129316329956055,18.19443130493164,nan,nan,0.0,0.0,0.0
adaptive_shard_00014.pt:93,adaptive_shard_00014.pt,93,light,0.0,0.0,1,2,v1,nan,nan,nan,17.14349017934419,11.131056785583496,11.32068157196045,nan,nan,0.1778699675647779,-4.998259544372559,-6.873749732971191
adaptive_shard_00014.pt:93,adaptive_shard_00014.pt,93,light,0.0,0.0,1,2,v2,nan,nan,nan,16.962524252410553,13.072649955749512,16.698034286499023,nan,nan,-0.0030959593688599796,-3.056666374206543,-1.4963970184326172
adaptive_shard_00014.pt:94,adaptive_shard_00014.pt,94,medium,1.0,16.952701568603516,2,2,degraded,nan,nan,nan,15.72443229637663,34.78608322143555,39.07371139526367,nan,nan,-3.151248913065128,22.527817726135254,26.030943870544434
adaptive_shard_00014.pt:94,adaptive_shard_00014.pt,94,medium,1.0,16.952701568603516,2,2,base,nan,nan,nan,18.87568120944176,12.258265495300293,13.042767524719238,nan,nan,0.0,0.0,0.0
adaptive_shard_00014.pt:94,adaptive_shard_00014.pt,94,medium,1.0,16.952701568603516,2,2,v1,nan,nan,nan,19.101365060481324,12.876701354980469,13.30901050567627,nan,nan,0.225683851039566,0.6184358596801758,0.26624298095703125
adaptive_shard_00014.pt:94,adaptive_shard_00014.pt,94,medium,1.0,16.952701568603516,2,2,v2,nan,nan,nan,18.808454876234695,12.580158233642578,13.32520580291748,nan,nan,-0.0672263332070635,0.32189273834228516,0.2824382781982422
adaptive_shard_00014.pt:95,adaptive_shard_00014.pt,95,heavy,1.0,6.998905658721924,2,3,degraded,nan,nan,nan,6.784995399289688,43.325130462646484,48.12269973754883,nan,nan,-9.113329449508658,29.649795532226562,33.910027503967285
adaptive_shard_00014.pt:95,adaptive_shard_00014.pt,95,heavy,1.0,6.998905658721924,2,3,base,nan,nan,nan,15.898324848798346,13.675334930419922,14.212672233581543,nan,nan,0.0,0.0,0.0
adaptive_shard_00014.pt:95,adaptive_shard_00014.pt,95,heavy,1.0,6.998905658721924,2,3,v1,nan,nan,nan,16.05933038994301,13.637535095214844,13.859614372253418,nan,nan,0.16100554114466448,-0.037799835205078125,-0.353057861328125
adaptive_shard_00014.pt:95,adaptive_shard_00014.pt,95,heavy,1.0,6.998905658721924,2,3,v2,nan,nan,nan,15.926275235479846,13.748005867004395,13.865168571472168,nan,nan,0.02795038668149985,0.07267093658447266,-0.347503662109375
adaptive_shard_00015.pt:12,adaptive_shard_00015.pt,12,clean,0.0,0.0,0,0,degraded,nan,nan,nan,105.8502853585884,6.244302749633789,6.244271278381348,nan,nan,84.59138131744984,-7.606245040893555,-7.446549415588379
adaptive_shard_00015.pt:12,adaptive_shard_00015.pt,12,clean,0.0,0.0,0,0,base,nan,nan,nan,21.258904041138557,13.850547790527344,13.690820693969727,nan,nan,0.0,0.0,0.0
adaptive_shard_00015.pt:12,adaptive_shard_00015.pt,12,clean,0.0,0.0,0,0,v1,nan,nan,nan,20.9335276343733,7.801853656768799,6.551181793212891,nan,nan,-0.32537640676525825,-6.048694133758545,-7.139638900756836
adaptive_shard_00015.pt:12,adaptive_shard_00015.pt,12,clean,0.0,0.0,0,0,v2,nan,nan,nan,20.894849492834155,7.881746292114258,7.951207160949707,nan,nan,-0.3640545483044022,-5.968801498413086,-5.7396135330200195
adaptive_shard_00015.pt:13,adaptive_shard_00015.pt,13,light,0.0,0.0,1,1,degraded,nan,nan,nan,29.972002736709534,11.329110145568848,13.322772026062012,nan,nan,8.845222898450736,-6.792586326599121,-7.638154029846191
adaptive_shard_00015.pt:13,adaptive_shard_00015.pt,13,light,0.0,0.0,1,1,base,nan,nan,nan,21.1267798382588,18.12169647216797,20.960926055908203,nan,nan,0.0,0.0,0.0
adaptive_shard_00015.pt:13,adaptive_shard_00015.pt,13,light,0.0,0.0,1,1,v1,nan,nan,nan,20.804590539551505,11.529339790344238,12.171764373779297,nan,nan,-0.3221892987072934,-6.5923566818237305,-8.789161682128906
adaptive_shard_00015.pt:13,adaptive_shard_00015.pt,13,light,0.0,0.0,1,1,v2,nan,nan,nan,20.79173368466314,14.480878829956055,19.14664649963379,nan,nan,-0.33504615359565904,-3.640817642211914,-1.814279556274414
adaptive_shard_00015.pt:14,adaptive_shard_00015.pt,14,medium,1.0,23.524677276611328,2,1,degraded,nan,nan,nan,17.350616907280752,26.57691764831543,31.38201141357422,nan,nan,0.3820280308256585,13.347783088684082,16.76813793182373
adaptive_shard_00015.pt:14,adaptive_shard_00015.pt,14,medium,1.0,23.524677276611328,2,1,base,nan,nan,nan,16.968588876455094,13.229134559631348,14.613873481750488,nan,nan,0.0,0.0,0.0
adaptive_shard_00015.pt:14,adaptive_shard_00015.pt,14,medium,1.0,23.524677276611328,2,1,v1,nan,nan,nan,17.179603875216145,13.25634479522705,13.843168258666992,nan,nan,0.21101499876105123,0.027210235595703125,-0.7707052230834961
adaptive_shard_00015.pt:14,adaptive_shard_00015.pt,14,medium,1.0,23.524677276611328,2,1,v2,nan,nan,nan,16.930674380212494,13.030070304870605,14.62215805053711,nan,nan,-0.03791449624259968,-0.1990642547607422,0.008284568786621094
adaptive_shard_00015.pt:15,adaptive_shard_00015.pt,15,heavy,1.0,9.576471328735352,2,3,degraded,nan,nan,nan,8.94901720301278,38.09768295288086,43.99906921386719,nan,nan,-5.652939451067432,25.465858459472656,30.768516540527344
adaptive_shard_00015.pt:15,adaptive_shard_00015.pt,15,heavy,1.0,9.576471328735352,2,3,base,nan,nan,nan,14.601956654080212,12.631824493408203,13.230552673339844,nan,nan,0.0,0.0,0.0
adaptive_shard_00015.pt:15,adaptive_shard_00015.pt,15,heavy,1.0,9.576471328735352,2,3,v1,nan,nan,nan,14.777729629663865,13.113298416137695,13.356945991516113,nan,nan,0.17577297558365323,0.4814739227294922,0.12639331817626953
adaptive_shard_00015.pt:15,adaptive_shard_00015.pt,15,heavy,1.0,9.576471328735352,2,3,v2,nan,nan,nan,14.61007446380412,12.947385787963867,13.400754928588867,nan,nan,0.008117809723907854,0.31556129455566406,0.17020225524902344
adaptive_shard_00015.pt:60,adaptive_shard_00015.pt,60,clean,0.0,0.0,0,0,degraded,nan,nan,nan,97.60780138783718,2.2091143131256104,2.2091777324676514,nan,nan,71.04843596787299,-11.920688390731812,-12.422477006912231
adaptive_shard_00015.pt:60,adaptive_shard_00015.pt,60,clean,0.0,0.0,0,0,base,nan,nan,nan,26.5593654199642,14.129802703857422,14.631654739379883,nan,nan,0.0,0.0,0.0
adaptive_shard_00015.pt:60,adaptive_shard_00015.pt,60,clean,0.0,0.0,0,0,v1,nan,nan,nan,24.5620474063788,7.896893501281738,6.331988334655762,nan,nan,-1.997318013585403,-6.232909202575684,-8.299666404724121
adaptive_shard_00015.pt:60,adaptive_shard_00015.pt,60,clean,0.0,0.0,0,0,v2,nan,nan,nan,24.79053923059842,8.246319770812988,7.696101188659668,nan,nan,-1.7688261893657824,-5.883482933044434,-6.935553550720215
adaptive_shard_00015.pt:61,adaptive_shard_00015.pt,61,light,0.0,0.0,1,1,degraded,nan,nan,nan,23.925352182817047,11.138564109802246,13.820194244384766,nan,nan,1.7649028596266767,-6.895001411437988,-7.381252288818359
adaptive_shard_00015.pt:61,adaptive_shard_00015.pt,61,light,0.0,0.0,1,1,base,nan,nan,nan,22.16044932319037,18.033565521240234,21.201446533203125,nan,nan,0.0,0.0,0.0
adaptive_shard_00015.pt:61,adaptive_shard_00015.pt,61,light,0.0,0.0,1,1,v1,nan,nan,nan,21.628331564039456,11.530271530151367,12.338693618774414,nan,nan,-0.5321177591509141,-6.503293991088867,-8.862752914428711
adaptive_shard_00015.pt:61,adaptive_shard_00015.pt,61,light,0.0,0.0,1,1,v2,nan,nan,nan,21.8808401159492,14.66243839263916,19.28290367126465,nan,nan,-0.2796092072411689,-3.371127128601074,-1.9185428619384766
adaptive_shard_00015.pt:62,adaptive_shard_00015.pt,62,medium,1.0,15.844286918640137,2,1,degraded,nan,nan,nan,12.681052281341596,34.292503356933594,39.1131706237793,nan,nan,-2.159118159185571,21.802059173583984,25.65128993988037
adaptive_shard_00015.pt:62,adaptive_shard_00015.pt,62,medium,1.0,15.844286918640137,2,1,base,nan,nan,nan,14.840170440527167,12.49044418334961,13.461880683898926,nan,nan,0.0,0.0,0.0
adaptive_shard_00015.pt:62,adaptive_shard_00015.pt,62,medium,1.0,15.844286918640137,2,1,v1,nan,nan,nan,14.811800236522895,13.248906135559082,13.774672508239746,nan,nan,-0.028370204004271926,0.7584619522094727,0.3127918243408203
adaptive_shard_00015.pt:62,adaptive_shard_00015.pt,62,medium,1.0,15.844286918640137,2,1,v2,nan,nan,nan,14.73188255794016,12.710864067077637,13.645115852355957,nan,nan,-0.10828788258700683,0.22041988372802734,0.18323516845703125
adaptive_shard_00015.pt:63,adaptive_shard_00015.pt,63,heavy,1.0,6.594119071960449,2,3,degraded,nan,nan,nan,5.93572814650172,42.22086715698242,47.46379089355469,nan,nan,-7.171268581452326,29.30115509033203,33.659467697143555
adaptive_shard_00015.pt:63,adaptive_shard_00015.pt,63,heavy,1.0,6.594119071960449,2,3,base,nan,nan,nan,13.106996727954046,12.91971206665039,13.804323196411133,nan,nan,0.0,0.0,0.0
adaptive_shard_00015.pt:63,adaptive_shard_00015.pt,63,heavy,1.0,6.594119071960449,2,3,v1,nan,nan,nan,13.053674058728134,13.188767433166504,13.723965644836426,nan,nan,-0.05332266922591167,0.2690553665161133,-0.08035755157470703
adaptive_shard_00015.pt:63,adaptive_shard_00015.pt,63,heavy,1.0,6.594119071960449,2,3,v2,nan,nan,nan,12.881910586973442,13.066646575927734,13.599053382873535,nan,nan,-0.2250861409806042,0.14693450927734375,-0.20526981353759766
adaptive_shard_00016.pt:16,adaptive_shard_00016.pt,16,clean,0.0,0.0,0,0,degraded,nan,nan,nan,107.5509533861006,15.335394859313965,15.335363388061523,nan,nan,94.8227650630349,4.039333343505859,3.27520751953125
adaptive_shard_00016.pt:16,adaptive_shard_00016.pt,16,clean,0.0,0.0,0,0,base,nan,nan,nan,12.728188323065705,11.296061515808105,12.060155868530273,nan,nan,0.0,0.0,0.0
adaptive_shard_00016.pt:16,adaptive_shard_00016.pt,16,clean,0.0,0.0,0,0,v1,nan,nan,nan,12.907839166200448,8.764392852783203,7.998453617095947,nan,nan,0.179650843134743,-2.5316686630249023,-4.061702251434326
adaptive_shard_00016.pt:16,adaptive_shard_00016.pt,16,clean,0.0,0.0,0,0,v2,nan,nan,nan,12.769204985877547,9.273502349853516,8.857909202575684,nan,nan,0.0410166628118418,-2.02255916595459,-3.20224666595459
adaptive_shard_00016.pt:17,adaptive_shard_00016.pt,17,light,0.0,0.0,1,1,degraded,nan,nan,nan,24.135953451792872,20.82561492919922,21.092618942260742,nan,nan,11.191398811328442,7.978862762451172,7.2193403244018555
adaptive_shard_00016.pt:17,adaptive_shard_00016.pt,17,light,0.0,0.0,1,1,base,nan,nan,nan,12.94455464046443,12.846752166748047,13.873278617858887,nan,nan,0.0,0.0,0.0
adaptive_shard_00016.pt:17,adaptive_shard_00016.pt,17,light,0.0,0.0,1,1,v1,nan,nan,nan,13.12353289774661,9.730057716369629,9.46121883392334,nan,nan,0.1789782572821803,-3.116694450378418,-4.412059783935547
adaptive_shard_00016.pt:17,adaptive_shard_00016.pt,17,light,0.0,0.0,1,1,v2,nan,nan,nan,12.997010716508166,11.336538314819336,12.859803199768066,nan,nan,0.05245607604373603,-1.510213851928711,-1.0134754180908203
adaptive_shard_00016.pt:18,adaptive_shard_00016.pt,18,medium,1.0,19.92470932006836,2,1,degraded,nan,nan,nan,17.646165245184733,40.1816291809082,43.911964416503906,nan,nan,2.392526079766329,28.2690372467041,32.38999652862549
adaptive_shard_00016.pt:18,adaptive_shard_00016.pt,18,medium,1.0,19.92470932006836,2,1,base,nan,nan,nan,15.253639165418404,11.912591934204102,11.521967887878418,nan,nan,0.0,0.0,0.0
adaptive_shard_00016.pt:18,adaptive_shard_00016.pt,18,medium,1.0,19.92470932006836,2,1,v1,nan,nan,nan,15.675247475900198,11.5049409866333,11.301194190979004,nan,nan,0.42160831048179404,-0.4076509475708008,-0.22077369689941406
adaptive_shard_00016.pt:18,adaptive_shard_00016.pt,18,medium,1.0,19.92470932006836,2,1,v2,nan,nan,nan,15.293763200497308,11.633245468139648,11.646844863891602,nan,nan,0.04012403507890383,-0.2793464660644531,0.1248769760131836
adaptive_shard_00016.pt:19,adaptive_shard_00016.pt,19,heavy,1.0,8.845209121704102,2,3,degraded,nan,nan,nan,8.224567845024259,50.00678634643555,54.188087463378906,nan,nan,-6.139760753795336,36.17390155792236,40.75539684295654
adaptive_shard_00016.pt:19,adaptive_shard_00016.pt,19,heavy,1.0,8.845209121704102,2,3,base,nan,nan,nan,14.364328598819595,13.832884788513184,13.432690620422363,nan,nan,0.0,0.0,0.0
adaptive_shard_00016.pt:19,adaptive_shard_00016.pt,19,heavy,1.0,8.845209121704102,2,3,v1,nan,nan,nan,14.592411575905517,12.547974586486816,12.223362922668457,nan,nan,0.22808297708592207,-1.2849102020263672,-1.2093276977539062
adaptive_shard_00016.pt:19,adaptive_shard_00016.pt,19,heavy,1.0,8.845209121704102,2,3,v2,nan,nan,nan,14.35592627370225,12.651041984558105,12.215373992919922,nan,nan,-0.008402325117344844,-1.1818428039550781,-1.2173166275024414
adaptive_shard_00016.pt:64,adaptive_shard_00016.pt,64,clean,0.0,0.0,0,0,degraded,nan,nan,nan,108.26790560360337,8.116917610168457,8.117025375366211,nan,nan,83.85890123546866,-3.990713119506836,-4.476154327392578
adaptive_shard_00016.pt:64,adaptive_shard_00016.pt,64,clean,0.0,0.0,0,0,base,nan,nan,nan,24.4090043681347,12.107630729675293,12.593179702758789,nan,nan,0.0,0.0,0.0
adaptive_shard_00016.pt:64,adaptive_shard_00016.pt,64,clean,0.0,0.0,0,0,v1,nan,nan,nan,24.23646020648617,6.674515247344971,6.1326189041137695,nan,nan,-0.1725441616485277,-5.433115482330322,-6.4605607986450195
adaptive_shard_00016.pt:64,adaptive_shard_00016.pt,64,clean,0.0,0.0,0,0,v2,nan,nan,nan,23.67969686520408,7.046469211578369,6.663983345031738,nan,nan,-0.7293075029306202,-5.061161518096924,-5.929196357727051
adaptive_shard_00016.pt:65,adaptive_shard_00016.pt,65,light,0.0,0.0,1,1,degraded,nan,nan,nan,26.989725593043723,13.476112365722656,14.385738372802734,nan,nan,3.8676490552482754,0.5552310943603516,-0.9904594421386719
adaptive_shard_00016.pt:65,adaptive_shard_00016.pt,65,light,0.0,0.0,1,1,base,nan,nan,nan,23.122076537795447,12.920881271362305,15.376197814941406,nan,nan,0.0,0.0,0.0
adaptive_shard_00016.pt:65,adaptive_shard_00016.pt,65,light,0.0,0.0,1,1,v1,nan,nan,nan,23.057608079886226,9.370800018310547,10.670668601989746,nan,nan,-0.0644684579092214,-3.550081253051758,-4.70552921295166
adaptive_shard_00016.pt:65,adaptive_shard_00016.pt,65,light,0.0,0.0,1,1,v2,nan,nan,nan,22.713926261085902,11.292142868041992,14.339667320251465,nan,nan,-0.40815027670954507,-1.6287384033203125,-1.0365304946899414
adaptive_shard_00016.pt:66,adaptive_shard_00016.pt,66,medium,1.0,19.041004180908203,2,1,degraded,nan,nan,nan,15.096444012508465,35.62726974487305,40.605892181396484,nan,nan,-1.3466337370134926,22.69614601135254,27.001864433288574
adaptive_shard_00016.pt:66,adaptive_shard_00016.pt,66,medium,1.0,19.041004180908203,2,1,base,nan,nan,nan,16.443077749521958,12.931123733520508,13.60402774810791,nan,nan,0.0,0.0,0.0
adaptive_shard_00016.pt:66,adaptive_shard_00016.pt,66,medium,1.0,19.041004180908203,2,1,v1,nan,nan,nan,16.559470412735784,12.890151977539062,13.878327369689941,nan,nan,0.11639266321382635,-0.04097175598144531,0.27429962158203125
adaptive_shard_00016.pt:66,adaptive_shard_00016.pt,66,medium,1.0,19.041004180908203,2,1,v2,nan,nan,nan,16.363041025386085,12.857649803161621,13.99695873260498,nan,nan,-0.08003672413587282,-0.07347393035888672,0.3929309844970703
adaptive_shard_00016.pt:67,adaptive_shard_00016.pt,67,heavy,1.0,7.678317070007324,2,3,degraded,nan,nan,nan,7.1074991483261005,45.481868743896484,51.31222915649414,nan,nan,-6.913708029447422,30.64151382446289,36.001036643981934
adaptive_shard_00016.pt:67,adaptive_shard_00016.pt,67,heavy,1.0,7.678317070007324,2,3,base,nan,nan,nan,14.021207177773523,14.840354919433594,15.311192512512207,nan,nan,0.0,0.0,0.0
adaptive_shard_00016.pt:67,adaptive_shard_00016.pt,67,heavy,1.0,7.678317070007324,2,3,v1,nan,nan,nan,14.020340390054669,13.7841796875,14.31708812713623,nan,nan,-0.0008667877188539563,-1.0561752319335938,-0.9941043853759766
adaptive_shard_00016.pt:67,adaptive_shard_00016.pt,67,heavy,1.0,7.678317070007324,2,3,v2,nan,nan,nan,13.882835654776539,13.873517036437988,14.32229995727539,nan,nan,-0.13837152299698374,-0.9668378829956055,-0.9888925552368164
adaptive_shard_00016.pt:80,adaptive_shard_00016.pt,80,clean,0.0,0.0,0,0,degraded,nan,nan,nan,106.74382560294421,6.494672775268555,6.494658946990967,nan,nan,86.79023913716517,-1.8713016510009766,-2.3045382499694824
adaptive_shard_00016.pt:80,adaptive_shard_00016.pt,80,clean,0.0,0.0,0,0,base,nan,nan,nan,19.953586465779047,8.365974426269531,8.79919719696045,nan,nan,0.0,0.0,0.0
adaptive_shard_00016.pt:80,adaptive_shard_00016.pt,80,clean,0.0,0.0,0,0,v1,nan,nan,nan,20.210426129656565,5.80647087097168,6.312076568603516,nan,nan,0.25683966387751767,-2.5595035552978516,-2.4871206283569336
adaptive_shard_00016.pt:80,adaptive_shard_00016.pt,80,clean,0.0,0.0,0,0,v2,nan,nan,nan,19.501259609888358,6.749415874481201,7.500697612762451,nan,nan,-0.4523268558906892,-1.61655855178833,-1.298499584197998
adaptive_shard_00016.pt:81,adaptive_shard_00016.pt,81,light,0.0,0.0,1,2,degraded,nan,nan,nan,20.505853149557215,14.944073677062988,17.407419204711914,nan,nan,3.2319252695793104,3.801666259765625,4.0315704345703125
adaptive_shard_00016.pt:81,adaptive_shard_00016.pt,81,light,0.0,0.0,1,2,base,nan,nan,nan,17.273927879977904,11.142407417297363,13.375848770141602,nan,nan,0.0,0.0,0.0
adaptive_shard_00016.pt:81,adaptive_shard_00016.pt,81,light,0.0,0.0,1,2,v1,nan,nan,nan,17.457799655075966,9.303123474121094,11.168952941894531,nan,nan,0.18387177509806207,-1.8392839431762695,-2.2068958282470703
adaptive_shard_00016.pt:81,adaptive_shard_00016.pt,81,light,0.0,0.0,1,2,v2,nan,nan,nan,17.152763930116596,10.17085075378418,12.83829402923584,nan,nan,-0.12116394986130885,-0.9715566635131836,-0.5375547409057617
adaptive_shard_00016.pt:82,adaptive_shard_00016.pt,82,medium,1.0,21.14031410217285,2,2,degraded,nan,nan,nan,16.20554829370356,28.895009994506836,34.53304672241211,nan,nan,-0.36814010260019003,16.05328369140625,20.044889450073242
adaptive_shard_00016.pt:82,adaptive_shard_00016.pt,82,medium,1.0,21.14031410217285,2,2,base,nan,nan,nan,16.57368839630375,12.841726303100586,14.488157272338867,nan,nan,0.0,0.0,0.0
adaptive_shard_00016.pt:82,adaptive_shard_00016.pt,82,medium,1.0,21.14031410217285,2,2,v1,nan,nan,nan,16.69431612960791,12.826601028442383,14.701172828674316,nan,nan,0.12062773330415766,-0.015125274658203125,0.21301555633544922
adaptive_shard_00016.pt:82,adaptive_shard_00016.pt,82,medium,1.0,21.14031410217285,2,2,v2,nan,nan,nan,16.41572423690566,12.934106826782227,14.833827018737793,nan,nan,-0.15796415939809094,0.09238052368164062,0.3456697463989258
adaptive_shard_00016.pt:83,adaptive_shard_00016.pt,83,heavy,1.0,7.9864935874938965,2,3,degraded,nan,nan,nan,7.475003699712727,39.32548904418945,45.79873275756836,nan,nan,-6.60863410831914,25.249862670898438,30.823030471801758
adaptive_shard_00016.pt:83,adaptive_shard_00016.pt,83,heavy,1.0,7.9864935874938965,2,3,base,nan,nan,nan,14.083637808031867,14.075626373291016,14.975702285766602,nan,nan,0.0,0.0,0.0
adaptive_shard_00016.pt:83,adaptive_shard_00016.pt,83,heavy,1.0,7.9864935874938965,2,3,v1,nan,nan,nan,14.10314902132679,13.50893497467041,14.272345542907715,nan,nan,0.01951121329492267,-0.5666913986206055,-0.7033567428588867
adaptive_shard_00016.pt:83,adaptive_shard_00016.pt,83,heavy,1.0,7.9864935874938965,2,3,v2,nan,nan,nan,14.048758513139079,13.542834281921387,14.27928638458252,nan,nan,-0.03487929489278763,-0.5327920913696289,-0.696415901184082
adaptive_shard_00017.pt:24,adaptive_shard_00017.pt,24,clean,0.0,0.0,0,0,degraded,nan,nan,nan,109.21189335974913,15.097311019897461,15.0972900390625,nan,nan,90.64354025958963,3.6692934036254883,4.212928771972656
adaptive_shard_00017.pt:24,adaptive_shard_00017.pt,24,clean,0.0,0.0,0,0,base,nan,nan,nan,18.568353100159506,11.428017616271973,10.884361267089844,nan,nan,0.0,0.0,0.0
adaptive_shard_00017.pt:24,adaptive_shard_00017.pt,24,clean,0.0,0.0,0,0,v1,nan,nan,nan,18.74976491108523,8.60425853729248,8.300915718078613,nan,nan,0.18141181092572367,-2.823759078979492,-2.5834455490112305
adaptive_shard_00017.pt:24,adaptive_shard_00017.pt,24,clean,0.0,0.0,0,0,v2,nan,nan,nan,18.52346148358243,8.777146339416504,8.0632963180542,nan,nan,-0.04489161657707541,-2.6508712768554688,-2.8210649490356445
adaptive_shard_00017.pt:25,adaptive_shard_00017.pt,25,light,0.0,0.0,1,2,degraded,nan,nan,nan,27.788954384020464,23.886722564697266,25.306827545166016,nan,nan,10.278631376279616,11.119589805603027,12.205598831176758
adaptive_shard_00017.pt:25,adaptive_shard_00017.pt,25,light,0.0,0.0,1,2,base,nan,nan,nan,17.510323007740848,12.767132759094238,13.101228713989258,nan,nan,0.0,0.0,0.0
adaptive_shard_00017.pt:25,adaptive_shard_00017.pt,25,light,0.0,0.0,1,2,v1,nan,nan,nan,17.719521674742076,10.296379089355469,10.929590225219727,nan,nan,0.20919866700122824,-2.4707536697387695,-2.1716384887695312
adaptive_shard_00017.pt:25,adaptive_shard_00017.pt,25,light,0.0,0.0,1,2,v2,nan,nan,nan,17.511032141048105,11.114707946777344,12.388612747192383,nan,nan,0.0007091333072573036,-1.6524248123168945,-0.712615966796875
adaptive_shard_00017.pt:26,adaptive_shard_00017.pt,26,medium,1.0,23.7806339263916,2,1,degraded,nan,nan,nan,16.82471982486931,33.49613571166992,37.611690521240234,nan,nan,1.4122933759342189,20.946057319641113,25.3030424118042
adaptive_shard_00017.pt:26,adaptive_shard_00017.pt,26,medium,1.0,23.7806339263916,2,1,base,nan,nan,nan,15.41242644893509,12.550078392028809,12.308648109436035,nan,nan,0.0,0.0,0.0
adaptive_shard_00017.pt:26,adaptive_shard_00017.pt,26,medium,1.0,23.7806339263916,2,1,v1,nan,nan,nan,15.602954958300238,11.378947257995605,12.13638687133789,nan,nan,0.19052850936514787,-1.1711311340332031,-0.17226123809814453
adaptive_shard_00017.pt:26,adaptive_shard_00017.pt,26,medium,1.0,23.7806339263916,2,1,v2,nan,nan,nan,15.43519721570442,11.562779426574707,12.37930965423584,nan,nan,0.02277076676933021,-0.9872989654541016,0.07066154479980469
adaptive_shard_00017.pt:27,adaptive_shard_00017.pt,27,heavy,1.0,7.354537487030029,2,3,degraded,nan,nan,nan,6.748733423625107,46.74430847167969,52.57624053955078,nan,nan,-6.242521443702397,31.792359352111816,37.19899654388428
adaptive_shard_00017.pt:27,adaptive_shard_00017.pt,27,heavy,1.0,7.354537487030029,2,3,base,nan,nan,nan,12.991254867327504,14.951949119567871,15.377243995666504,nan,nan,0.0,0.0,0.0
adaptive_shard_00017.pt:27,adaptive_shard_00017.pt,27,heavy,1.0,7.354537487030029,2,3,v1,nan,nan,nan,13.102410511321674,13.413424491882324,14.148449897766113,nan,nan,0.1111556439941701,-1.5385246276855469,-1.2287940979003906
adaptive_shard_00017.pt:27,adaptive_shard_00017.pt,27,heavy,1.0,7.354537487030029,2,3,v2,nan,nan,nan,13.016203733204957,13.567562103271484,14.216547966003418,nan,nan,0.024948865877453485,-1.3843870162963867,-1.160696029663086
adaptive_shard_00017.pt:36,adaptive_shard_00017.pt,36,clean,0.0,0.0,0,0,degraded,nan,nan,nan,105.74840127984956,5.272899627685547,5.272905349731445,nan,nan,82.72240956768218,-3.803853988647461,-3.9731874465942383
adaptive_shard_00017.pt:36,adaptive_shard_00017.pt,36,clean,0.0,0.0,0,0,base,nan,nan,nan,23.025991712167375,9.076753616333008,9.246092796325684,nan,nan,0.0,0.0,0.0
adaptive_shard_00017.pt:36,adaptive_shard_00017.pt,36,clean,0.0,0.0,0,0,v1,nan,nan,nan,22.810192903172503,5.672533988952637,4.376749038696289,nan,nan,-0.21579880899487236,-3.404219627380371,-4.8693437576293945
adaptive_shard_00017.pt:36,adaptive_shard_00017.pt,36,clean,0.0,0.0,0,0,v2,nan,nan,nan,22.835733576313288,6.282106399536133,6.503659725189209,nan,nan,-0.19025813585408713,-2.794647216796875,-2.7424330711364746
adaptive_shard_00017.pt:37,adaptive_shard_00017.pt,37,light,0.0,0.0,1,2,degraded,nan,nan,nan,26.923878769322794,13.243077278137207,15.567837715148926,nan,nan,5.424789981964036,0.09873485565185547,0.33687496185302734
adaptive_shard_00017.pt:37,adaptive_shard_00017.pt,37,light,0.0,0.0,1,2,base,nan,nan,nan,21.499088787358758,13.144342422485352,15.230962753295898,nan,nan,0.0,0.0,0.0
adaptive_shard_00017.pt:37,adaptive_shard_00017.pt,37,light,0.0,0.0,1,2,v1,nan,nan,nan,21.615606026789504,10.091391563415527,10.957446098327637,nan,nan,0.11651723943074543,-3.052950859069824,-4.273516654968262
adaptive_shard_00017.pt:37,adaptive_shard_00017.pt,37,light,0.0,0.0,1,2,v2,nan,nan,nan,21.552780498058986,10.796656608581543,13.96597957611084,nan,nan,0.05369171070022816,-2.3476858139038086,-1.2649831771850586
adaptive_shard_00017.pt:38,adaptive_shard_00017.pt,38,medium,1.0,17.9527645111084,2,2,degraded,nan,nan,nan,15.530193688602496,30.019512176513672,34.48958969116211,nan,nan,-1.8509937949100301,17.59864044189453,20.526249885559082
adaptive_shard_00017.pt:38,adaptive_shard_00017.pt,38,medium,1.0,17.9527645111084,2,2,base,nan,nan,nan,17.381187483512527,12.42087173461914,13.963339805603027,nan,nan,0.0,0.0,0.0
adaptive_shard_00017.pt:38,adaptive_shard_00017.pt,38,medium,1.0,17.9527645111084,2,2,v1,nan,nan,nan,17.548801736227876,13.229491233825684,14.550859451293945,nan,nan,0.16761425271534947,0.808619499206543,0.587519645690918
adaptive_shard_00017.pt:38,adaptive_shard_00017.pt,38,medium,1.0,17.9527645111084,2,2,v2,nan,nan,nan,17.38553523275123,12.879324913024902,14.346966743469238,nan,nan,0.004347749238704068,0.4584531784057617,0.38362693786621094
adaptive_shard_00017.pt:39,adaptive_shard_00017.pt,39,heavy,1.0,5.750218391418457,2,3,degraded,nan,nan,nan,5.544745582345137,40.05942916870117,45.09406280517578,nan,nan,-9.46360560347929,26.3466739654541,30.3381290435791
adaptive_shard_00017.pt:39,adaptive_shard_00017.pt,39,heavy,1.0,5.750218391418457,2,3,base,nan,nan,nan,15.008351185824429,13.71275520324707,14.75593376159668,nan,nan,0.0,0.0,0.0
adaptive_shard_00017.pt:39,adaptive_shard_00017.pt,39,heavy,1.0,5.750218391418457,2,3,v1,nan,nan,nan,15.061825994847942,13.9535551071167,14.73913288116455,nan,nan,0.05347480902351265,0.2407999038696289,-0.016800880432128906
adaptive_shard_00017.pt:39,adaptive_shard_00017.pt,39,heavy,1.0,5.750218391418457,2,3,v2,nan,nan,nan,15.00397251287672,13.967679023742676,14.655332565307617,nan,nan,-0.004378672947709106,0.25492382049560547,-0.1006011962890625
adaptive_shard_00017.pt:48,adaptive_shard_00017.pt,48,clean,0.0,0.0,0,0,degraded,nan,nan,nan,104.55163631680982,8.75739860534668,8.7573823928833,nan,nan,90.17648296831067,-2.726548194885254,-3.3572998046875
adaptive_shard_00017.pt:48,adaptive_shard_00017.pt,48,clean,0.0,0.0,0,0,base,nan,nan,nan,14.375153348499147,11.483946800231934,12.1146821975708,nan,nan,0.0,0.0,0.0
adaptive_shard_00017.pt:48,adaptive_shard_00017.pt,48,clean,0.0,0.0,0,0,v1,nan,nan,nan,14.410721313097392,6.053378105163574,5.930349826812744,nan,nan,0.03556796459824518,-5.430568695068359,-6.184332370758057
adaptive_shard_00017.pt:48,adaptive_shard_00017.pt,48,clean,0.0,0.0,0,0,v2,nan,nan,nan,14.335543199669562,6.505361080169678,6.126583099365234,nan,nan,-0.0396101488295848,-4.978585720062256,-5.988099098205566
adaptive_shard_00017.pt:49,adaptive_shard_00017.pt,49,light,0.0,0.0,1,2,degraded,nan,nan,nan,22.952049248947336,17.97372055053711,19.106008529663086,nan,nan,5.116489797394021,4.572487831115723,4.077690124511719
adaptive_shard_00017.pt:49,adaptive_shard_00017.pt,49,light,0.0,0.0,1,2,base,nan,nan,nan,17.835559451553316,13.401232719421387,15.028318405151367,nan,nan,0.0,0.0,0.0
adaptive_shard_00017.pt:49,adaptive_shard_00017.pt,49,light,0.0,0.0,1,2,v1,nan,nan,nan,17.952938815088853,9.710423469543457,10.882412910461426,nan,nan,0.11737936353553735,-3.6908092498779297,-4.145905494689941
adaptive_shard_00017.pt:49,adaptive_shard_00017.pt,49,light,0.0,0.0,1,2,v2,nan,nan,nan,17.858536356964624,11.123390197753906,13.892430305480957,nan,nan,0.02297690541130848,-2.2778425216674805,-1.1358880996704102
adaptive_shard_00017.pt:50,adaptive_shard_00017.pt,50,medium,1.0,17.197052001953125,2,2,degraded,nan,nan,nan,14.999260049242174,35.085914611816406,38.674861907958984,nan,nan,-0.8902635170010953,23.182080268859863,25.879942893981934
adaptive_shard_00017.pt:50,adaptive_shard_00017.pt,50,medium,1.0,17.197052001953125,2,2,base,nan,nan,nan,15.88952356624327,11.903834342956543,12.79491901397705,nan,nan,0.0,0.0,0.0
adaptive_shard_00017.pt:50,adaptive_shard_00017.pt,50,medium,1.0,17.197052001953125,2,2,v1,nan,nan,nan,16.091785909633572,12.030328750610352,13.246249198913574,nan,nan,0.20226234339030214,0.1264944076538086,0.45133018493652344
adaptive_shard_00017.pt:50,adaptive_shard_00017.pt,50,medium,1.0,17.197052001953125,2,2,v2,nan,nan,nan,15.89137052414075,12.026671409606934,12.844502449035645,nan,nan,0.0018469578974809053,0.12283706665039062,0.04958343505859375
adaptive_shard_00017.pt:51,adaptive_shard_00017.pt,51,heavy,1.0,7.84565544128418,2,3,degraded,nan,nan,nan,7.36646012236542,43.43545913696289,47.48625183105469,nan,nan,-7.2457235478616555,30.18789291381836,33.641632080078125
adaptive_shard_00017.pt:51,adaptive_shard_00017.pt,51,heavy,1.0,7.84565544128418,2,3,base,nan,nan,nan,14.612183670227076,13.247566223144531,13.844619750976562,nan,nan,0.0,0.0,0.0
adaptive_shard_00017.pt:51,adaptive_shard_00017.pt,51,heavy,1.0,7.84565544128418,2,3,v1,nan,nan,nan,14.717389168899304,12.856642723083496,13.56273078918457,nan,nan,0.10520549867222861,-0.39092350006103516,-0.2818889617919922
adaptive_shard_00017.pt:51,adaptive_shard_00017.pt,51,heavy,1.0,7.84565544128418,2,3,v2,nan,nan,nan,14.620362652246865,13.020970344543457,13.354593276977539,nan,nan,0.00817898201978906,-0.22659587860107422,-0.49002647399902344
adaptive_shard_00017.pt:56,adaptive_shard_00017.pt,56,clean,0.0,0.0,0,0,degraded,nan,nan,nan,101.73875376153823,5.357186317443848,5.35723876953125,nan,nan,80.24423989958507,-4.665581703186035,-5.284579277038574
adaptive_shard_00017.pt:56,adaptive_shard_00017.pt,56,clean,0.0,0.0,0,0,base,nan,nan,nan,21.49451386195316,10.022768020629883,10.641818046569824,nan,nan,0.0,0.0,0.0
adaptive_shard_00017.pt:56,adaptive_shard_00017.pt,56,clean,0.0,0.0,0,0,v1,nan,nan,nan,21.19129226848767,6.518122673034668,5.569661617279053,nan,nan,-0.3032215934654907,-3.504645347595215,-5.0721564292907715
adaptive_shard_00017.pt:56,adaptive_shard_00017.pt,56,clean,0.0,0.0,0,0,v2,nan,nan,nan,20.750479012263767,7.081003189086914,6.261788368225098,nan,nan,-0.7440348496893918,-2.9417648315429688,-4.380029678344727
adaptive_shard_00017.pt:57,adaptive_shard_00017.pt,57,light,0.0,0.0,1,2,degraded,nan,nan,nan,30.39472562360297,16.031476974487305,17.505163192749023,nan,nan,9.431619714743608,2.47479248046875,3.0255298614501953
adaptive_shard_00017.pt:57,adaptive_shard_00017.pt,57,light,0.0,0.0,1,2,base,nan,nan,nan,20.96310590885936,13.556684494018555,14.479633331298828,nan,nan,0.0,0.0,0.0
adaptive_shard_00017.pt:57,adaptive_shard_00017.pt,57,light,0.0,0.0,1,2,v1,nan,nan,nan,20.883697933801663,9.862333297729492,9.812182426452637,nan,nan,-0.07940797505769837,-3.6943511962890625,-4.667450904846191
adaptive_shard_00017.pt:57,adaptive_shard_00017.pt,57,light,0.0,0.0,1,2,v2,nan,nan,nan,20.372988048737888,11.046690940856934,13.272202491760254,nan,nan,-0.5901178601214738,-2.509993553161621,-1.2074308395385742
adaptive_shard_00017.pt:58,adaptive_shard_00017.pt,58,medium,1.0,17.300479888916016,2,2,degraded,nan,nan,nan,16.064764806368302,34.15785217285156,38.40684127807617,nan,nan,-2.3229802850013215,21.211040496826172,25.06136703491211
adaptive_shard_00017.pt:58,adaptive_shard_00017.pt,58,medium,1.0,17.300479888916016,2,2,base,nan,nan,nan,18.387745091369624,12.94681167602539,13.345474243164062,nan,nan,0.0,0.0,0.0
adaptive_shard_00017.pt:58,adaptive_shard_00017.pt,58,medium,1.0,17.300479888916016,2,2,v1,nan,nan,nan,18.6095731918226,12.997779846191406,13.199262619018555,nan,nan,0.22182810045297785,0.050968170166015625,-0.1462116241455078
adaptive_shard_00017.pt:58,adaptive_shard_00017.pt,58,medium,1.0,17.300479888916016,2,2,v2,nan,nan,nan,17.96212405766177,12.58030891418457,13.304922103881836,nan,nan,-0.4256210337078521,-0.3665027618408203,-0.04055213928222656
adaptive_shard_00017.pt:59,adaptive_shard_00017.pt,59,heavy,1.0,9.031105995178223,2,3,degraded,nan,nan,nan,8.726445643208287,41.706695556640625,46.30434036254883,nan,nan,-7.987214308399896,28.716651916503906,33.01162338256836
adaptive_shard_00017.pt:59,adaptive_shard_00017.pt,59,heavy,1.0,9.031105995178223,2,3,base,nan,nan,nan,16.713659951608182,12.990043640136719,13.292716979980469,nan,nan,0.0,0.0,0.0
adaptive_shard_00017.pt:59,adaptive_shard_00017.pt,59,heavy,1.0,9.031105995178223,2,3,v1,nan,nan,nan,16.893872196964065,13.226625442504883,13.319877624511719,nan,nan,0.18021224535588232,0.23658180236816406,0.02716064453125
adaptive_shard_00017.pt:59,adaptive_shard_00017.pt,59,heavy,1.0,9.031105995178223,2,3,v2,nan,nan,nan,16.32363355106489,12.9881591796875,13.171809196472168,nan,nan,-0.39002640054329163,-0.00188446044921875,-0.12090778350830078
adaptive_shard_00018.pt:20,adaptive_shard_00018.pt,20,clean,0.0,0.0,0,0,degraded,nan,nan,nan,94.15558653423327,0.44534412026405334,0.4454289674758911,nan,nan,73.72470561056991,-10.646845668554306,-11.333100199699402
adaptive_shard_00018.pt:20,adaptive_shard_00018.pt,20,clean,0.0,0.0,0,0,base,nan,nan,nan,20.430880923663345,11.09218978881836,11.778529167175293,nan,nan,0.0,0.0,0.0
adaptive_shard_00018.pt:20,adaptive_shard_00018.pt,20,clean,0.0,0.0,0,0,v1,nan,nan,nan,20.85640284213892,9.427638053894043,9.011517524719238,nan,nan,0.4255219184755745,-1.6645517349243164,-2.7670116424560547
adaptive_shard_00018.pt:20,adaptive_shard_00018.pt,20,clean,0.0,0.0,0,0,v2,nan,nan,nan,20.089276535021526,10.181321144104004,10.23852825164795,nan,nan,-0.3416043886418194,-0.9108686447143555,-1.5400009155273438
adaptive_shard_00018.pt:21,adaptive_shard_00018.pt,21,light,0.0,0.0,1,2,degraded,nan,nan,nan,32.45075627252418,10.146340370178223,12.634580612182617,nan,nan,10.443980012035944,-5.6933183670043945,-7.654478073120117
adaptive_shard_00018.pt:21,adaptive_shard_00018.pt,21,light,0.0,0.0,1,2,base,nan,nan,nan,22.006776260488238,15.839658737182617,20.289058685302734,nan,nan,0.0,0.0,0.0
adaptive_shard_00018.pt:21,adaptive_shard_00018.pt,21,light,0.0,0.0,1,2,v1,nan,nan,nan,22.535795047175622,13.918702125549316,16.643857955932617,nan,nan,0.5290187866873843,-1.9209566116333008,-3.645200729370117
adaptive_shard_00018.pt:21,adaptive_shard_00018.pt,21,light,0.0,0.0,1,2,v2,nan,nan,nan,21.55036048004067,15.491907119750977,19.801227569580078,nan,nan,-0.4564157804475677,-0.3477516174316406,-0.48783111572265625
adaptive_shard_00018.pt:22,adaptive_shard_00018.pt,22,medium,1.0,23.52338218688965,2,1,degraded,nan,nan,nan,20.001318039060113,20.58110809326172,24.381637573242188,nan,nan,-0.3904824760315755,5.200904846191406,5.783592224121094
adaptive_shard_00018.pt:22,adaptive_shard_00018.pt,22,medium,1.0,23.52338218688965,2,1,base,nan,nan,nan,20.39180051509169,15.380203247070312,18.598045349121094,nan,nan,0.0,0.0,0.0
adaptive_shard_00018.pt:22,adaptive_shard_00018.pt,22,medium,1.0,23.52338218688965,2,1,v1,nan,nan,nan,20.688859002301147,16.317047119140625,19.029373168945312,nan,nan,0.2970584872094584,0.9368438720703125,0.43132781982421875
adaptive_shard_00018.pt:22,adaptive_shard_00018.pt,22,medium,1.0,23.52338218688965,2,1,v2,nan,nan,nan,20.08475694962129,16.245210647583008,18.942211151123047,nan,nan,-0.3070435654703978,0.8650074005126953,0.3441658020019531
adaptive_shard_00018.pt:23,adaptive_shard_00018.pt,23,heavy,1.0,6.543028831481934,2,3,degraded,nan,nan,nan,6.361026558075373,32.8504753112793,38.363582611083984,nan,nan,-6.91392521487662,17.41461753845215,22.679699897766113
adaptive_shard_00018.pt:23,adaptive_shard_00018.pt,23,heavy,1.0,6.543028831481934,2,3,base,nan,nan,nan,13.274951772951994,15.435857772827148,15.683882713317871,nan,nan,0.0,0.0,0.0
adaptive_shard_00018.pt:23,adaptive_shard_00018.pt,23,heavy,1.0,6.543028831481934,2,3,v1,nan,nan,nan,13.416693900887967,16.723045349121094,16.716154098510742,nan,nan,0.14174212793597363,1.2871875762939453,1.032271385192871
adaptive_shard_00018.pt:23,adaptive_shard_00018.pt,23,heavy,1.0,6.543028831481934,2,3,v2,nan,nan,nan,13.23563745734016,16.787202835083008,16.56181526184082,nan,nan,-0.039314315611834516,1.3513450622558594,0.8779325485229492
adaptive_shard_00018.pt:92,adaptive_shard_00018.pt,92,clean,0.0,0.0,0,0,degraded,nan,nan,nan,107.77255055954686,8.679766654968262,8.67975902557373,nan,nan,89.30244257045473,-1.2390546798706055,-0.9052448272705078
adaptive_shard_00018.pt:92,adaptive_shard_00018.pt,92,clean,0.0,0.0,0,0,base,nan,nan,nan,18.47010798909213,9.918821334838867,9.585003852844238,nan,nan,0.0,0.0,0.0
adaptive_shard_00018.pt:92,adaptive_shard_00018.pt,92,clean,0.0,0.0,0,0,v1,nan,nan,nan,18.53320993094541,7.4777302742004395,6.674684524536133,nan,nan,0.06310194185327944,-2.4410910606384277,-2.9103193283081055
adaptive_shard_00018.pt:92,adaptive_shard_00018.pt,92,clean,0.0,0.0,0,0,v2,nan,nan,nan,18.3774822640289,7.647519588470459,7.785068988800049,nan,nan,-0.09262572506323252,-2.271301746368408,-1.7999348640441895
adaptive_shard_00018.pt:93,adaptive_shard_00018.pt,93,light,0.0,0.0,1,1,degraded,nan,nan,nan,17.885125332827066,11.934086799621582,13.653715133666992,nan,nan,2.90180536083453,-2.0216503143310547,-3.6378631591796875
adaptive_shard_00018.pt:93,adaptive_shard_00018.pt,93,light,0.0,0.0,1,1,base,nan,nan,nan,14.983319971992536,13.955737113952637,17.29157829284668,nan,nan,0.0,0.0,0.0
adaptive_shard_00018.pt:93,adaptive_shard_00018.pt,93,light,0.0,0.0,1,1,v1,nan,nan,nan,15.143586510332936,11.841343879699707,14.230137825012207,nan,nan,0.16026653834039983,-2.1143932342529297,-3.0614404678344727
adaptive_shard_00018.pt:93,adaptive_shard_00018.pt,93,light,0.0,0.0,1,1,v2,nan,nan,nan,15.07572162045619,12.71279525756836,16.68568992614746,nan,nan,0.09240164846365317,-1.2429418563842773,-0.6058883666992188
adaptive_shard_00018.pt:94,adaptive_shard_00018.pt,94,medium,1.0,24.371511459350586,2,1,degraded,nan,nan,nan,15.435218223508604,23.611032485961914,28.427066802978516,nan,nan,1.1814297988028226,9.930989265441895,12.71429443359375
adaptive_shard_00018.pt:94,adaptive_shard_00018.pt,94,medium,1.0,24.371511459350586,2,1,base,nan,nan,nan,14.253788424705782,13.68004322052002,15.712772369384766,nan,nan,0.0,0.0,0.0
adaptive_shard_00018.pt:94,adaptive_shard_00018.pt,94,medium,1.0,24.371511459350586,2,1,v1,nan,nan,nan,14.400614129737805,13.97608757019043,16.02267837524414,nan,nan,0.14682570503202363,0.29604434967041016,0.309906005859375
adaptive_shard_00018.pt:94,adaptive_shard_00018.pt,94,medium,1.0,24.371511459350586,2,1,v2,nan,nan,nan,14.267751595445162,13.66625690460205,15.96237850189209,nan,nan,0.01396317073938036,-0.01378631591796875,0.24960613250732422
adaptive_shard_00018.pt:95,adaptive_shard_00018.pt,95,heavy,1.0,5.706953048706055,2,3,degraded,nan,nan,nan,5.229426302061222,37.19447326660156,43.08146286010742,nan,nan,-6.984866995250869,23.82470703125,28.75754737854004
adaptive_shard_00018.pt:95,adaptive_shard_00018.pt,95,heavy,1.0,5.706953048706055,2,3,base,nan,nan,nan,12.214293297312091,13.369766235351562,14.323915481567383,nan,nan,0.0,0.0,0.0
adaptive_shard_00018.pt:95,adaptive_shard_00018.pt,95,heavy,1.0,5.706953048706055,2,3,v1,nan,nan,nan,12.322303277322579,13.79665470123291,14.510455131530762,nan,nan,0.1080099800104879,0.42688846588134766,0.1865396499633789
adaptive_shard_00018.pt:95,adaptive_shard_00018.pt,95,heavy,1.0,5.706953048706055,2,3,v2,nan,nan,nan,12.224488687481552,13.803842544555664,14.402946472167969,nan,nan,0.010195390169460694,0.43407630920410156,0.07903099060058594
adaptive_shard_00018.pt:112,adaptive_shard_00018.pt,112,clean,0.0,0.0,0,0,degraded,nan,nan,nan,99.06381103586348,4.342402458190918,4.342294692993164,nan,nan,76.80849941037543,-12.301661491394043,-12.543685913085938
adaptive_shard_00018.pt:112,adaptive_shard_00018.pt,112,clean,0.0,0.0,0,0,base,nan,nan,nan,22.255311625488048,16.64406394958496,16.8859806060791,nan,nan,0.0,0.0,0.0
adaptive_shard_00018.pt:112,adaptive_shard_00018.pt,112,clean,0.0,0.0,0,0,v1,nan,nan,nan,22.42277417303438,10.466896057128906,7.715825080871582,nan,nan,0.16746254754633227,-6.177167892456055,-9.17015552520752
adaptive_shard_00018.pt:112,adaptive_shard_00018.pt,112,clean,0.0,0.0,0,0,v2,nan,nan,nan,22.091241134910803,10.84162425994873,10.79586410522461,nan,nan,-0.1640704905772452,-5.8024396896362305,-6.090116500854492
adaptive_shard_00018.pt:113,adaptive_shard_00018.pt,113,light,0.0,0.0,1,2,degraded,nan,nan,nan,39.100891010410095,13.772977828979492,16.06184959411621,nan,nan,16.261253490279955,-2.7819900512695312,-1.309926986694336
adaptive_shard_00018.pt:113,adaptive_shard_00018.pt,113,light,0.0,0.0,1,2,base,nan,nan,nan,22.83963752013014,16.554967880249023,17.371776580810547,nan,nan,0.0,0.0,0.0
adaptive_shard_00018.pt:113,adaptive_shard_00018.pt,113,light,0.0,0.0,1,2,v1,nan,nan,nan,23.05487865273706,12.056812286376953,9.817032814025879,nan,nan,0.2152411326069199,-4.49815559387207,-7.554743766784668
adaptive_shard_00018.pt:113,adaptive_shard_00018.pt,113,light,0.0,0.0,1,2,v2,nan,nan,nan,22.65361994165477,13.658285140991211,15.635659217834473,nan,nan,-0.1860175784753686,-2.8966827392578125,-1.7361173629760742
adaptive_shard_00018.pt:114,adaptive_shard_00018.pt,114,medium,1.0,17.53186798095703,2,2,degraded,nan,nan,nan,17.22489922804793,33.85546875,39.69888687133789,nan,nan,-5.850518677905779,20.944973945617676,27.905193328857422
adaptive_shard_00018.pt:114,adaptive_shard_00018.pt,114,medium,1.0,17.53186798095703,2,2,base,nan,nan,nan,23.07541790595371,12.910494804382324,11.793693542480469,nan,nan,0.0,0.0,0.0
adaptive_shard_00018.pt:114,adaptive_shard_00018.pt,114,medium,1.0,17.53186798095703,2,2,v1,nan,nan,nan,23.125009383901507,13.126124382019043,10.701955795288086,nan,nan,0.04959147794779639,0.21562957763671875,-1.0917377471923828
adaptive_shard_00018.pt:114,adaptive_shard_00018.pt,114,medium,1.0,17.53186798095703,2,2,v2,nan,nan,nan,22.785638580202093,12.706014633178711,11.707401275634766,nan,nan,-0.289779325751617,-0.20448017120361328,-0.08629226684570312
adaptive_shard_00018.pt:115,adaptive_shard_00018.pt,115,heavy,1.0,5.941495895385742,2,3,degraded,nan,nan,nan,5.885059260285298,44.07341766357422,50.723270416259766,nan,nan,-12.113035724218172,31.728371620178223,39.31702995300293
adaptive_shard_00018.pt:115,adaptive_shard_00018.pt,115,heavy,1.0,5.941495895385742,2,3,base,nan,nan,nan,17.99809498450347,12.345046043395996,11.406240463256836,nan,nan,0.0,0.0,0.0
adaptive_shard_00018.pt:115,adaptive_shard_00018.pt,115,heavy,1.0,5.941495895385742,2,3,v1,nan,nan,nan,17.99186744269499,12.617766380310059,10.847925186157227,nan,nan,-0.006227541808481618,0.2727203369140625,-0.5583152770996094
adaptive_shard_00018.pt:115,adaptive_shard_00018.pt,115,heavy,1.0,5.941495895385742,2,3,v2,nan,nan,nan,17.82996006008992,12.560778617858887,11.12017822265625,nan,nan,-0.16813492441355038,0.21573257446289062,-0.28606224060058594
adaptive_shard_00019.pt:12,adaptive_shard_00019.pt,12,clean,0.0,0.0,0,0,degraded,nan,nan,nan,105.87207982354401,8.005485534667969,8.00545883178711,nan,nan,85.2130822991331,-11.642816543579102,-12.635887145996094
adaptive_shard_00019.pt:12,adaptive_shard_00019.pt,12,clean,0.0,0.0,0,0,base,nan,nan,nan,20.658997524410903,19.64830207824707,20.641345977783203,nan,nan,0.0,0.0,0.0
adaptive_shard_00019.pt:12,adaptive_shard_00019.pt,12,clean,0.0,0.0,0,0,v1,nan,nan,nan,20.519346628603763,8.031208992004395,6.7531819343566895,nan,nan,-0.13965089580714007,-11.617093086242676,-13.888164043426514
adaptive_shard_00019.pt:12,adaptive_shard_00019.pt,12,clean,0.0,0.0,0,0,v2,nan,nan,nan,20.466485436432347,8.336051940917969,7.437414646148682,nan,nan,-0.19251208797855668,-11.312250137329102,-13.203931331634521
adaptive_shard_00019.pt:13,adaptive_shard_00019.pt,13,light,0.0,0.0,1,2,degraded,nan,nan,nan,35.52259224214008,21.445064544677734,21.333709716796875,nan,nan,14.781850850414315,6.452696800231934,5.657846450805664
adaptive_shard_00019.pt:13,adaptive_shard_00019.pt,13,light,0.0,0.0,1,2,base,nan,nan,nan,20.740741391725763,14.9923677444458,15.675863265991211,nan,nan,0.0,0.0,0.0
adaptive_shard_00019.pt:13,adaptive_shard_00019.pt,13,light,0.0,0.0,1,2,v1,nan,nan,nan,20.653214207656504,8.66819953918457,7.574787616729736,nan,nan,-0.08752718406925908,-6.3241682052612305,-8.101075649261475
adaptive_shard_00019.pt:13,adaptive_shard_00019.pt,13,light,0.0,0.0,1,2,v2,nan,nan,nan,20.564808639826477,11.620400428771973,13.834162712097168,nan,nan,-0.17593275189928548,-3.371967315673828,-1.841700553894043
adaptive_shard_00019.pt:14,adaptive_shard_00019.pt,14,medium,1.0,20.691638946533203,2,2,degraded,nan,nan,nan,20.378156562669815,41.21063232421875,44.782100677490234,nan,nan,-1.2006273005206332,30.743419647216797,34.932655334472656
adaptive_shard_00019.pt:14,adaptive_shard_00019.pt,14,medium,1.0,20.691638946533203,2,2,base,nan,nan,nan,21.57878386319045,10.467212677001953,9.849445343017578,nan,nan,0.0,0.0,0.0
adaptive_shard_00019.pt:14,adaptive_shard_00019.pt,14,medium,1.0,20.691638946533203,2,2,v1,nan,nan,nan,21.548549071990944,9.890810012817383,8.975944519042969,nan,nan,-0.03023479119950423,-0.5764026641845703,-0.8735008239746094
adaptive_shard_00019.pt:14,adaptive_shard_00019.pt,14,medium,1.0,20.691638946533203,2,2,v2,nan,nan,nan,21.318101846599728,9.985709190368652,9.44310474395752,nan,nan,-0.2606820165907209,-0.4815034866333008,-0.4063405990600586
adaptive_shard_00019.pt:15,adaptive_shard_00019.pt,15,heavy,1.0,7.331752777099609,2,3,degraded,nan,nan,nan,7.270581830741218,53.32179641723633,57.36941909790039,nan,nan,-11.634181274911967,40.85107898712158,45.28721046447754
adaptive_shard_00019.pt:15,adaptive_shard_00019.pt,15,heavy,1.0,7.331752777099609,2,3,base,nan,nan,nan,18.904763105653185,12.470717430114746,12.082208633422852,nan,nan,0.0,0.0,0.0
adaptive_shard_00019.pt:15,adaptive_shard_00019.pt,15,heavy,1.0,7.331752777099609,2,3,v1,nan,nan,nan,19.052454309423805,11.360010147094727,10.9306058883667,nan,nan,0.14769120377061995,-1.1107072830200195,-1.1516027450561523
adaptive_shard_00019.pt:15,adaptive_shard_00019.pt,15,heavy,1.0,7.331752777099609,2,3,v2,nan,nan,nan,18.85684323845893,11.580465316772461,10.789617538452148,nan,nan,-0.04791986719425623,-0.8902521133422852,-1.2925910949707031
adaptive_shard_00019.pt:40,adaptive_shard_00019.pt,40,clean,0.0,0.0,0,0,degraded,nan,nan,nan,95.85275648127848,3.9947614669799805,3.994689702987671,nan,nan,70.88990094525786,-4.281424522399902,-5.042697191238403
adaptive_shard_00019.pt:40,adaptive_shard_00019.pt,40,clean,0.0,0.0,0,0,base,nan,nan,nan,24.962855536020605,8.276185989379883,9.037386894226074,nan,nan,0.0,0.0,0.0
adaptive_shard_00019.pt:40,adaptive_shard_00019.pt,40,clean,0.0,0.0,0,0,v1,nan,nan,nan,24.266591740230115,6.07142972946167,5.890905380249023,nan,nan,-0.6962637957904896,-2.204756259918213,-3.146481513977051
adaptive_shard_00019.pt:40,adaptive_shard_00019.pt,40,clean,0.0,0.0,0,0,v2,nan,nan,nan,24.259751661416917,7.028903961181641,6.852960586547852,nan,nan,-0.7031038746036877,-1.2472820281982422,-2.1844263076782227
adaptive_shard_00019.pt:41,adaptive_shard_00019.pt,41,light,0.0,0.0,1,2,degraded,nan,nan,nan,27.76291739444842,13.729576110839844,15.756081581115723,nan,nan,3.8863057436598325,0.7965927124023438,0.8750228881835938
adaptive_shard_00019.pt:41,adaptive_shard_00019.pt,41,light,0.0,0.0,1,2,base,nan,nan,nan,23.876611650788586,12.9329833984375,14.881058692932129,nan,nan,0.0,0.0,0.0
adaptive_shard_00019.pt:41,adaptive_shard_00019.pt,41,light,0.0,0.0,1,2,v1,nan,nan,nan,23.705016018352637,10.777621269226074,11.805961608886719,nan,nan,-0.17159563243594889,-2.155362129211426,-3.07509708404541
adaptive_shard_00019.pt:41,adaptive_shard_00019.pt,41,light,0.0,0.0,1,2,v2,nan,nan,nan,23.56830388260841,11.498456954956055,13.90555477142334,nan,nan,-0.3083077681801747,-1.4345264434814453,-0.9755039215087891
adaptive_shard_00019.pt:42,adaptive_shard_00019.pt,42,medium,1.0,16.95276641845703,2,2,degraded,nan,nan,nan,15.665027176334888,32.22310256958008,37.437007904052734,nan,nan,-3.831833455864185,19.6067476272583,24.598697662353516
adaptive_shard_00019.pt:42,adaptive_shard_00019.pt,42,medium,1.0,16.95276641845703,2,2,base,nan,nan,nan,19.496860632199073,12.616354942321777,12.838310241699219,nan,nan,0.0,0.0,0.0
adaptive_shard_00019.pt:42,adaptive_shard_00019.pt,42,medium,1.0,16.95276641845703,2,2,v1,nan,nan,nan,19.508761317293384,13.031098365783691,13.09273910522461,nan,nan,0.011900685094310859,0.41474342346191406,0.2544288635253906
adaptive_shard_00019.pt:42,adaptive_shard_00019.pt,42,medium,1.0,16.95276641845703,2,2,v2,nan,nan,nan,19.295111489514028,12.723603248596191,12.923521041870117,nan,nan,-0.2017491426850455,0.10724830627441406,0.08521080017089844
adaptive_shard_00019.pt:43,adaptive_shard_00019.pt,43,heavy,1.0,5.899679660797119,2,3,degraded,nan,nan,nan,5.69591397155202,41.83842468261719,47.82585525512695,nan,nan,-9.721103245700142,28.300357818603516,34.34966278076172
adaptive_shard_00019.pt:43,adaptive_shard_00019.pt,43,heavy,1.0,5.899679660797119,2,3,base,nan,nan,nan,15.417017217252162,13.538066864013672,13.476192474365234,nan,nan,0.0,0.0,0.0
adaptive_shard_00019.pt:43,adaptive_shard_00019.pt,43,heavy,1.0,5.899679660797119,2,3,v1,nan,nan,nan,15.361621326440325,13.595086097717285,13.17934513092041,nan,nan,-0.05539589081183749,0.05701923370361328,-0.2968473434448242
adaptive_shard_00019.pt:43,adaptive_shard_00019.pt,43,heavy,1.0,5.899679660797119,2,3,v2,nan,nan,nan,15.292752224193446,13.612007141113281,13.06194019317627,nan,nan,-0.1242649930587163,0.07394027709960938,-0.41425228118896484
adaptive_shard_00019.pt:52,adaptive_shard_00019.pt,52,clean,0.0,0.0,0,0,degraded,nan,nan,nan,106.31800373271784,13.677526473999023,13.6774320602417,nan,nan,88.24739702068001,2.798445701599121,2.4299936294555664
adaptive_shard_00019.pt:52,adaptive_shard_00019.pt,52,clean,0.0,0.0,0,0,base,nan,nan,nan,18.07060671203783,10.879080772399902,11.247438430786133,nan,nan,0.0,0.0,0.0
adaptive_shard_00019.pt:52,adaptive_shard_00019.pt,52,clean,0.0,0.0,0,0,v1,nan,nan,nan,18.345412538003686,7.905864238739014,7.632782936096191,nan,nan,0.27480582596585634,-2.9732165336608887,-3.6146554946899414
adaptive_shard_00019.pt:52,adaptive_shard_00019.pt,52,clean,0.0,0.0,0,0,v2,nan,nan,nan,17.974528258485304,8.248708724975586,8.54163932800293,nan,nan,-0.09607845355252564,-2.6303720474243164,-2.705799102783203
adaptive_shard_00019.pt:53,adaptive_shard_00019.pt,53,light,0.0,0.0,1,2,degraded,nan,nan,nan,28.097814958787197,22.55943489074707,23.702505111694336,nan,nan,10.65635845800643,9.842903137207031,10.554011344909668
adaptive_shard_00019.pt:53,adaptive_shard_00019.pt,53,light,0.0,0.0,1,2,base,nan,nan,nan,17.441456500780767,12.716531753540039,13.148493766784668,nan,nan,0.0,0.0,0.0
adaptive_shard_00019.pt:53,adaptive_shard_00019.pt,53,light,0.0,0.0,1,2,v1,nan,nan,nan,17.709738852502998,9.810799598693848,9.559420585632324,nan,nan,0.268282351722231,-2.9057321548461914,-3.5890731811523438
adaptive_shard_00019.pt:53,adaptive_shard_00019.pt,53,light,0.0,0.0,1,2,v2,nan,nan,nan,17.40482665034114,10.715812683105469,12.051098823547363,nan,nan,-0.03662985043962763,-2.0007190704345703,-1.0973949432373047
adaptive_shard_00019.pt:54,adaptive_shard_00019.pt,54,medium,1.0,22.862773895263672,2,2,degraded,nan,nan,nan,19.59823914884716,32.62431335449219,36.165409088134766,nan,nan,1.7936565223246177,21.207226753234863,25.4008150100708
adaptive_shard_00019.pt:54,adaptive_shard_00019.pt,54,medium,1.0,22.862773895263672,2,2,base,nan,nan,nan,17.804582626522542,11.417086601257324,10.764594078063965,nan,nan,0.0,0.0,0.0
adaptive_shard_00019.pt:54,adaptive_shard_00019.pt,54,medium,1.0,22.862773895263672,2,2,v1,nan,nan,nan,18.209029110127986,10.404407501220703,10.168346405029297,nan,nan,0.4044464836054438,-1.012679100036621,-0.596247673034668
adaptive_shard_00019.pt:54,adaptive_shard_00019.pt,54,medium,1.0,22.862773895263672,2,2,v2,nan,nan,nan,17.720695719129214,10.484552383422852,10.69568157196045,nan,nan,-0.08388690739332816,-0.9325342178344727,-0.06891250610351562
adaptive_shard_00019.pt:55,adaptive_shard_00019.pt,55,heavy,1.0,8.999728202819824,2,3,degraded,nan,nan,nan,8.51032965254061,44.59541702270508,49.17398452758789,nan,nan,-7.578910722045437,31.5692138671875,36.554948806762695
adaptive_shard_00019.pt:55,adaptive_shard_00019.pt,55,heavy,1.0,8.999728202819824,2,3,base,nan,nan,nan,16.089240374586048,13.026203155517578,12.619035720825195,nan,nan,0.0,0.0,0.0
adaptive_shard_00019.pt:55,adaptive_shard_00019.pt,55,heavy,1.0,8.999728202819824,2,3,v1,nan,nan,nan,16.288056816963447,11.684616088867188,11.459295272827148,nan,nan,0.19881644237739948,-1.3415870666503906,-1.1597404479980469
adaptive_shard_00019.pt:55,adaptive_shard_00019.pt,55,heavy,1.0,8.999728202819824,2,3,v2,nan,nan,nan,16.013706894476854,11.796793937683105,11.688119888305664,nan,nan,-0.07553348010919336,-1.2294092178344727,-0.9309158325195312
adaptive_shard_00019.pt:60,adaptive_shard_00019.pt,60,clean,0.0,0.0,0,0,degraded,nan,nan,nan,105.57272923102276,9.322037696838379,9.321867942810059,nan,nan,91.39789173790751,-6.179732322692871,-5.927783966064453
adaptive_shard_00019.pt:60,adaptive_shard_00019.pt,60,clean,0.0,0.0,0,0,base,nan,nan,nan,14.174837493115248,15.50177001953125,15.249651908874512,nan,nan,0.0,0.0,0.0
adaptive_shard_00019.pt:60,adaptive_shard_00019.pt,60,clean,0.0,0.0,0,0,v1,nan,nan,nan,14.298620157596789,10.350884437561035,7.543697834014893,nan,nan,0.1237826644815403,-5.150885581970215,-7.705954074859619
adaptive_shard_00019.pt:60,adaptive_shard_00019.pt,60,clean,0.0,0.0,0,0,v2,nan,nan,nan,14.088703313122604,10.70590877532959,10.27003288269043,nan,nan,-0.08613417999264428,-4.79586124420166,-4.979619026184082
adaptive_shard_00019.pt:61,adaptive_shard_00019.pt,61,light,0.0,0.0,1,2,degraded,nan,nan,nan,32.44203629584846,18.25031089782715,20.206043243408203,nan,nan,18.139109852502024,4.35845947265625,6.332597732543945
adaptive_shard_00019.pt:61,adaptive_shard_00019.pt,61,light,0.0,0.0,1,2,base,nan,nan,nan,14.302926443346436,13.891851425170898,13.873445510864258,nan,nan,0.0,0.0,0.0
adaptive_shard_00019.pt:61,adaptive_shard_00019.pt,61,light,0.0,0.0,1,2,v1,nan,nan,nan,14.42584991371692,11.485086441040039,9.370352745056152,nan,nan,0.12292347037048401,-2.4067649841308594,-4.5030927658081055
adaptive_shard_00019.pt:61,adaptive_shard_00019.pt,61,light,0.0,0.0,1,2,v2,nan,nan,nan,14.236462997287449,12.175419807434082,12.7481107711792,nan,nan,-0.06646344605898769,-1.7164316177368164,-1.1253347396850586
adaptive_shard_00019.pt:62,adaptive_shard_00019.pt,62,medium,1.0,21.527360916137695,2,2,degraded,nan,nan,nan,20.496391246894063,30.571943283081055,35.80882263183594,nan,nan,5.548464639446081,18.119876861572266,24.068978309631348
adaptive_shard_00019.pt:62,adaptive_shard_00019.pt,62,medium,1.0,21.527360916137695,2,2,base,nan,nan,nan,14.947926607447982,12.452066421508789,11.73984432220459,nan,nan,0.0,0.0,0.0
adaptive_shard_00019.pt:62,adaptive_shard_00019.pt,62,medium,1.0,21.527360916137695,2,2,v1,nan,nan,nan,15.189181628501704,12.273335456848145,10.885316848754883,nan,nan,0.2412550210537212,-0.17873096466064453,-0.854527473449707
adaptive_shard_00019.pt:62,adaptive_shard_00019.pt,62,medium,1.0,21.527360916137695,2,2,v2,nan,nan,nan,14.884353643786579,12.208327293395996,11.695755004882812,nan,nan,-0.06357296366140375,-0.24373912811279297,-0.044089317321777344
adaptive_shard_00019.pt:63,adaptive_shard_00019.pt,63,heavy,1.0,8.113896369934082,2,3,degraded,nan,nan,nan,7.976759493827055,41.786563873291016,48.184364318847656,nan,nan,-7.140943398769169,27.49753761291504,35.576844215393066
adaptive_shard_00019.pt:63,adaptive_shard_00019.pt,63,heavy,1.0,8.113896369934082,2,3,base,nan,nan,nan,15.117702892596224,14.289026260375977,12.60752010345459,nan,nan,0.0,0.0,0.0
adaptive_shard_00019.pt:63,adaptive_shard_00019.pt,63,heavy,1.0,8.113896369934082,2,3,v1,nan,nan,nan,15.447183083476473,14.178595542907715,11.792092323303223,nan,nan,0.3294801908802487,-0.11043071746826172,-0.8154277801513672
adaptive_shard_00019.pt:63,adaptive_shard_00019.pt,63,heavy,1.0,8.113896369934082,2,3,v2,nan,nan,nan,15.059504667398606,13.898859977722168,12.210291862487793,nan,nan,-0.05819822519761786,-0.3901662826538086,-0.3972282409667969
adaptive_shard_00020.pt:4,adaptive_shard_00020.pt,4,clean,0.0,0.0,0,0,degraded,nan,nan,nan,100.25653834663898,4.493664741516113,4.493636131286621,nan,nan,74.12614627347557,-4.934772491455078,-5.196384429931641
adaptive_shard_00020.pt:4,adaptive_shard_00020.pt,4,clean,0.0,0.0,0,0,base,nan,nan,nan,26.130392073163403,9.428437232971191,9.690020561218262,nan,nan,0.0,0.0,0.0
adaptive_shard_00020.pt:4,adaptive_shard_00020.pt,4,clean,0.0,0.0,0,0,v1,nan,nan,nan,24.982033169166705,5.38887882232666,4.451807498931885,nan,nan,-1.148358903996698,-4.039558410644531,-5.238213062286377
adaptive_shard_00020.pt:4,adaptive_shard_00020.pt,4,clean,0.0,0.0,0,0,v2,nan,nan,nan,24.78816278497024,5.877457141876221,5.49247407913208,nan,nan,-1.3422292881931632,-3.5509800910949707,-4.197546482086182
adaptive_shard_00020.pt:5,adaptive_shard_00020.pt,5,light,0.0,0.0,1,2,degraded,nan,nan,nan,30.846258255807314,12.955243110656738,14.575411796569824,nan,nan,6.151811285324182,0.1174001693725586,-0.7920799255371094
adaptive_shard_00020.pt:5,adaptive_shard_00020.pt,5,light,0.0,0.0,1,2,base,nan,nan,nan,24.69444697048313,12.83784294128418,15.367491722106934,nan,nan,0.0,0.0,0.0
adaptive_shard_00020.pt:5,adaptive_shard_00020.pt,5,light,0.0,0.0,1,2,v1,nan,nan,nan,24.218698417894196,11.003297805786133,13.032127380371094,nan,nan,-0.4757485525889358,-1.8345451354980469,-2.33536434173584
adaptive_shard_00020.pt:5,adaptive_shard_00020.pt,5,light,0.0,0.0,1,2,v2,nan,nan,nan,23.778640371317007,11.267061233520508,14.521139144897461,nan,nan,-0.9158065991661246,-1.5707817077636719,-0.8463525772094727
adaptive_shard_00020.pt:6,adaptive_shard_00020.pt,6,medium,1.0,17.48369598388672,2,2,degraded,nan,nan,nan,16.829508119450516,31.17403221130371,35.320533752441406,nan,nan,-4.574407890720149,18.11875629425049,20.36724853515625
adaptive_shard_00020.pt:6,adaptive_shard_00020.pt,6,medium,1.0,17.48369598388672,2,2,base,nan,nan,nan,21.403916010170665,13.055275917053223,14.953285217285156,nan,nan,0.0,0.0,0.0
adaptive_shard_00020.pt:6,adaptive_shard_00020.pt,6,medium,1.0,17.48369598388672,2,2,v1,nan,nan,nan,21.1961421434976,13.709035873413086,16.087907791137695,nan,nan,-0.2077738666730653,0.6537599563598633,1.134622573852539
adaptive_shard_00020.pt:6,adaptive_shard_00020.pt,6,medium,1.0,17.48369598388672,2,2,v2,nan,nan,nan,20.821390761922622,13.107930183410645,15.260871887207031,nan,nan,-0.582525248248043,0.052654266357421875,0.307586669921875
adaptive_shard_00020.pt:7,adaptive_shard_00020.pt,7,heavy,1.0,9.117846488952637,2,3,degraded,nan,nan,nan,8.98462880165869,37.67158126831055,42.48676681518555,nan,nan,-7.939627680749894,24.56724452972412,28.155444145202637
adaptive_shard_00020.pt:7,adaptive_shard_00020.pt,7,heavy,1.0,9.117846488952637,2,3,base,nan,nan,nan,16.924256482408584,13.104336738586426,14.33132266998291,nan,nan,0.0,0.0,0.0
adaptive_shard_00020.pt:7,adaptive_shard_00020.pt,7,heavy,1.0,9.117846488952637,2,3,v1,nan,nan,nan,16.875889431238186,13.332988739013672,14.844583511352539,nan,nan,-0.04836705117039841,0.2286520004272461,0.5132608413696289
adaptive_shard_00020.pt:7,adaptive_shard_00020.pt,7,heavy,1.0,9.117846488952637,2,3,v2,nan,nan,nan,16.677984679147507,13.251428604125977,14.582748413085938,nan,nan,-0.24627180326107734,0.14709186553955078,0.25142574310302734
adaptive_shard_00020.pt:44,adaptive_shard_00020.pt,44,clean,0.0,0.0,0,0,degraded,nan,nan,nan,105.39504712022591,9.834800720214844,9.834765434265137,nan,nan,82.28477769445983,-3.374044418334961,-3.2720680236816406
adaptive_shard_00020.pt:44,adaptive_shard_00020.pt,44,clean,0.0,0.0,0,0,base,nan,nan,nan,23.110269425766074,13.208845138549805,13.106833457946777,nan,nan,0.0,0.0,0.0
adaptive_shard_00020.pt:44,adaptive_shard_00020.pt,44,clean,0.0,0.0,0,0,v1,nan,nan,nan,23.07003135607261,7.3980393409729,6.6310648918151855,nan,nan,-0.04023806969346211,-5.810805797576904,-6.475768566131592
adaptive_shard_00020.pt:44,adaptive_shard_00020.pt,44,clean,0.0,0.0,0,0,v2,nan,nan,nan,22.828094893323517,7.5106072425842285,7.026303768157959,nan,nan,-0.2821745324425571,-5.698237895965576,-6.080529689788818
adaptive_shard_00020.pt:45,adaptive_shard_00020.pt,45,light,0.0,0.0,1,2,degraded,nan,nan,nan,31.24815291122401,19.955339431762695,21.19287872314453,nan,nan,8.635943796083563,6.197420120239258,6.737143516540527
adaptive_shard_00020.pt:45,adaptive_shard_00020.pt,45,light,0.0,0.0,1,2,base,nan,nan,nan,22.61220911514045,13.757919311523438,14.455735206604004,nan,nan,0.0,0.0,0.0
adaptive_shard_00020.pt:45,adaptive_shard_00020.pt,45,light,0.0,0.0,1,2,v1,nan,nan,nan,22.80991929308593,9.31416130065918,9.309294700622559,nan,nan,0.1977101779454813,-4.443758010864258,-5.146440505981445
adaptive_shard_00020.pt:45,adaptive_shard_00020.pt,45,light,0.0,0.0,1,2,v2,nan,nan,nan,22.431269146517895,11.056889533996582,13.190410614013672,nan,nan,-0.18093996862255324,-2.7010297775268555,-1.265324592590332
adaptive_shard_00020.pt:46,adaptive_shard_00020.pt,46,medium,1.0,21.20805549621582,2,2,degraded,nan,nan,nan,19.913200622996918,35.033878326416016,39.334964752197266,nan,nan,-1.9850259316821166,23.41852378845215,27.478238105773926
adaptive_shard_00020.pt:46,adaptive_shard_00020.pt,46,medium,1.0,21.20805549621582,2,2,base,nan,nan,nan,21.898226554679034,11.615354537963867,11.85672664642334,nan,nan,0.0,0.0,0.0
adaptive_shard_00020.pt:46,adaptive_shard_00020.pt,46,medium,1.0,21.20805549621582,2,2,v1,nan,nan,nan,22.348316931490153,11.260385513305664,11.578218460083008,nan,nan,0.45009037681111863,-0.3549690246582031,-0.27850818634033203
adaptive_shard_00020.pt:46,adaptive_shard_00020.pt,46,medium,1.0,21.20805549621582,2,2,v2,nan,nan,nan,21.85766194788846,11.282003402709961,11.921402931213379,nan,nan,-0.04056460679057494,-0.33335113525390625,0.06467628479003906
adaptive_shard_00020.pt:47,adaptive_shard_00020.pt,47,heavy,1.0,6.963859558105469,2,3,degraded,nan,nan,nan,6.80703218959869,47.81853103637695,53.117431640625,nan,nan,-10.571515834688203,34.396217346191406,39.06889533996582
adaptive_shard_00020.pt:47,adaptive_shard_00020.pt,47,heavy,1.0,6.963859558105469,2,3,base,nan,nan,nan,17.378548024286893,13.422313690185547,14.04853630065918,nan,nan,0.0,0.0,0.0
adaptive_shard_00020.pt:47,adaptive_shard_00020.pt,47,heavy,1.0,6.963859558105469,2,3,v1,nan,nan,nan,17.37069241184655,12.285737991333008,12.903790473937988,nan,nan,-0.007855612440341275,-1.136575698852539,-1.1447458267211914
adaptive_shard_00020.pt:47,adaptive_shard_00020.pt,47,heavy,1.0,6.963859558105469,2,3,v2,nan,nan,nan,17.331126215651235,12.432766914367676,12.913362503051758,nan,nan,-0.047421808635657925,-0.9895467758178711,-1.1351737976074219
adaptive_shard_00020.pt:48,adaptive_shard_00020.pt,48,clean,0.0,0.0,0,0,degraded,nan,nan,nan,103.7101477495773,5.500640392303467,5.500683307647705,nan,nan,82.808542374716,-6.649562358856201,-7.288737773895264
adaptive_shard_00020.pt:48,adaptive_shard_00020.pt,48,clean,0.0,0.0,0,0,base,nan,nan,nan,20.901605374861308,12.150202751159668,12.789421081542969,nan,nan,0.0,0.0,0.0
adaptive_shard_00020.pt:48,adaptive_shard_00020.pt,48,clean,0.0,0.0,0,0,v1,nan,nan,nan,20.741413673177856,6.142175674438477,5.946753025054932,nan,nan,-0.16019170168345198,-6.008027076721191,-6.842668056488037
adaptive_shard_00020.pt:48,adaptive_shard_00020.pt,48,clean,0.0,0.0,0,0,v2,nan,nan,nan,20.727966009975745,7.193068981170654,7.149027347564697,nan,nan,-0.1736393648855632,-4.957133769989014,-5.6403937339782715
adaptive_shard_00020.pt:49,adaptive_shard_00020.pt,49,light,0.0,0.0,1,1,degraded,nan,nan,nan,29.965141894936224,11.530933380126953,13.006023406982422,nan,nan,9.03015389650048,-3.781998634338379,-6.001176834106445
adaptive_shard_00020.pt:49,adaptive_shard_00020.pt,49,light,0.0,0.0,1,1,base,nan,nan,nan,20.934987998435744,15.312932014465332,19.007200241088867,nan,nan,0.0,0.0,0.0
adaptive_shard_00020.pt:49,adaptive_shard_00020.pt,49,light,0.0,0.0,1,1,v1,nan,nan,nan,20.77521013883794,9.882172584533691,11.843106269836426,nan,nan,-0.15977785959780277,-5.430759429931641,-7.164093971252441
adaptive_shard_00020.pt:49,adaptive_shard_00020.pt,49,light,0.0,0.0,1,1,v2,nan,nan,nan,20.75467581354679,13.202149391174316,17.650848388671875,nan,nan,-0.18031218488895462,-2.1107826232910156,-1.3563518524169922
adaptive_shard_00020.pt:50,adaptive_shard_00020.pt,50,medium,1.0,18.9556941986084,2,2,degraded,nan,nan,nan,17.971575550134602,32.142574310302734,36.40190124511719,nan,nan,-2.8995848754085713,19.38687229156494,23.221640586853027
adaptive_shard_00020.pt:50,adaptive_shard_00020.pt,50,medium,1.0,18.9556941986084,2,2,base,nan,nan,nan,20.871160425543174,12.755702018737793,13.18026065826416,nan,nan,0.0,0.0,0.0
adaptive_shard_00020.pt:50,adaptive_shard_00020.pt,50,medium,1.0,18.9556941986084,2,2,v1,nan,nan,nan,21.000383154087633,13.047158241271973,13.447125434875488,nan,nan,0.12922272854445893,0.2914562225341797,0.2668647766113281
adaptive_shard_00020.pt:50,adaptive_shard_00020.pt,50,medium,1.0,18.9556941986084,2,2,v2,nan,nan,nan,20.70542002112447,12.93487548828125,13.427688598632812,nan,nan,-0.16574040441870252,0.17917346954345703,0.24742794036865234
adaptive_shard_00020.pt:51,adaptive_shard_00020.pt,51,heavy,1.0,6.4717631340026855,2,3,degraded,nan,nan,nan,6.355712747733074,42.99953842163086,48.06708908081055,nan,nan,-10.236411454018294,28.725732803344727,34.44066524505615
adaptive_shard_00020.pt:51,adaptive_shard_00020.pt,51,heavy,1.0,6.4717631340026855,2,3,base,nan,nan,nan,16.592124201751368,14.273805618286133,13.626423835754395,nan,nan,0.0,0.0,0.0
adaptive_shard_00020.pt:51,adaptive_shard_00020.pt,51,heavy,1.0,6.4717631340026855,2,3,v1,nan,nan,nan,16.55846945849273,14.162447929382324,13.390262603759766,nan,nan,-0.033654743258637154,-0.1113576889038086,-0.2361612319946289
adaptive_shard_00020.pt:51,adaptive_shard_00020.pt,51,heavy,1.0,6.4717631340026855,2,3,v2,nan,nan,nan,16.513425706275626,14.194720268249512,13.493608474731445,nan,nan,-0.07869849547574148,-0.0790853500366211,-0.13281536102294922
